HARD_DROP_OVERLAP_DIAG [
  {
    "seed": 9,
    "visibleOnly": false,
    "shadow": [
      [
        5.836129032258064,
        8.951048739387893
      ],
      [
        6.836129032258064,
        9.951048739387893
      ],
      [
        4.836129032258064,
        9.951048739387893
      ]
    ],
    "afterDrop": {
      "seed": 9,
      "visibleOnly": false,
      "step": -1,
      "state": "RESOLVING",
      "phase": "SETTLE",
      "balls": [
        {
          "id": 1,
          "l": [
            6,
            9
          ],
          "v": [
            5.836129032258064,
            8.951048739387893
          ],
          "vy": 5,
          "speed": 5,
          "sq": 0,
          "vis": {
            "x": 5.836129032258064,
            "y": 8.951048739387893,
            "vy": 5,
            "sq": 0,
            "motionSpeed": 5,
            "justReleased": true
          },
          "path": {
            "from": [
              5.836129032258064,
              8.951048739387893
            ],
            "to": [
              6,
              9
            ],
            "kind": "GROUP_SLOPE_TRANSLATE",
            "pivot": null,
            "pileFlow": false
          },
          "pathN": 1,
          "gid": 1,
          "size": 3,
          "role": 0,
          "rigid": true,
          "hold": null,
          "rest": null,
          "nearest": {
            "d": 1.9978722199000092,
            "ball": {
              "id": 3000542,
              "l": [
                4,
                11
              ],
              "v": [
                4,
                11
              ],
              "vy": 0,
              "speed": 0,
              "sq": 0,
              "vis": {
                "x": 4,
                "y": 11,
                "vy": 0,
                "sq": 0,
                "motionSpeed": 0
              },
              "path": null,
              "pathN": 0,
              "gid": 0,
              "size": 0,
              "role": -1,
              "rigid": false,
              "hold": null,
              "rest": null
            }
          }
        },
        {
          "id": 2,
          "l": [
            7,
            10
          ],
          "v": [
            6.836129032258064,
            9.951048739387893
          ],
          "vy": 5,
          "speed": 5,
          "sq": 0,
          "vis": {
            "x": 6.836129032258064,
            "y": 9.951048739387893,
            "vy": 5,
            "sq": 0,
            "motionSpeed": 5,
            "justReleased": true
          },
          "path": {
            "from": [
              6.836129032258064,
              9.951048739387893
            ],
            "to": [
              7,
              10
            ],
            "kind": "GROUP_SLOPE_TRANSLATE",
            "pivot": null,
            "pileFlow": false
          },
          "pathN": 1,
          "gid": 1,
          "size": 3,
          "role": 1,
          "rigid": true,
          "hold": null,
          "rest": null,
          "nearest": {
            "d": 1.078829443305536,
            "ball": {
              "id": 3000541,
              "l": [
                8,
                11
              ],
              "v": [
                8,
                11
              ],
              "vy": 0,
              "speed": 0,
              "sq": 0,
              "vis": {
                "x": 8,
                "y": 11,
                "vy": 0,
                "sq": 0,
                "motionSpeed": 0
              },
              "path": null,
              "pathN": 0,
              "gid": 0,
              "size": 0,
              "role": -1,
              "rigid": false,
              "hold": null,
              "rest": null
            }
          }
        },
        {
          "id": 3,
          "l": [
            5,
            10
          ],
          "v": [
            4.836129032258064,
            9.951048739387893
          ],
          "vy": 5,
          "speed": 5,
          "sq": 0,
          "vis": {
            "x": 4.836129032258064,
            "y": 9.951048739387893,
            "vy": 5,
            "sq": 0,
            "motionSpeed": 5,
            "justReleased": true
          },
          "path": {
            "from": [
              4.836129032258064,
              9.951048739387893
            ],
            "to": [
              5,
              10
            ],
            "kind": "GROUP_SLOPE_TRANSLATE",
            "pivot": null,
            "pileFlow": false
          },
          "pathN": 1,
          "gid": 1,
          "size": 3,
          "role": 2,
          "rigid": true,
          "hold": null,
          "rest": null,
          "nearest": {
            "d": 1.000000999999999,
            "ball": {
              "id": 3000542,
              "l": [
                4,
                11
              ],
              "v": [
                4,
                11
              ],
              "vy": 0,
              "speed": 0,
              "sq": 0,
              "vis": {
                "x": 4,
                "y": 11,
                "vy": 0,
                "sq": 0,
                "motionSpeed": 0
              },
              "path": null,
              "pathN": 0,
              "gid": 0,
              "size": 0,
              "role": -1,
              "rigid": false,
              "hold": null,
              "rest": null
            }
          }
        }
      ],
      "pairs": [
        {
          "a": 1,
          "b": 2,
          "d": 1
        },
        {
          "a": 1,
          "b": 3,
          "d": 1
        },
        {
          "a": 2,
          "b": 3,
          "d": 1
        }
      ]
    }
  },
  {
    "seed": 9,
    "visibleOnly": false,
    "step": 0,
    "state": "RESOLVING",
    "phase": "SETTLE",
    "balls": [
      {
        "id": 1,
        "l": [
          6,
          9
        ],
        "v": [
          5.172879900877107,
          8.8903781674906
        ],
        "vy": 3.627598728468439,
        "speed": 6.283185307179586,
        "sq": 0,
        "vis": {
          "x": 5.172879900877107,
          "y": 8.8903781674906,
          "vy": 3.627598728468439,
          "sq": 0,
          "motionSpeed": 6.283185307179586,
          "justReleased": false
        },
        "path": {
          "from": [
            5.836129032258064,
            8.951048739387893
          ],
          "to": [
            6,
            9
          ],
          "kind": "GROUP_SLOPE_TRANSLATE",
          "pivot": null,
          "pileFlow": false
        },
        "pathN": 1,
        "gid": 1,
        "size": 3,
        "role": 0,
        "rigid": true,
        "hold": null,
        "rest": null,
        "nearest": {
          "d": 1.918799109500683,
          "ball": {
            "id": 3000542,
            "l": [
              4,
              11
            ],
            "v": [
              4,
              11
            ],
            "vy": 0,
            "speed": 0,
            "sq": 0,
            "vis": {
              "x": 4,
              "y": 11,
              "vy": 0,
              "sq": 0,
              "motionSpeed": 0
            },
            "path": null,
            "pathN": 0,
            "gid": 0,
            "size": 0,
            "role": -1,
            "rigid": false,
            "hold": null,
            "rest": null
          }
        }
      },
      {
        "id": 2,
        "l": [
          7,
          10
        ],
        "v": [
          6.105792043255426,
          9.951107198163674
        ],
        "vy": 3.627598728468434,
        "speed": 6.283185307179586,
        "sq": 0,
        "vis": {
          "x": 6.105792043255426,
          "y": 9.951107198163674,
          "vy": 3.627598728468434,
          "sq": 0,
          "motionSpeed": 6.283185307179586,
          "justReleased": false
        },
        "path": {
          "from": [
            6.836129032258064,
            9.951048739387893
          ],
          "to": [
            7,
            10
          ],
          "kind": "GROUP_SLOPE_TRANSLATE",
          "pivot": null,
          "pileFlow": false
        },
        "pathN": 1,
        "gid": 1,
        "size": 3,
        "role": 1,
        "rigid": true,
        "hold": null,
        "rest": null,
        "nearest": {
          "d": 1.312302567305519,
          "ball": {
            "id": 3000541,
            "l": [
              8,
              11
            ],
            "v": [
              8,
              11
            ],
            "vy": 0,
            "speed": 0,
            "sq": 0,
            "vis": {
              "x": 8,
              "y": 11,
              "vy": 0,
              "sq": 0,
              "motionSpeed": 0
            },
            "path": null,
            "pathN": 0,
            "gid": 0,
            "size": 0,
            "role": -1,
            "rigid": false,
            "hold": null,
            "rest": null
          }
        }
      },
      {
        "id": 3,
        "l": [
          5,
          10
        ],
        "v": [
          4.049330703569214,
          9.845650764052925
        ],
        "vy": 3.627598728468434,
        "speed": 6.283185307179586,
        "sq": 0,
        "vis": {
          "x": 4.049330703569214,
          "y": 9.845650764052925,
          "vy": 3.627598728468434,
          "sq": 0,
          "motionSpeed": 6.283185307179586,
          "justReleased": false
        },
        "path": {
          "from": [
            4.836129032258064,
            9.951048739387893
          ],
          "to": [
            5,
            10
          ],
          "kind": "GROUP_SLOPE_TRANSLATE",
          "pivot": null,
          "pileFlow": false
        },
        "pathN": 1,
        "gid": 1,
        "size": 3,
        "role": 2,
        "rigid": true,
        "hold": null,
        "rest": null,
        "nearest": {
          "d": 0.9999999992386776,
          "ball": {
            "id": 3000542,
            "l": [
              4,
              11
            ],
            "v": [
              4,
              11
            ],
            "vy": 0,
            "speed": 0,
            "sq": 0,
            "vis": {
              "x": 4,
              "y": 11,
              "vy": 0,
              "sq": 0,
              "motionSpeed": 0
            },
            "path": null,
            "pathN": 0,
            "gid": 0,
            "size": 0,
            "role": -1,
            "rigid": false,
            "hold": null,
            "rest": null
          }
        }
      }
    ],
    "pairs": [
      {
        "a": 1,
        "b": 2,
        "d": 1.0302625023428287
      },
      {
        "a": 1,
        "b": 3,
        "d": 0.9999999999999993
      },
      {
        "a": 2,
        "b": 3,
        "d": 1.032278598551534
      }
    ]
  },
  {
    "seed": 9,
    "visibleOnly": false,
    "step": 1,
    "state": "RESOLVING",
    "phase": "SETTLE",
    "balls": [
      {
        "id": 1,
        "l": [
          6,
          9
        ],
        "v": [
          5.234276418002613,
          8.866287155127495
        ],
        "vy": 3.627598728468439,
        "speed": 6.283185307179586,
        "sq": 0,
        "vis": {
          "x": 5.234276418002613,
          "y": 8.866287155127495,
          "vy": 3.627598728468439,
          "sq": 0,
          "motionSpeed": 6.283185307179586,
          "justReleased": false
        },
        "path": {
          "from": [
            5.836129032258064,
            8.951048739387893
          ],
          "to": [
            6,
            9
          ],
          "kind": "GROUP_SLOPE_TRANSLATE",
          "pivot": null,
          "pileFlow": false
        },
        "pathN": 1,
        "gid": 1,
        "size": 3,
        "role": 0,
        "rigid": true,
        "hold": null,
        "rest": null,
        "nearest": {
          "d": 1.9481805479189498,
          "ball": {
            "id": 3000542,
            "l": [
              4,
              11
            ],
            "v": [
              4,
              11
            ],
            "vy": 0,
            "speed": 0,
            "sq": 0,
            "vis": {
              "x": 4,
              "y": 11,
              "vy": 0,
              "sq": 0,
              "motionSpeed": 0
            },
            "path": null,
            "pathN": 0,
            "gid": 0,
            "size": 0,
            "role": -1,
            "rigid": false,
            "hold": null,
            "rest": null
          }
        }
      },
      {
        "id": 2,
        "l": [
          7,
          10
        ],
        "v": [
          6.209056926535307,
          9.951107198163674
        ],
        "vy": 3.627598728468434,
        "speed": 6.283185307179586,
        "sq": 0,
        "vis": {
          "x": 6.209056926535307,
          "y": 9.951107198163674,
          "vy": 3.627598728468434,
          "sq": 0,
          "motionSpeed": 6.283185307179586,
          "justReleased": false
        },
        "path": {
          "from": [
            6.836129032258064,
            9.951048739387893
          ],
          "to": [
            7,
            10
          ],
          "kind": "GROUP_SLOPE_TRANSLATE",
          "pivot": null,
          "pileFlow": false
        },
        "pathN": 1,
        "gid": 1,
        "size": 3,
        "role": 1,
        "rigid": true,
        "hold": null,
        "rest": null,
        "nearest": {
          "d": 1.2755396330204065,
          "ball": {
            "id": 3000541,
            "l": [
              8,
              11
            ],
            "v": [
              8,
              11
            ],
            "vy": 0,
            "speed": 0,
            "sq": 0,
            "vis": {
              "x": 8,
              "y": 11,
              "vy": 0,
              "sq": 0,
              "motionSpeed": 0
            },
            "path": null,
            "pathN": 0,
            "gid": 0,
            "size": 0,
            "role": -1,
            "rigid": false,
            "hold": null,
            "rest": null
          }
        }
      },
      {
        "id": 3,
        "l": [
          5,
          10
        ],
        "v": [
          4.188113498518396,
          9.850418436752577
        ],
        "vy": 3.627598728468434,
        "speed": 6.283185307179586,
        "sq": 0,
        "vis": {
          "x": 4.188113498518396,
          "y": 9.850418436752577,
          "vy": 3.627598728468434,
          "sq": 0,
          "motionSpeed": 6.283185307179586,
          "justReleased": false
        },
        "path": {
          "from": [
            4.836129032258064,
            9.951048739387893
          ],
          "to": [
            5,
            10
          ],
          "kind": "GROUP_SLOPE_TRANSLATE",
          "pivot": null,
          "pileFlow": false
        },
        "pathN": 1,
        "gid": 1,
        "size": 3,
        "role": 2,
        "rigid": true,
        "hold": null,
        "rest": null,
        "nearest": {
          "d": 0.9999999999999999,
          "ball": {
            "id": 3000542,
            "l": [
              4,
              11
            ],
            "v": [
              4,
              11
            ],
            "vy": 0,
            "speed": 0,
            "sq": 0,
            "vis": {
              "x": 4,
              "y": 11,
              "vy": 0,
              "sq": 0,
              "motionSpeed": 0
            },
            "path": null,
            "pathN": 0,
            "gid": 0,
            "size": 0,
            "role": -1,
            "rigid": false,
            "hold": null,
            "rest": null
          }
        }
      }
    ],
    "pairs": [
      {
        "a": 1,
        "b": 2,
        "d": 1.0583832738113248
      },
      {
        "a": 1,
        "b": 3,
        "d": 0.9999999990653526
      },
      {
        "a": 2,
        "b": 3,
        "d": 1.0142271712082362
      }
    ]
  },
  {
    "seed": 9,
    "visibleOnly": false,
    "step": 2,
    "state": "RESOLVING",
    "phase": "SETTLE",
    "balls": [
      {
        "id": 1,
        "l": [
          6,
          9
        ],
        "v": [
          5.317379992598716,
          8.86181137220004
        ],
        "vy": 3.627598728468439,
        "speed": 6.283185307179586,
        "sq": 0,
        "vis": {
          "x": 5.317379992598716,
          "y": 8.86181137220004,
          "vy": 3.627598728468439,
          "sq": 0,
          "motionSpeed": 6.283185307179586,
          "justReleased": false
        },
        "path": {
          "from": [
            5.836129032258064,
            8.951048739387893
          ],
          "to": [
            6,
            9
          ],
          "kind": "GROUP_SLOPE_TRANSLATE",
          "pivot": null,
          "pileFlow": false
        },
        "pathN": 1,
        "gid": 1,
        "size": 3,
        "role": 0,
        "rigid": true,
        "hold": null,
        "rest": null,
        "nearest": {
          "d": 1.965390665304142,
          "ball": {
            "id": 3000542,
            "l": [
              4,
              11
            ],
            "v": [
              4,
              11
            ],
            "vy": 0,
            "speed": 0,
            "sq": 0,
            "vis": {
              "x": 4,
              "y": 11,
              "vy": 0,
              "sq": 0,
              "motionSpeed": 0
            },
            "path": null,
            "pathN": 0,
            "gid": 0,
            "size": 0,
            "role": -1,
            "rigid": false,
            "hold": null,
            "rest": null
          }
        }
      },
      {
        "id": 2,
        "l": [
          7,
          10
        ],
        "v": [
          6.3128689300804615,
          9.951107198163674
        ],
        "vy": 3.627598728468434,
        "speed": 6.283185307179586,
        "sq": 0,
        "vis": {
          "x": 6.3128689300804615,
          "y": 9.951107198163674,
          "vy": 3.627598728468434,
          "sq": 0,
          "motionSpeed": 6.283185307179586,
          "justReleased": false
        },
        "path": {
          "from": [
            6.836129032258064,
            9.951048739387893
          ],
          "to": [
            7,
            10
          ],
          "kind": "GROUP_SLOPE_TRANSLATE",
          "pivot": null,
          "pileFlow": false
        },
        "pathN": 1,
        "gid": 1,
        "size": 3,
        "role": 1,
        "rigid": true,
        "hold": null,
        "rest": null,
        "nearest": {
          "d": 1.2396511178876115,
          "ball": {
            "id": 3000541,
            "l": [
              8,
              11
            ],
            "v": [
              8,
              11
            ],
            "vy": 0,
            "speed": 0,
            "sq": 0,
            "vis": {
              "x": 8,
              "y": 11,
              "vy": 0,
              "sq": 0,
              "motionSpeed": 0
            },
            "path": null,
            "pathN": 0,
            "gid": 0,
            "size": 0,
            "role": -1,
            "rigid": false,
            "hold": null,
            "rest": null
          }
        }
      },
      {
        "id": 3,
        "l": [
          5,
          10
        ],
        "v": [
          4.309656289732506,
          9.859223513473916
        ],
        "vy": 3.627598728468434,
        "speed": 6.283185307179586,
        "sq": 0,
        "vis": {
          "x": 4.309656289732506,
          "y": 9.859223513473916,
          "vy": 3.627598728468434,
          "sq": 0,
          "motionSpeed": 6.283185307179586,
          "justReleased": false
        },
        "path": {
          "from": [
            4.836129032258064,
            9.951048739387893
          ],
          "to": [
            5,
            10
          ],
          "kind": "GROUP_SLOPE_TRANSLATE",
          "pivot": null,
          "pileFlow": false
        },
        "pathN": 1,
        "gid": 1,
        "size": 3,
        "role": 2,
        "rigid": true,
        "hold": null,
        "rest": null,
        "nearest": {
          "d": 0.9999999993004116,
          "ball": {
            "id": 3000542,
            "l": [
              4,
              11
            ],
            "v": [
              4,
              11
            ],
            "vy": 0,
            "speed": 0,
            "sq": 0,
            "vis": {
              "x": 4,
              "y": 11,
              "vy": 0,
              "sq": 0,
              "motionSpeed": 0
            },
            "path": null,
            "pathN": 0,
            "gid": 0,
            "size": 0,
            "role": -1,
            "rigid": false,
            "hold": null,
            "rest": null
          }
        }
      }
    ],
    "pairs": [
      {
        "a": 1,
        "b": 2,
        "d": 1.0666178338601329
      },
      {
        "a": 1,
        "b": 3,
        "d": 1.0000000000000007
      },
      {
        "a": 2,
        "b": 3,
        "d": 1.004762250110235
      }
    ]
  },
  {
    "seed": 9,
    "visibleOnly": false,
    "step": 3,
    "state": "RESOLVING",
    "phase": "SETTLE",
    "balls": [
      {
        "id": 1,
        "l": [
          6,
          9
        ],
        "v": [
          5.415823381635519,
          8.870532438818302
        ],
        "vy": 3.627598728468439,
        "speed": 6.283185307179586,
        "sq": 0,
        "vis": {
          "x": 5.415823381635519,
          "y": 8.870532438818302,
          "vy": 3.627598728468439,
          "sq": 0,
          "motionSpeed": 6.283185307179586,
          "justReleased": false
        },
        "path": {
          "from": [
            5.836129032258064,
            8.951048739387893
          ],
          "to": [
            6,
            9
          ],
          "kind": "GROUP_SLOPE_TRANSLATE",
          "pivot": null,
          "pileFlow": false
        },
        "pathN": 1,
        "gid": 1,
        "size": 3,
        "role": 0,
        "rigid": true,
        "hold": null,
        "rest": null,
        "nearest": {
          "d": 1.975376681190275,
          "ball": {
            "id": 3000542,
            "l": [
              4,
              11
            ],
            "v": [
              4,
              11
            ],
            "vy": 0,
            "speed": 0,
            "sq": 0,
            "vis": {
              "x": 4,
              "y": 11,
              "vy": 0,
              "sq": 0,
              "motionSpeed": 0
            },
            "path": null,
            "pathN": 0,
            "gid": 0,
            "size": 0,
            "role": -1,
            "rigid": false,
            "hold": null,
            "rest": null
          }
        }
      },
      {
        "id": 2,
        "l": [
          7,
          10
        ],
        "v": [
          6.415823381635518,
          9.951107198163674
        ],
        "vy": 3.627598728468434,
        "speed": 6.283185307179586,
        "sq": 0,
        "vis": {
          "x": 6.415823381635518,
          "y": 9.951107198163674,
          "vy": 3.627598728468434,
          "sq": 0,
          "motionSpeed": 6.283185307179586,
          "justReleased": false
        },
        "path": {
          "from": [
            6.836129032258064,
            9.951048739387893
          ],
          "to": [
            7,
            10
          ],
          "kind": "GROUP_SLOPE_TRANSLATE",
          "pivot": null,
          "pileFlow": false
        },
        "pathN": 1,
        "gid": 1,
        "size": 3,
        "role": 1,
        "rigid": true,
        "hold": null,
        "rest": null,
        "nearest": {
          "d": 1.2052120028655642,
          "ball": {
            "id": 3000541,
            "l": [
              8,
              11
            ],
            "v": [
              8,
              11
            ],
            "vy": 0,
            "speed": 0,
            "sq": 0,
            "vis": {
              "x": 8,
              "y": 11,
              "vy": 0,
              "sq": 0,
              "motionSpeed": 0
            },
            "path": null,
            "pathN": 0,
            "gid": 0,
            "size": 0,
            "role": -1,
            "rigid": false,
            "hold": null,
            "rest": null
          }
        }
      },
      {
        "id": 3,
        "l": [
          5,
          10
        ],
        "v": [
          4.415823381635518,
          9.870532438818302
        ],
        "vy": 3.627598728468434,
        "speed": 6.283185307179586,
        "sq": 0,
        "vis": {
          "x": 4.415823381635518,
          "y": 9.870532438818302,
          "vy": 3.627598728468434,
          "sq": 0,
          "motionSpeed": 6.283185307179586,
          "justReleased": false
        },
        "path": {
          "from": [
            4.836129032258064,
            9.951048739387893
          ],
          "to": [
            5,
            10
          ],
          "kind": "GROUP_SLOPE_TRANSLATE",
          "pivot": null,
          "pileFlow": false
        },
        "pathN": 1,
        "gid": 1,
        "size": 3,
        "role": 2,
        "rigid": true,
        "hold": null,
        "rest": null,
        "nearest": {
          "d": 0.9999999999999998,
          "ball": {
            "id": 3000542,
            "l": [
              4,
              11
            ],
            "v": [
              4,
              11
            ],
            "vy": 0,
            "speed": 0,
            "sq": 0,
            "vis": {
              "x": 4,
              "y": 11,
              "vy": 0,
              "sq": 0,
              "motionSpeed": 0
            },
            "path": null,
            "pathN": 0,
            "gid": 0,
            "size": 0,
            "role": -1,
            "rigid": false,
            "hold": null,
            "rest": null
          }
        }
      }
    ],
    "pairs": [
      {
        "a": 1,
        "b": 2,
        "d": 1.0610048811861008
      },
      {
        "a": 1,
        "b": 3,
        "d": 1
      },
      {
        "a": 2,
        "b": 3,
        "d": 1.0024316529732455
      }
    ]
  },
  {
    "seed": 9,
    "visibleOnly": false,
    "step": 4,
    "state": "RESOLVING",
    "phase": "SETTLE",
    "balls": [
      {
        "id": 1,
        "l": [
          6,
          9
        ],
        "v": [
          5.5176380902050415,
          8.884644928349589
        ],
        "vy": 3.627598728468439,
        "speed": 6.283185307179586,
        "sq": 0,
        "vis": {
          "x": 5.5176380902050415,
          "y": 8.884644928349589,
          "vy": 3.627598728468439,
          "sq": 0,
          "motionSpeed": 6.283185307179586,
          "justReleased": false
        },
        "path": {
          "from": [
            5.836129032258064,
            8.951048739387893
          ],
          "to": [
            6,
            9
          ],
          "kind": "GROUP_SLOPE_TRANSLATE",
          "pivot": null,
          "pileFlow": false
        },
        "pathN": 1,
        "gid": 1,
        "size": 3,
        "role": 0,
        "rigid": true,
        "hold": null,
        "rest": null,
        "nearest": {
          "d": 1.9828897227476212,
          "ball": {
            "id": 3000542,
            "l": [
              4,
              11
            ],
            "v": [
              4,
              11
            ],
            "vy": 0,
            "speed": 0,
            "sq": 0,
            "vis": {
              "x": 4,
              "y": 11,
              "vy": 0,
              "sq": 0,
              "motionSpeed": 0
            },
            "path": null,
            "pathN": 0,
            "gid": 0,
            "size": 0,
            "role": -1,
            "rigid": false,
            "hold": null,
            "rest": null
          }
        }
      },
      {
        "id": 2,
        "l": [
          7,
          10
        ],
        "v": [
          6.517638090205041,
          9.951107198163674
        ],
        "vy": 3.627598728468434,
        "speed": 6.283185307179586,
        "sq": 0,
        "vis": {
          "x": 6.517638090205041,
          "y": 9.951107198163674,
          "vy": 3.627598728468434,
          "sq": 0,
          "motionSpeed": 6.283185307179586,
          "justReleased": false
        },
        "path": {
          "from": [
            6.836129032258064,
            9.951048739387893
          ],
          "to": [
            7,
            10
          ],
          "kind": "GROUP_SLOPE_TRANSLATE",
          "pivot": null,
          "pileFlow": false
        },
        "pathN": 1,
        "gid": 1,
        "size": 3,
        "role": 1,
        "rigid": true,
        "hold": null,
        "rest": null,
        "nearest": {
          "d": 1.1723827404950924,
          "ball": {
            "id": 3000541,
            "l": [
              8,
              11
            ],
            "v": [
              8,
              11
            ],
            "vy": 0,
            "speed": 0,
            "sq": 0,
            "vis": {
              "x": 8,
              "y": 11,
              "vy": 0,
              "sq": 0,
              "motionSpeed": 0
            },
            "path": null,
            "pathN": 0,
            "gid": 0,
            "size": 0,
            "role": -1,
            "rigid": false,
            "hold": null,
            "rest": null
          }
        }
      },
      {
        "id": 3,
        "l": [
          5,
          10
        ],
        "v": [
          4.517638090205041,
          9.88464492834959
        ],
        "vy": 3.627598728468434,
        "speed": 6.283185307179586,
        "sq": 0,
        "vis": {
          "x": 4.517638090205041,
          "y": 9.88464492834959,
          "vy": 3.627598728468434,
          "sq": 0,
          "motionSpeed": 6.283185307179586,
          "justReleased": false
        },
        "path": {
          "from": [
            4.836129032258064,
            9.951048739387893
          ],
          "to": [
            5,
            10
          ],
          "kind": "GROUP_SLOPE_TRANSLATE",
          "pivot": null,
          "pileFlow": false
        },
        "pathN": 1,
        "gid": 1,
        "size": 3,
        "role": 2,
        "rigid": true,
        "hold": null,
        "rest": null,
        "nearest": {
          "d": 0.9999999999999987,
          "ball": {
            "id": 3000542,
            "l": [
              4,
              11
            ],
            "v": [
              4,
              11
            ],
            "vy": 0,
            "speed": 0,
            "sq": 0,
            "vis": {
              "x": 4,
              "y": 11,
              "vy": 0,
              "sq": 0,
              "motionSpeed": 0
            },
            "path": null,
            "pathN": 0,
            "gid": 0,
            "size": 0,
            "role": -1,
            "rigid": false,
            "hold": null,
            "rest": null
          }
        }
      }
    ],
    "pairs": [
      {
        "a": 1,
        "b": 2,
        "d": 1.0502410817058898
      },
      {
        "a": 1,
        "b": 3,
        "d": 1.0000000000000016
      },
      {
        "a": 2,
        "b": 3,
        "d": 1.001655092824686
      }
    ]
  },
  {
    "seed": 3,
    "visibleOnly": true,
    "shadow": [
      [
        2.7393548387096773,
        8.855145991854574
      ],
      [
        3.7393548387096773,
        9.855145991854574
      ],
      [
        1.7393548387096776,
        9.855145991854574
      ]
    ],
    "afterDrop": {
      "seed": 3,
      "visibleOnly": true,
      "step": -1,
      "state": "RESOLVING",
      "phase": "SETTLE",
      "balls": [
        {
          "id": 1,
          "l": [
            2,
            9
          ],
          "v": [
            2.7393548387096773,
            8.855145991854574
          ],
          "vy": 5,
          "speed": 5,
          "sq": 0,
          "vis": {
            "x": 2.7393548387096773,
            "y": 8.855145991854574,
            "vy": 5,
            "sq": 0,
            "motionSpeed": 5,
            "justReleased": true
          },
          "path": {
            "from": [
              2.7393548387096773,
              8.855145991854574
            ],
            "to": [
              2,
              9
            ],
            "kind": "GROUP_SLOPE_TRANSLATE",
            "pivot": null,
            "pileFlow": false
          },
          "pathN": 1,
          "gid": 2,
          "size": 3,
          "role": 0,
          "rigid": true,
          "hold": null,
          "rest": null,
          "nearest": {
            "d": 1.961531440702468,
            "ball": {
              "id": 3000183,
              "l": [
                4,
                11
              ],
              "v": [
                4,
                11
              ],
              "vy": 0,
              "speed": 0,
              "sq": 0,
              "vis": {
                "x": 4,
                "y": 11,
                "vy": 0,
                "sq": 0,
                "motionSpeed": 0
              },
              "path": null,
              "pathN": 0,
              "gid": 0,
              "size": 0,
              "role": -1,
              "rigid": false,
              "hold": null,
              "rest": null
            }
          }
        },
        {
          "id": 2,
          "l": [
            3,
            10
          ],
          "v": [
            3.7393548387096773,
            9.855145991854574
          ],
          "vy": 5,
          "speed": 5,
          "sq": 0,
          "vis": {
            "x": 3.7393548387096773,
            "y": 9.855145991854574,
            "vy": 5,
            "sq": 0,
            "motionSpeed": 5,
            "justReleased": true
          },
          "path": {
            "from": [
              3.7393548387096773,
              9.855145991854574
            ],
            "to": [
              3,
              10
            ],
            "kind": "GROUP_SLOPE_TRANSLATE",
            "pivot": null,
            "pileFlow": false
          },
          "pathN": 1,
          "gid": 2,
          "size": 3,
          "role": 1,
          "rigid": true,
          "hold": null,
          "rest": null,
          "nearest": {
            "d": 1.0000010000000001,
            "ball": {
              "id": 3000183,
              "l": [
                4,
                11
              ],
              "v": [
                4,
                11
              ],
              "vy": 0,
              "speed": 0,
              "sq": 0,
              "vis": {
                "x": 4,
                "y": 11,
                "vy": 0,
                "sq": 0,
                "motionSpeed": 0
              },
              "path": null,
              "pathN": 0,
              "gid": 0,
              "size": 0,
              "role": -1,
              "rigid": false,
              "hold": null,
              "rest": null
            }
          }
        },
        {
          "id": 3,
          "l": [
            1,
            10
          ],
          "v": [
            1.7393548387096776,
            9.855145991854574
          ],
          "vy": 5,
          "speed": 5,
          "sq": 0,
          "vis": {
            "x": 1.7393548387096776,
            "y": 9.855145991854574,
            "vy": 5,
            "sq": 0,
            "motionSpeed": 5,
            "justReleased": true
          },
          "path": {
            "from": [
              1.7393548387096776,
              9.855145991854574
            ],
            "to": [
              1,
              10
            ],
            "kind": "GROUP_SLOPE_TRANSLATE",
            "pivot": null,
            "pileFlow": false
          },
          "pathN": 1,
          "gid": 2,
          "size": 3,
          "role": 2,
          "rigid": true,
          "hold": null,
          "rest": null,
          "nearest": {
            "d": 1.503544865074309,
            "ball": {
              "id": 3000183,
              "l": [
                4,
                11
              ],
              "v": [
                4,
                11
              ],
              "vy": 0,
              "speed": 0,
              "sq": 0,
              "vis": {
                "x": 4,
                "y": 11,
                "vy": 0,
                "sq": 0,
                "motionSpeed": 0
              },
              "path": null,
              "pathN": 0,
              "gid": 0,
              "size": 0,
              "role": -1,
              "rigid": false,
              "hold": null,
              "rest": null
            }
          }
        }
      ],
      "pairs": [
        {
          "a": 1,
          "b": 2,
          "d": 1
        },
        {
          "a": 1,
          "b": 3,
          "d": 0.9999999999999999
        },
        {
          "a": 2,
          "b": 3,
          "d": 0.9999999999999999
        }
      ]
    }
  },
  {
    "seed": 3,
    "visibleOnly": true,
    "step": 0,
    "state": "RESOLVING",
    "phase": "SETTLE",
    "balls": [
      {
        "id": 1,
        "l": [
          2,
          9
        ],
        "v": [
          2.8900348185050495,
          8.849899723692804
        ],
        "vy": 3.6275987284684397,
        "speed": 6.283185307179586,
        "sq": 0,
        "vis": {
          "x": 2.8900348185050495,
          "y": 8.849899723692804,
          "vy": 3.6275987284684397,
          "sq": 0,
          "motionSpeed": 6.283185307179586,
          "justReleased": false
        },
        "path": {
          "from": [
            2.7393548387096773,
            8.855145991854574
          ],
          "to": [
            2,
            9
          ],
          "kind": "GROUP_SLOPE_TRANSLATE",
          "pivot": null,
          "pileFlow": false
        },
        "pathN": 1,
        "gid": 2,
        "size": 3,
        "role": 0,
        "rigid": true,
        "hold": null,
        "rest": null,
        "nearest": {
          "d": 1.9429884391485683,
          "ball": {
            "id": 3000183,
            "l": [
              4,
              11
            ],
            "v": [
              4,
              11
            ],
            "vy": 0,
            "speed": 0,
            "sq": 0,
            "vis": {
              "x": 4,
              "y": 11,
              "vy": 0,
              "sq": 0,
              "motionSpeed": 0
            },
            "path": null,
            "pathN": 0,
            "gid": 0,
            "size": 0,
            "role": -1,
            "rigid": false,
            "hold": null,
            "rest": null
          }
        }
      },
      {
        "id": 2,
        "l": [
          3,
          10
        ],
        "v": [
          3.8993912751257227,
          9.84676138970238
        ],
        "vy": 3.6275987284684343,
        "speed": 6.283185307179586,
        "sq": 0,
        "vis": {
          "x": 3.8993912751257227,
          "y": 9.84676138970238,
          "vy": 3.6275987284684343,
          "sq": 0,
          "motionSpeed": 6.283185307179586,
          "justReleased": false
        },
        "path": {
          "from": [
            3.7393548387096773,
            9.855145991854574
          ],
          "to": [
            3,
            10
          ],
          "kind": "GROUP_SLOPE_TRANSLATE",
          "pivot": null,
          "pileFlow": false
        },
        "pathN": 1,
        "gid": 2,
        "size": 3,
        "role": 1,
        "rigid": true,
        "hold": null,
        "rest": null,
        "nearest": {
          "d": 0.9999999990455485,
          "ball": {
            "id": 3000183,
            "l": [
              4,
              11
            ],
            "v": [
              4,
              11
            ],
            "vy": 0,
            "speed": 0,
            "sq": 0,
            "vis": {
              "x": 4,
              "y": 11,
              "vy": 0,
              "sq": 0,
              "motionSpeed": 0
            },
            "path": null,
            "pathN": 0,
            "gid": 0,
            "size": 0,
            "role": -1,
            "rigid": false,
            "hold": null,
            "rest": null
          }
        }
      },
      {
        "id": 3,
        "l": [
          1,
          10
        ],
        "v": [
          1.8953280875141127,
          9.855145991854574
        ],
        "vy": 3.6275987284684343,
        "speed": 6.283185307179586,
        "sq": 0,
        "vis": {
          "x": 1.8953280875141127,
          "y": 9.855145991854574,
          "vy": 3.6275987284684343,
          "sq": 0,
          "motionSpeed": 6.283185307179586,
          "justReleased": false
        },
        "path": {
          "from": [
            1.7393548387096776,
            9.855145991854574
          ],
          "to": [
            1,
            10
          ],
          "kind": "GROUP_SLOPE_TRANSLATE",
          "pivot": null,
          "pileFlow": false
        },
        "pathN": 1,
        "gid": 2,
        "size": 3,
        "role": 2,
        "rigid": true,
        "hold": null,
        "rest": null,
        "nearest": {
          "d": 1.4458315910840849,
          "ball": {
            "id": 3000183,
            "l": [
              4,
              11
            ],
            "v": [
              4,
              11
            ],
            "vy": 0,
            "speed": 0,
            "sq": 0,
            "vis": {
              "x": 4,
              "y": 11,
              "vy": 0,
              "sq": 0,
              "motionSpeed": 0
            },
            "path": null,
            "pathN": 0,
            "gid": 0,
            "size": 0,
            "role": -1,
            "rigid": false,
            "hold": null,
            "rest": null
          }
        }
      }
    ],
    "pairs": [
      {
        "a": 1,
        "b": 2,
        "d": 1.0000000000000002
      },
      {
        "a": 1,
        "b": 3,
        "d": 1.0026217706141947
      },
      {
        "a": 2,
        "b": 3,
        "d": 1.002057903092401
      }
    ]
  },
  {
    "seed": 3,
    "visibleOnly": true,
    "step": 1,
    "state": "RESOLVING",
    "phase": "SETTLE",
    "balls": [
      {
        "id": 1,
        "l": [
          2,
          9
        ],
        "v": [
          2.7909430734646934,
          8.851625031988302
        ],
        "vy": 3.6275987284684397,
        "speed": 6.283185307179586,
        "sq": 0,
        "vis": {
          "x": 2.7909430734646934,
          "y": 8.851625031988302,
          "vy": 3.6275987284684397,
          "sq": 0,
          "motionSpeed": 6.283185307179586,
          "justReleased": false
        },
        "path": {
          "from": [
            2.7393548387096773,
            8.855145991854574
          ],
          "to": [
            2,
            9
          ],
          "kind": "GROUP_SLOPE_TRANSLATE",
          "pivot": null,
          "pileFlow": false
        },
        "pathN": 1,
        "gid": 2,
        "size": 3,
        "role": 0,
        "rigid": true,
        "hold": null,
        "rest": null,
        "nearest": {
          "d": 1.9562952014676103,
          "ball": {
            "id": 3000183,
            "l": [
              4,
              11
            ],
            "v": [
              4,
              11
            ],
            "vy": 0,
            "speed": 0,
            "sq": 0,
            "vis": {
              "x": 4,
              "y": 11,
              "vy": 0,
              "sq": 0,
              "motionSpeed": 0
            },
            "path": null,
            "pathN": 0,
            "gid": 0,
            "size": 0,
            "role": -1,
            "rigid": false,
            "hold": null,
            "rest": null
          }
        }
      },
      {
        "id": 2,
        "l": [
          3,
          10
        ],
        "v": [
          3.790943073464694,
          9.851625031988302
        ],
        "vy": 3.6275987284684343,
        "speed": 6.283185307179586,
        "sq": 0,
        "vis": {
          "x": 3.790943073464694,
          "y": 9.851625031988302,
          "vy": 3.6275987284684343,
          "sq": 0,
          "motionSpeed": 6.283185307179586,
          "justReleased": false
        },
        "path": {
          "from": [
            3.7393548387096773,
            9.855145991854574
          ],
          "to": [
            3,
            10
          ],
          "kind": "GROUP_SLOPE_TRANSLATE",
          "pivot": null,
          "pileFlow": false
        },
        "pathN": 1,
        "gid": 2,
        "size": 3,
        "role": 1,
        "rigid": true,
        "hold": null,
        "rest": null,
        "nearest": {
          "d": 0.9999999999999991,
          "ball": {
            "id": 3000183,
            "l": [
              4,
              11
            ],
            "v": [
              4,
              11
            ],
            "vy": 0,
            "speed": 0,
            "sq": 0,
            "vis": {
              "x": 4,
              "y": 11,
              "vy": 0,
              "sq": 0,
              "motionSpeed": 0
            },
            "path": null,
            "pathN": 0,
            "gid": 0,
            "size": 0,
            "role": -1,
            "rigid": false,
            "hold": null,
            "rest": null
          }
        }
      },
      {
        "id": 3,
        "l": [
          1,
          10
        ],
        "v": [
          1.7909430734646938,
          9.855145991854574
        ],
        "vy": 3.6275987284684343,
        "speed": 6.283185307179586,
        "sq": 0,
        "vis": {
          "x": 1.7909430734646938,
          "y": 9.855145991854574,
          "vy": 3.6275987284684343,
          "sq": 0,
          "motionSpeed": 6.283185307179586,
          "justReleased": false
        },
        "path": {
          "from": [
            1.7393548387096776,
            9.855145991854574
          ],
          "to": [
            1,
            10
          ],
          "kind": "GROUP_SLOPE_TRANSLATE",
          "pivot": null,
          "pileFlow": false
        },
        "pathN": 1,
        "gid": 2,
        "size": 3,
        "role": 2,
        "rigid": true,
        "hold": null,
        "rest": null,
        "nearest": {
          "d": 1.4842510404723954,
          "ball": {
            "id": 3000183,
            "l": [
              4,
              11
            ],
            "v": [
              4,
              11
            ],
            "vy": 0,
            "speed": 0,
            "sq": 0,
            "vis": {
              "x": 4,
              "y": 11,
              "vy": 0,
              "sq": 0,
              "motionSpeed": 0
            },
            "path": null,
            "pathN": 0,
            "gid": 0,
            "size": 0,
            "role": -1,
            "rigid": false,
            "hold": null,
            "rest": null
          }
        }
      }
    ],
    "pairs": [
      {
        "a": 1,
        "b": 2,
        "d": 1
      },
      {
        "a": 1,
        "b": 3,
        "d": 1.0026418790715816
      },
      {
        "a": 2,
        "b": 3,
        "d": 1.000004648923586
      }
    ]
  },
  {
    "seed": 3,
    "visibleOnly": true,
    "step": 2,
    "state": "RESOLVING",
    "phase": "SETTLE",
    "balls": [
      {
        "id": 1,
        "l": [
          2,
          9
        ],
        "v": [
          2.6871310699195385,
          8.859515741363884
        ],
        "vy": 3.6275987284684397,
        "speed": 6.283185307179586,
        "sq": 0,
        "vis": {
          "x": 2.6871310699195385,
          "y": 8.859515741363884,
          "vy": 3.6275987284684397,
          "sq": 0,
          "motionSpeed": 6.283185307179586,
          "justReleased": false
        },
        "path": {
          "from": [
            2.7393548387096773,
            8.855145991854574
          ],
          "to": [
            2,
            9
          ],
          "kind": "GROUP_SLOPE_TRANSLATE",
          "pivot": null,
          "pileFlow": false
        },
        "pathN": 1,
        "gid": 2,
        "size": 3,
        "role": 0,
        "rigid": true,
        "hold": null,
        "rest": null,
        "nearest": {
          "d": 1.9665098151279095,
          "ball": {
            "id": 3000183,
            "l": [
              4,
              11
            ],
            "v": [
              4,
              11
            ],
            "vy": 0,
            "speed": 0,
            "sq": 0,
            "vis": {
              "x": 4,
              "y": 11,
              "vy": 0,
              "sq": 0,
              "motionSpeed": 0
            },
            "path": null,
            "pathN": 0,
            "gid": 0,
            "size": 0,
            "role": -1,
            "rigid": false,
            "hold": null,
            "rest": null
          }
        }
      },
      {
        "id": 2,
        "l": [
          3,
          10
        ],
        "v": [
          3.687131069919539,
          9.859515741363884
        ],
        "vy": 3.6275987284684343,
        "speed": 6.283185307179586,
        "sq": 0,
        "vis": {
          "x": 3.687131069919539,
          "y": 9.859515741363884,
          "vy": 3.6275987284684343,
          "sq": 0,
          "motionSpeed": 6.283185307179586,
          "justReleased": false
        },
        "path": {
          "from": [
            3.7393548387096773,
            9.855145991854574
          ],
          "to": [
            3,
            10
          ],
          "kind": "GROUP_SLOPE_TRANSLATE",
          "pivot": null,
          "pileFlow": false
        },
        "pathN": 1,
        "gid": 2,
        "size": 3,
        "role": 1,
        "rigid": true,
        "hold": null,
        "rest": null,
        "nearest": {
          "d": 1.0000000000000007,
          "ball": {
            "id": 3000183,
            "l": [
              4,
              11
            ],
            "v": [
              4,
              11
            ],
            "vy": 0,
            "speed": 0,
            "sq": 0,
            "vis": {
              "x": 4,
              "y": 11,
              "vy": 0,
              "sq": 0,
              "motionSpeed": 0
            },
            "path": null,
            "pathN": 0,
            "gid": 0,
            "size": 0,
            "role": -1,
            "rigid": false,
            "hold": null,
            "rest": null
          }
        }
      },
      {
        "id": 3,
        "l": [
          1,
          10
        ],
        "v": [
          1.6871310699195388,
          9.859515741363884
        ],
        "vy": 3.6275987284684343,
        "speed": 6.283185307179586,
        "sq": 0,
        "vis": {
          "x": 1.6871310699195388,
          "y": 9.859515741363884,
          "vy": 3.6275987284684343,
          "sq": 0,
          "motionSpeed": 6.283185307179586,
          "justReleased": false
        },
        "path": {
          "from": [
            1.7393548387096776,
            9.855145991854574
          ],
          "to": [
            1,
            10
          ],
          "kind": "GROUP_SLOPE_TRANSLATE",
          "pivot": null,
          "pileFlow": false
        },
        "pathN": 1,
        "gid": 2,
        "size": 3,
        "role": 2,
        "rigid": true,
        "hold": null,
        "rest": null,
        "nearest": {
          "d": 1.5208119312000623,
          "ball": {
            "id": 3000183,
            "l": [
              4,
              11
            ],
            "v": [
              4,
              11
            ],
            "vy": 0,
            "speed": 0,
            "sq": 0,
            "vis": {
              "x": 4,
              "y": 11,
              "vy": 0,
              "sq": 0,
              "motionSpeed": 0
            },
            "path": null,
            "pathN": 0,
            "gid": 0,
            "size": 0,
            "role": -1,
            "rigid": false,
            "hold": null,
            "rest": null
          }
        }
      }
    ],
    "pairs": [
      {
        "a": 1,
        "b": 2,
        "d": 1
      },
      {
        "a": 1,
        "b": 3,
        "d": 0.9999999999999999
      },
      {
        "a": 2,
        "b": 3,
        "d": 1
      }
    ]
  },
  {
    "seed": 3,
    "visibleOnly": true,
    "step": 3,
    "state": "RESOLVING",
    "phase": "SETTLE",
    "balls": [
      {
        "id": 1,
        "l": [
          2,
          9
        ],
        "v": [
          2.584176618364481,
          8.870532438818302
        ],
        "vy": 3.6275987284684397,
        "speed": 6.283185307179586,
        "sq": 0,
        "vis": {
          "x": 2.584176618364481,
          "y": 8.870532438818302,
          "vy": 3.6275987284684397,
          "sq": 0,
          "motionSpeed": 6.283185307179586,
          "justReleased": false
        },
        "path": {
          "from": [
            2.7393548387096773,
            8.855145991854574
          ],
          "to": [
            2,
            9
          ],
          "kind": "GROUP_SLOPE_TRANSLATE",
          "pivot": null,
          "pileFlow": false
        },
        "pathN": 1,
        "gid": 2,
        "size": 3,
        "role": 0,
        "rigid": true,
        "hold": null,
        "rest": null,
        "nearest": {
          "d": 1.975376681190275,
          "ball": {
            "id": 3000183,
            "l": [
              4,
              11
            ],
            "v": [
              4,
              11
            ],
            "vy": 0,
            "speed": 0,
            "sq": 0,
            "vis": {
              "x": 4,
              "y": 11,
              "vy": 0,
              "sq": 0,
              "motionSpeed": 0
            },
            "path": null,
            "pathN": 0,
            "gid": 0,
            "size": 0,
            "role": -1,
            "rigid": false,
            "hold": null,
            "rest": null
          }
        }
      },
      {
        "id": 2,
        "l": [
          3,
          10
        ],
        "v": [
          3.584176618364482,
          9.870532438818302
        ],
        "vy": 3.6275987284684343,
        "speed": 6.283185307179586,
        "sq": 0,
        "vis": {
          "x": 3.584176618364482,
          "y": 9.870532438818302,
          "vy": 3.6275987284684343,
          "sq": 0,
          "motionSpeed": 6.283185307179586,
          "justReleased": false
        },
        "path": {
          "from": [
            3.7393548387096773,
            9.855145991854574
          ],
          "to": [
            3,
            10
          ],
          "kind": "GROUP_SLOPE_TRANSLATE",
          "pivot": null,
          "pileFlow": false
        },
        "pathN": 1,
        "gid": 2,
        "size": 3,
        "role": 1,
        "rigid": true,
        "hold": null,
        "rest": null,
        "nearest": {
          "d": 0.9999999999999998,
          "ball": {
            "id": 3000183,
            "l": [
              4,
              11
            ],
            "v": [
              4,
              11
            ],
            "vy": 0,
            "speed": 0,
            "sq": 0,
            "vis": {
              "x": 4,
              "y": 11,
              "vy": 0,
              "sq": 0,
              "motionSpeed": 0
            },
            "path": null,
            "pathN": 0,
            "gid": 0,
            "size": 0,
            "role": -1,
            "rigid": false,
            "hold": null,
            "rest": null
          }
        }
      },
      {
        "id": 3,
        "l": [
          1,
          10
        ],
        "v": [
          1.584176618364482,
          9.870532438818302
        ],
        "vy": 3.6275987284684343,
        "speed": 6.283185307179586,
        "sq": 0,
        "vis": {
          "x": 1.584176618364482,
          "y": 9.870532438818302,
          "vy": 3.6275987284684343,
          "sq": 0,
          "motionSpeed": 6.283185307179586,
          "justReleased": false
        },
        "path": {
          "from": [
            1.7393548387096776,
            9.855145991854574
          ],
          "to": [
            1,
            10
          ],
          "kind": "GROUP_SLOPE_TRANSLATE",
          "pivot": null,
          "pileFlow": false
        },
        "pathN": 1,
        "gid": 2,
        "size": 3,
        "role": 2,
        "rigid": true,
        "hold": null,
        "rest": null,
        "nearest": {
          "d": 1.5542919229139414,
          "ball": {
            "id": 3000183,
            "l": [
              4,
              11
            ],
            "v": [
              4,
              11
            ],
            "vy": 0,
            "speed": 0,
            "sq": 0,
            "vis": {
              "x": 4,
              "y": 11,
              "vy": 0,
              "sq": 0,
              "motionSpeed": 0
            },
            "path": null,
            "pathN": 0,
            "gid": 0,
            "size": 0,
            "role": -1,
            "rigid": false,
            "hold": null,
            "rest": null
          }
        }
      }
    ],
    "pairs": [
      {
        "a": 1,
        "b": 2,
        "d": 1
      },
      {
        "a": 1,
        "b": 3,
        "d": 0.9999999999999997
      },
      {
        "a": 2,
        "b": 3,
        "d": 1
      }
    ]
  },
  {
    "seed": 3,
    "visibleOnly": true,
    "step": 4,
    "state": "RESOLVING",
    "phase": "SETTLE",
    "balls": [
      {
        "id": 1,
        "l": [
          2,
          9
        ],
        "v": [
          2.4823619097949585,
          8.884644928349589
        ],
        "vy": 3.6275987284684397,
        "speed": 6.283185307179586,
        "sq": 0,
        "vis": {
          "x": 2.4823619097949585,
          "y": 8.884644928349589,
          "vy": 3.6275987284684397,
          "sq": 0,
          "motionSpeed": 6.283185307179586,
          "justReleased": false
        },
        "path": {
          "from": [
            2.7393548387096773,
            8.855145991854574
          ],
          "to": [
            2,
            9
          ],
          "kind": "GROUP_SLOPE_TRANSLATE",
          "pivot": null,
          "pileFlow": false
        },
        "pathN": 1,
        "gid": 2,
        "size": 3,
        "role": 0,
        "rigid": true,
        "hold": null,
        "rest": null,
        "nearest": {
          "d": 1.9828897227476212,
          "ball": {
            "id": 3000183,
            "l": [
              4,
              11
            ],
            "v": [
              4,
              11
            ],
            "vy": 0,
            "speed": 0,
            "sq": 0,
            "vis": {
              "x": 4,
              "y": 11,
              "vy": 0,
              "sq": 0,
              "motionSpeed": 0
            },
            "path": null,
            "pathN": 0,
            "gid": 0,
            "size": 0,
            "role": -1,
            "rigid": false,
            "hold": null,
            "rest": null
          }
        }
      },
      {
        "id": 2,
        "l": [
          3,
          10
        ],
        "v": [
          3.4823619097949594,
          9.88464492834959
        ],
        "vy": 3.6275987284684343,
        "speed": 6.283185307179586,
        "sq": 0,
        "vis": {
          "x": 3.4823619097949594,
          "y": 9.88464492834959,
          "vy": 3.6275987284684343,
          "sq": 0,
          "motionSpeed": 6.283185307179586,
          "justReleased": false
        },
        "path": {
          "from": [
            3.7393548387096773,
            9.855145991854574
          ],
          "to": [
            3,
            10
          ],
          "kind": "GROUP_SLOPE_TRANSLATE",
          "pivot": null,
          "pileFlow": false
        },
        "pathN": 1,
        "gid": 2,
        "size": 3,
        "role": 1,
        "rigid": true,
        "hold": null,
        "rest": null,
        "nearest": {
          "d": 0.9999999999999987,
          "ball": {
            "id": 3000183,
            "l": [
              4,
              11
            ],
            "v": [
              4,
              11
            ],
            "vy": 0,
            "speed": 0,
            "sq": 0,
            "vis": {
              "x": 4,
              "y": 11,
              "vy": 0,
              "sq": 0,
              "motionSpeed": 0
            },
            "path": null,
            "pathN": 0,
            "gid": 0,
            "size": 0,
            "role": -1,
            "rigid": false,
            "hold": null,
            "rest": null
          }
        }
      },
      {
        "id": 3,
        "l": [
          1,
          10
        ],
        "v": [
          1.4823619097949596,
          9.88464492834959
        ],
        "vy": 3.6275987284684343,
        "speed": 6.283185307179586,
        "sq": 0,
        "vis": {
          "x": 1.4823619097949596,
          "y": 9.88464492834959,
          "vy": 3.6275987284684343,
          "sq": 0,
          "motionSpeed": 6.283185307179586,
          "justReleased": false
        },
        "path": {
          "from": [
            1.7393548387096776,
            9.855145991854574
          ],
          "to": [
            1,
            10
          ],
          "kind": "GROUP_SLOPE_TRANSLATE",
          "pivot": null,
          "pileFlow": false
        },
        "pathN": 1,
        "gid": 2,
        "size": 3,
        "role": 2,
        "rigid": true,
        "hold": null,
        "rest": null,
        "nearest": {
          "d": 1.5867066805824692,
          "ball": {
            "id": 3000183,
            "l": [
              4,
              11
            ],
            "v": [
              4,
              11
            ],
            "vy": 0,
            "speed": 0,
            "sq": 0,
            "vis": {
              "x": 4,
              "y": 11,
              "vy": 0,
              "sq": 0,
              "motionSpeed": 0
            },
            "path": null,
            "pathN": 0,
            "gid": 0,
            "size": 0,
            "role": -1,
            "rigid": false,
            "hold": null,
            "rest": null
          }
        }
      }
    ],
    "pairs": [
      {
        "a": 1,
        "b": 2,
        "d": 1.0000000000000016
      },
      {
        "a": 1,
        "b": 3,
        "d": 1.0000000000000009
      },
      {
        "a": 2,
        "b": 3,
        "d": 0.9999999999999999
      }
    ]
  },
  {
    "seed": 5,
    "visibleOnly": true,
    "shadow": [
      [
        3.7716129032258063,
        8.9346954226483
      ],
      [
        4.771612903225806,
        9.9346954226483
      ],
      [
        2.7716129032258063,
        9.9346954226483
      ]
    ],
    "afterDrop": {
      "seed": 5,
      "visibleOnly": true,
      "step": -1,
      "state": "RESOLVING",
      "phase": "SETTLE",
      "balls": [
        {
          "id": 1,
          "l": [
            4,
            9
          ],
          "v": [
            3.7716129032258063,
            8.9346954226483
          ],
          "vy": 5,
          "speed": 5,
          "sq": 0,
          "vis": {
            "x": 3.7716129032258063,
            "y": 8.9346954226483,
            "vy": 5,
            "sq": 0,
            "motionSpeed": 5,
            "justReleased": true
          },
          "path": {
            "from": [
              3.7716129032258063,
              8.9346954226483
            ],
            "to": [
              4,
              9
            ],
            "kind": "GROUP_SLOPE_TRANSLATE",
            "pivot": null,
            "pileFlow": false
          },
          "pathN": 1,
          "gid": 3,
          "size": 3,
          "role": 0,
          "rigid": true,
          "hold": null,
          "rest": null,
          "nearest": {
            "d": 1.792247866344287,
            "ball": {
              "id": 3000301,
              "l": [
                4,
                11
              ],
              "v": [
                4,
                11
              ],
              "vy": 0,
              "speed": 0,
              "sq": 0,
              "vis": {
                "x": 4,
                "y": 11,
                "vy": 0,
                "sq": 0,
                "motionSpeed": 0
              },
              "path": null,
              "pathN": 0,
              "gid": 0,
              "size": 0,
              "role": -1,
              "rigid": false,
              "hold": null,
              "rest": null
            }
          }
        },
        {
          "id": 2,
          "l": [
            5,
            10
          ],
          "v": [
            4.771612903225806,
            9.9346954226483
          ],
          "vy": 5,
          "speed": 5,
          "sq": 0,
          "vis": {
            "x": 4.771612903225806,
            "y": 9.9346954226483,
            "vy": 5,
            "sq": 0,
            "motionSpeed": 5,
            "justReleased": true
          },
          "path": {
            "from": [
              4.771612903225806,
              9.9346954226483
            ],
            "to": [
              5,
              10
            ],
            "kind": "GROUP_SLOPE_TRANSLATE",
            "pivot": null,
            "pileFlow": false
          },
          "pathN": 1,
          "gid": 3,
          "size": 3,
          "role": 1,
          "rigid": true,
          "hold": null,
          "rest": null,
          "nearest": {
            "d": 1.0000010000000013,
            "ball": {
              "id": 3000301,
              "l": [
                4,
                11
              ],
              "v": [
                4,
                11
              ],
              "vy": 0,
              "speed": 0,
              "sq": 0,
              "vis": {
                "x": 4,
                "y": 11,
                "vy": 0,
                "sq": 0,
                "motionSpeed": 0
              },
              "path": null,
              "pathN": 0,
              "gid": 0,
              "size": 0,
              "role": -1,
              "rigid": false,
              "hold": null,
              "rest": null
            }
          }
        },
        {
          "id": 3,
          "l": [
            3,
            10
          ],
          "v": [
            2.7716129032258063,
            9.9346954226483
          ],
          "vy": 5,
          "speed": 5,
          "sq": 0,
          "vis": {
            "x": 2.7716129032258063,
            "y": 9.9346954226483,
            "vy": 5,
            "sq": 0,
            "motionSpeed": 5,
            "justReleased": true
          },
          "path": {
            "from": [
              2.7716129032258063,
              9.9346954226483
            ],
            "to": [
              3,
              10
            ],
            "kind": "GROUP_SLOPE_TRANSLATE",
            "pivot": null,
            "pileFlow": false
          },
          "pathN": 1,
          "gid": 3,
          "size": 3,
          "role": 2,
          "rigid": true,
          "hold": null,
          "rest": null,
          "nearest": {
            "d": 1.0000010000000013,
            "ball": {
              "id": 3000300,
              "l": [
                2,
                11
              ],
              "v": [
                2,
                11
              ],
              "vy": 0,
              "speed": 0,
              "sq": 0,
              "vis": {
                "x": 2,
                "y": 11,
                "vy": 0,
                "sq": 0,
                "motionSpeed": 0
              },
              "path": null,
              "pathN": 0,
              "gid": 0,
              "size": 0,
              "role": -1,
              "rigid": false,
              "hold": null,
              "rest": null
            }
          }
        }
      ],
      "pairs": [
        {
          "a": 1,
          "b": 2,
          "d": 1
        },
        {
          "a": 1,
          "b": 3,
          "d": 1
        },
        {
          "a": 2,
          "b": 3,
          "d": 1
        }
      ]
    }
  },
  {
    "seed": 5,
    "visibleOnly": true,
    "step": 0,
    "state": "RESOLVING",
    "phase": "SETTLE",
    "balls": [
      {
        "id": 1,
        "l": [
          4,
          9
        ],
        "v": [
          3.115636400067084,
          8.86116345312676
        ],
        "vy": 3.627598728468439,
        "speed": 6.283185307179586,
        "sq": 0,
        "vis": {
          "x": 3.115636400067084,
          "y": 8.86116345312676,
          "vy": 3.627598728468439,
          "sq": 0,
          "motionSpeed": 6.283185307179586,
          "justReleased": false
        },
        "path": {
          "from": [
            3.7716129032258063,
            8.9346954226483
          ],
          "to": [
            4,
            9
          ],
          "kind": "GROUP_SLOPE_TRANSLATE",
          "pivot": null,
          "pileFlow": false
        },
        "pathN": 1,
        "gid": 3,
        "size": 3,
        "role": 0,
        "rigid": true,
        "hold": null,
        "rest": null,
        "nearest": {
          "d": 1.904334811660507,
          "ball": {
            "id": 3000301,
            "l": [
              4,
              11
            ],
            "v": [
              4,
              11
            ],
            "vy": 0,
            "speed": 0,
            "sq": 0,
            "vis": {
              "x": 4,
              "y": 11,
              "vy": 0,
              "sq": 0,
              "motionSpeed": 0
            },
            "path": null,
            "pathN": 0,
            "gid": 0,
            "size": 0,
            "role": -1,
            "rigid": false,
            "hold": null,
            "rest": null
          }
        }
      },
      {
        "id": 2,
        "l": [
          5,
          10
        ],
        "v": [
          4.152268310065511,
          9.848650884805936
        ],
        "vy": 3.627598728468434,
        "speed": 6.283185307179586,
        "sq": 0,
        "vis": {
          "x": 4.152268310065511,
          "y": 9.848650884805936,
          "vy": 3.627598728468434,
          "sq": 0,
          "motionSpeed": 6.283185307179586,
          "justReleased": false
        },
        "path": {
          "from": [
            4.771612903225806,
            9.9346954226483
          ],
          "to": [
            5,
            10
          ],
          "kind": "GROUP_SLOPE_TRANSLATE",
          "pivot": null,
          "pileFlow": false
        },
        "pathN": 1,
        "gid": 3,
        "size": 3,
        "role": 1,
        "rigid": true,
        "hold": null,
        "rest": null,
        "nearest": {
          "d": 0.9999999991780835,
          "ball": {
            "id": 3000301,
            "l": [
              4,
              11
            ],
            "v": [
              4,
              11
            ],
            "vy": 0,
            "speed": 0,
            "sq": 0,
            "vis": {
              "x": 4,
              "y": 11,
              "vy": 0,
              "sq": 0,
              "motionSpeed": 0
            },
            "path": null,
            "pathN": 0,
            "gid": 0,
            "size": 0,
            "role": -1,
            "rigid": false,
            "hold": null,
            "rest": null
          }
        }
      },
      {
        "id": 3,
        "l": [
          3,
          10
        ],
        "v": [
          2.0701263527820304,
          9.846009489547178
        ],
        "vy": 3.627598728468434,
        "speed": 6.283185307179586,
        "sq": 0,
        "vis": {
          "x": 2.0701263527820304,
          "y": 9.846009489547178,
          "vy": 3.627598728468434,
          "sq": 0,
          "motionSpeed": 6.283185307179586,
          "justReleased": false
        },
        "path": {
          "from": [
            2.7716129032258063,
            9.9346954226483
          ],
          "to": [
            3,
            10
          ],
          "kind": "GROUP_SLOPE_TRANSLATE",
          "pivot": null,
          "pileFlow": false
        },
        "pathN": 1,
        "gid": 3,
        "size": 3,
        "role": 2,
        "rigid": true,
        "hold": null,
        "rest": null,
        "nearest": {
          "d": 1.0000000000000002,
          "ball": {
            "id": 3000300,
            "l": [
              2,
              11
            ],
            "v": [
              2,
              11
            ],
            "vy": 0,
            "speed": 0,
            "sq": 0,
            "vis": {
              "x": 2,
              "y": 11,
              "vy": 0,
              "sq": 0,
              "motionSpeed": 0
            },
            "path": null,
            "pathN": 0,
            "gid": 0,
            "size": 0,
            "role": -1,
            "rigid": false,
            "hold": null,
            "rest": null
          }
        }
      }
    ],
    "pairs": [
      {
        "a": 1,
        "b": 2,
        "d": 0.9999999999999989
      },
      {
        "a": 1,
        "b": 3,
        "d": 1.000356986946787
      },
      {
        "a": 2,
        "b": 3,
        "d": 1.0410734917846847
      }
    ]
  },
  {
    "seed": 5,
    "visibleOnly": true,
    "step": 1,
    "state": "RESOLVING",
    "phase": "SETTLE",
    "balls": [
      {
        "id": 1,
        "l": [
          4,
          9
        ],
        "v": [
          3.2100536351558686,
          8.85297021903232
        ],
        "vy": 3.627598728468439,
        "speed": 6.283185307179586,
        "sq": 0,
        "vis": {
          "x": 3.2100536351558686,
          "y": 8.85297021903232,
          "vy": 3.627598728468439,
          "sq": 0,
          "motionSpeed": 6.283185307179586,
          "justReleased": false
        },
        "path": {
          "from": [
            3.7716129032258063,
            8.9346954226483
          ],
          "to": [
            4,
            9
          ],
          "kind": "GROUP_SLOPE_TRANSLATE",
          "pivot": null,
          "pileFlow": false
        },
        "pathN": 1,
        "gid": 3,
        "size": 3,
        "role": 0,
        "rigid": true,
        "hold": null,
        "rest": null,
        "nearest": {
          "d": 1.9008699258771509,
          "ball": {
            "id": 3000301,
            "l": [
              4,
              11
            ],
            "v": [
              4,
              11
            ],
            "vy": 0,
            "speed": 0,
            "sq": 0,
            "vis": {
              "x": 4,
              "y": 11,
              "vy": 0,
              "sq": 0,
              "motionSpeed": 0
            },
            "path": null,
            "pathN": 0,
            "gid": 0,
            "size": 0,
            "role": -1,
            "rigid": false,
            "hold": null,
            "rest": null
          }
        }
      },
      {
        "id": 2,
        "l": [
          5,
          10
        ],
        "v": [
          4.213301512189395,
          9.851885246654412
        ],
        "vy": 3.627598728468434,
        "speed": 6.283185307179586,
        "sq": 0,
        "vis": {
          "x": 4.213301512189395,
          "y": 9.851885246654412,
          "vy": 3.627598728468434,
          "sq": 0,
          "motionSpeed": 6.283185307179586,
          "justReleased": false
        },
        "path": {
          "from": [
            4.771612903225806,
            9.9346954226483
          ],
          "to": [
            5,
            10
          ],
          "kind": "GROUP_SLOPE_TRANSLATE",
          "pivot": null,
          "pileFlow": false
        },
        "pathN": 1,
        "gid": 3,
        "size": 3,
        "role": 1,
        "rigid": true,
        "hold": null,
        "rest": null,
        "nearest": {
          "d": 0.9999999994564608,
          "ball": {
            "id": 3000301,
            "l": [
              4,
              11
            ],
            "v": [
              4,
              11
            ],
            "vy": 0,
            "speed": 0,
            "sq": 0,
            "vis": {
              "x": 4,
              "y": 11,
              "vy": 0,
              "sq": 0,
              "motionSpeed": 0
            },
            "path": null,
            "pathN": 0,
            "gid": 0,
            "size": 0,
            "role": -1,
            "rigid": false,
            "hold": null,
            "rest": null
          }
        }
      },
      {
        "id": 3,
        "l": [
          3,
          10
        ],
        "v": [
          2.2052978883283725,
          9.851398999209922
        ],
        "vy": 3.627598728468434,
        "speed": 6.283185307179586,
        "sq": 0,
        "vis": {
          "x": 2.2052978883283725,
          "y": 9.851398999209922,
          "vy": 3.627598728468434,
          "sq": 0,
          "motionSpeed": 6.283185307179586,
          "justReleased": false
        },
        "path": {
          "from": [
            2.7716129032258063,
            9.9346954226483
          ],
          "to": [
            3,
            10
          ],
          "kind": "GROUP_SLOPE_TRANSLATE",
          "pivot": null,
          "pileFlow": false
        },
        "pathN": 1,
        "gid": 3,
        "size": 3,
        "role": 2,
        "rigid": true,
        "hold": null,
        "rest": null,
        "nearest": {
          "d": 0.9999999999999997,
          "ball": {
            "id": 3000300,
            "l": [
              2,
              11
            ],
            "v": [
              2,
              11
            ],
            "vy": 0,
            "speed": 0,
            "sq": 0,
            "vis": {
              "x": 2,
              "y": 11,
              "vy": 0,
              "sq": 0,
              "motionSpeed": 0
            },
            "path": null,
            "pathN": 0,
            "gid": 0,
            "size": 0,
            "role": -1,
            "rigid": false,
            "hold": null,
            "rest": null
          }
        }
      }
    ],
    "pairs": [
      {
        "a": 1,
        "b": 2,
        "d": 1.000000000000001
      },
      {
        "a": 1,
        "b": 3,
        "d": 1.0000142746535767
      },
      {
        "a": 2,
        "b": 3,
        "d": 1.0040019002408227
      }
    ]
  },
  {
    "seed": 5,
    "visibleOnly": true,
    "step": 2,
    "state": "RESOLVING",
    "phase": "SETTLE",
    "balls": [
      {
        "id": 1,
        "l": [
          4,
          9
        ],
        "v": [
          3.312868930080462,
          8.859515741363884
        ],
        "vy": 3.627598728468439,
        "speed": 6.283185307179586,
        "sq": 0,
        "vis": {
          "x": 3.312868930080462,
          "y": 8.859515741363884,
          "vy": 3.627598728468439,
          "sq": 0,
          "motionSpeed": 6.283185307179586,
          "justReleased": false
        },
        "path": {
          "from": [
            3.7716129032258063,
            8.9346954226483
          ],
          "to": [
            4,
            9
          ],
          "kind": "GROUP_SLOPE_TRANSLATE",
          "pivot": null,
          "pileFlow": false
        },
        "pathN": 1,
        "gid": 3,
        "size": 3,
        "role": 0,
        "rigid": true,
        "hold": null,
        "rest": null,
        "nearest": {
          "d": 1.8852829821843575,
          "ball": {
            "id": 3000301,
            "l": [
              4,
              11
            ],
            "v": [
              4,
              11
            ],
            "vy": 0,
            "speed": 0,
            "sq": 0,
            "vis": {
              "x": 4,
              "y": 11,
              "vy": 0,
              "sq": 0,
              "motionSpeed": 0
            },
            "path": null,
            "pathN": 0,
            "gid": 0,
            "size": 0,
            "role": -1,
            "rigid": false,
            "hold": null,
            "rest": null
          }
        }
      },
      {
        "id": 2,
        "l": [
          5,
          10
        ],
        "v": [
          4.3128689300804615,
          9.859515741363884
        ],
        "vy": 3.627598728468434,
        "speed": 6.283185307179586,
        "sq": 0,
        "vis": {
          "x": 4.3128689300804615,
          "y": 9.859515741363884,
          "vy": 3.627598728468434,
          "sq": 0,
          "motionSpeed": 6.283185307179586,
          "justReleased": false
        },
        "path": {
          "from": [
            4.771612903225806,
            9.9346954226483
          ],
          "to": [
            5,
            10
          ],
          "kind": "GROUP_SLOPE_TRANSLATE",
          "pivot": null,
          "pileFlow": false
        },
        "pathN": 1,
        "gid": 3,
        "size": 3,
        "role": 1,
        "rigid": true,
        "hold": null,
        "rest": null,
        "nearest": {
          "d": 1.0000000000000007,
          "ball": {
            "id": 3000301,
            "l": [
              4,
              11
            ],
            "v": [
              4,
              11
            ],
            "vy": 0,
            "speed": 0,
            "sq": 0,
            "vis": {
              "x": 4,
              "y": 11,
              "vy": 0,
              "sq": 0,
              "motionSpeed": 0
            },
            "path": null,
            "pathN": 0,
            "gid": 0,
            "size": 0,
            "role": -1,
            "rigid": false,
            "hold": null,
            "rest": null
          }
        }
      },
      {
        "id": 3,
        "l": [
          3,
          10
        ],
        "v": [
          2.3128689300804615,
          9.859515741363884
        ],
        "vy": 3.627598728468434,
        "speed": 6.283185307179586,
        "sq": 0,
        "vis": {
          "x": 2.3128689300804615,
          "y": 9.859515741363884,
          "vy": 3.627598728468434,
          "sq": 0,
          "motionSpeed": 6.283185307179586,
          "justReleased": false
        },
        "path": {
          "from": [
            2.7716129032258063,
            9.9346954226483
          ],
          "to": [
            3,
            10
          ],
          "kind": "GROUP_SLOPE_TRANSLATE",
          "pivot": null,
          "pileFlow": false
        },
        "pathN": 1,
        "gid": 3,
        "size": 3,
        "role": 2,
        "rigid": true,
        "hold": null,
        "rest": null,
        "nearest": {
          "d": 1.0000000000000007,
          "ball": {
            "id": 3000300,
            "l": [
              2,
              11
            ],
            "v": [
              2,
              11
            ],
            "vy": 0,
            "speed": 0,
            "sq": 0,
            "vis": {
              "x": 2,
              "y": 11,
              "vy": 0,
              "sq": 0,
              "motionSpeed": 0
            },
            "path": null,
            "pathN": 0,
            "gid": 0,
            "size": 0,
            "role": -1,
            "rigid": false,
            "hold": null,
            "rest": null
          }
        }
      }
    ],
    "pairs": [
      {
        "a": 1,
        "b": 2,
        "d": 0.9999999999999999
      },
      {
        "a": 1,
        "b": 3,
        "d": 1
      },
      {
        "a": 2,
        "b": 3,
        "d": 1
      }
    ]
  },
  {
    "seed": 5,
    "visibleOnly": true,
    "step": 3,
    "state": "RESOLVING",
    "phase": "SETTLE",
    "balls": [
      {
        "id": 1,
        "l": [
          4,
          9
        ],
        "v": [
          3.415823381635519,
          8.870532438818302
        ],
        "vy": 3.627598728468439,
        "speed": 6.283185307179586,
        "sq": 0,
        "vis": {
          "x": 3.415823381635519,
          "y": 8.870532438818302,
          "vy": 3.627598728468439,
          "sq": 0,
          "motionSpeed": 6.283185307179586,
          "justReleased": false
        },
        "path": {
          "from": [
            3.7716129032258063,
            8.9346954226483
          ],
          "to": [
            4,
            9
          ],
          "kind": "GROUP_SLOPE_TRANSLATE",
          "pivot": null,
          "pileFlow": false
        },
        "pathN": 1,
        "gid": 3,
        "size": 3,
        "role": 0,
        "rigid": true,
        "hold": null,
        "rest": null,
        "nearest": {
          "d": 1.867160852994403,
          "ball": {
            "id": 3000301,
            "l": [
              4,
              11
            ],
            "v": [
              4,
              11
            ],
            "vy": 0,
            "speed": 0,
            "sq": 0,
            "vis": {
              "x": 4,
              "y": 11,
              "vy": 0,
              "sq": 0,
              "motionSpeed": 0
            },
            "path": null,
            "pathN": 0,
            "gid": 0,
            "size": 0,
            "role": -1,
            "rigid": false,
            "hold": null,
            "rest": null
          }
        }
      },
      {
        "id": 2,
        "l": [
          5,
          10
        ],
        "v": [
          4.415823381635518,
          9.870532438818302
        ],
        "vy": 3.627598728468434,
        "speed": 6.283185307179586,
        "sq": 0,
        "vis": {
          "x": 4.415823381635518,
          "y": 9.870532438818302,
          "vy": 3.627598728468434,
          "sq": 0,
          "motionSpeed": 6.283185307179586,
          "justReleased": false
        },
        "path": {
          "from": [
            4.771612903225806,
            9.9346954226483
          ],
          "to": [
            5,
            10
          ],
          "kind": "GROUP_SLOPE_TRANSLATE",
          "pivot": null,
          "pileFlow": false
        },
        "pathN": 1,
        "gid": 3,
        "size": 3,
        "role": 1,
        "rigid": true,
        "hold": null,
        "rest": null,
        "nearest": {
          "d": 0.9999999999999998,
          "ball": {
            "id": 3000301,
            "l": [
              4,
              11
            ],
            "v": [
              4,
              11
            ],
            "vy": 0,
            "speed": 0,
            "sq": 0,
            "vis": {
              "x": 4,
              "y": 11,
              "vy": 0,
              "sq": 0,
              "motionSpeed": 0
            },
            "path": null,
            "pathN": 0,
            "gid": 0,
            "size": 0,
            "role": -1,
            "rigid": false,
            "hold": null,
            "rest": null
          }
        }
      },
      {
        "id": 3,
        "l": [
          3,
          10
        ],
        "v": [
          2.415823381635518,
          9.870532438818302
        ],
        "vy": 3.627598728468434,
        "speed": 6.283185307179586,
        "sq": 0,
        "vis": {
          "x": 2.415823381635518,
          "y": 9.870532438818302,
          "vy": 3.627598728468434,
          "sq": 0,
          "motionSpeed": 6.283185307179586,
          "justReleased": false
        },
        "path": {
          "from": [
            2.7716129032258063,
            9.9346954226483
          ],
          "to": [
            3,
            10
          ],
          "kind": "GROUP_SLOPE_TRANSLATE",
          "pivot": null,
          "pileFlow": false
        },
        "pathN": 1,
        "gid": 3,
        "size": 3,
        "role": 2,
        "rigid": true,
        "hold": null,
        "rest": null,
        "nearest": {
          "d": 0.9999999999999998,
          "ball": {
            "id": 3000300,
            "l": [
              2,
              11
            ],
            "v": [
              2,
              11
            ],
            "vy": 0,
            "speed": 0,
            "sq": 0,
            "vis": {
              "x": 2,
              "y": 11,
              "vy": 0,
              "sq": 0,
              "motionSpeed": 0
            },
            "path": null,
            "pathN": 0,
            "gid": 0,
            "size": 0,
            "role": -1,
            "rigid": false,
            "hold": null,
            "rest": null
          }
        }
      }
    ],
    "pairs": [
      {
        "a": 1,
        "b": 2,
        "d": 0.9999999999999999
      },
      {
        "a": 1,
        "b": 3,
        "d": 1
      },
      {
        "a": 2,
        "b": 3,
        "d": 1.0000000000000002
      }
    ]
  },
  {
    "seed": 5,
    "visibleOnly": true,
    "step": 4,
    "state": "RESOLVING",
    "phase": "SETTLE",
    "balls": [
      {
        "id": 1,
        "l": [
          4,
          9
        ],
        "v": [
          3.5176380902050415,
          8.884644928349589
        ],
        "vy": 3.627598728468439,
        "speed": 6.283185307179586,
        "sq": 0,
        "vis": {
          "x": 3.5176380902050415,
          "y": 8.884644928349589,
          "vy": 3.627598728468439,
          "sq": 0,
          "motionSpeed": 6.283185307179586,
          "justReleased": false
        },
        "path": {
          "from": [
            3.7716129032258063,
            8.9346954226483
          ],
          "to": [
            4,
            9
          ],
          "kind": "GROUP_SLOPE_TRANSLATE",
          "pivot": null,
          "pileFlow": false
        },
        "pathN": 1,
        "gid": 3,
        "size": 3,
        "role": 0,
        "rigid": true,
        "hold": null,
        "rest": null,
        "nearest": {
          "d": 1.8477590650225737,
          "ball": {
            "id": 3000301,
            "l": [
              4,
              11
            ],
            "v": [
              4,
              11
            ],
            "vy": 0,
            "speed": 0,
            "sq": 0,
            "vis": {
              "x": 4,
              "y": 11,
              "vy": 0,
              "sq": 0,
              "motionSpeed": 0
            },
            "path": null,
            "pathN": 0,
            "gid": 0,
            "size": 0,
            "role": -1,
            "rigid": false,
            "hold": null,
            "rest": null
          }
        }
      },
      {
        "id": 2,
        "l": [
          5,
          10
        ],
        "v": [
          4.517638090205041,
          9.88464492834959
        ],
        "vy": 3.627598728468434,
        "speed": 6.283185307179586,
        "sq": 0,
        "vis": {
          "x": 4.517638090205041,
          "y": 9.88464492834959,
          "vy": 3.627598728468434,
          "sq": 0,
          "motionSpeed": 6.283185307179586,
          "justReleased": false
        },
        "path": {
          "from": [
            4.771612903225806,
            9.9346954226483
          ],
          "to": [
            5,
            10
          ],
          "kind": "GROUP_SLOPE_TRANSLATE",
          "pivot": null,
          "pileFlow": false
        },
        "pathN": 1,
        "gid": 3,
        "size": 3,
        "role": 1,
        "rigid": true,
        "hold": null,
        "rest": null,
        "nearest": {
          "d": 0.9999999999999987,
          "ball": {
            "id": 3000301,
            "l": [
              4,
              11
            ],
            "v": [
              4,
              11
            ],
            "vy": 0,
            "speed": 0,
            "sq": 0,
            "vis": {
              "x": 4,
              "y": 11,
              "vy": 0,
              "sq": 0,
              "motionSpeed": 0
            },
            "path": null,
            "pathN": 0,
            "gid": 0,
            "size": 0,
            "role": -1,
            "rigid": false,
            "hold": null,
            "rest": null
          }
        }
      },
      {
        "id": 3,
        "l": [
          3,
          10
        ],
        "v": [
          2.5176380902050406,
          9.88464492834959
        ],
        "vy": 3.627598728468434,
        "speed": 6.283185307179586,
        "sq": 0,
        "vis": {
          "x": 2.5176380902050406,
          "y": 9.88464492834959,
          "vy": 3.627598728468434,
          "sq": 0,
          "motionSpeed": 6.283185307179586,
          "justReleased": false
        },
        "path": {
          "from": [
            2.7716129032258063,
            9.9346954226483
          ],
          "to": [
            3,
            10
          ],
          "kind": "GROUP_SLOPE_TRANSLATE",
          "pivot": null,
          "pileFlow": false
        },
        "pathN": 1,
        "gid": 3,
        "size": 3,
        "role": 2,
        "rigid": true,
        "hold": null,
        "rest": null,
        "nearest": {
          "d": 0.9999999999999987,
          "ball": {
            "id": 3000300,
            "l": [
              2,
              11
            ],
            "v": [
              2,
              11
            ],
            "vy": 0,
            "speed": 0,
            "sq": 0,
            "vis": {
              "x": 2,
              "y": 11,
              "vy": 0,
              "sq": 0,
              "motionSpeed": 0
            },
            "path": null,
            "pathN": 0,
            "gid": 0,
            "size": 0,
            "role": -1,
            "rigid": false,
            "hold": null,
            "rest": null
          }
        }
      }
    ],
    "pairs": [
      {
        "a": 1,
        "b": 2,
        "d": 1.000000000000001
      },
      {
        "a": 1,
        "b": 3,
        "d": 1.0000000000000016
      },
      {
        "a": 2,
        "b": 3,
        "d": 1
      }
    ]
  },
  {
    "seed": 11,
    "visibleOnly": true,
    "shadow": [
      [
        6.868387096774193,
        7.588038166568918
      ],
      [
        7.868387096774193,
        8.588038166568918
      ],
      [
        5.868387096774193,
        8.588038166568918
      ]
    ],
    "afterDrop": {
      "seed": 11,
      "visibleOnly": true,
      "step": -1,
      "state": "RESOLVING",
      "phase": "SETTLE",
      "balls": [
        {
          "id": 1,
          "l": [
            10,
            9
          ],
          "v": [
            6.868387096774193,
            7.588038166568918
          ],
          "vy": 5,
          "speed": 5,
          "sq": 0,
          "vis": {
            "x": 6.868387096774193,
            "y": 7.588038166568918,
            "vy": 5,
            "sq": 0,
            "motionSpeed": 5,
            "justReleased": true
          },
          "path": {
            "from": [
              6.868387096774193,
              7.588038166568918
            ],
            "to": [
              10,
              9
            ],
            "kind": "GROUP_SLOPE_TRANSLATE",
            "pivot": [
              8,
              9
            ],
            "pileFlow": false
          },
          "pathN": 1,
          "gid": 4,
          "size": 3,
          "role": 0,
          "rigid": true,
          "hold": null,
          "rest": null,
          "nearest": {
            "d": 1.8847117282318586,
            "ball": {
              "id": 3000663,
              "l": [
                4,
                9
              ],
              "v": [
                4,
                9
              ],
              "vy": 0,
              "speed": 0,
              "sq": 0,
              "vis": {
                "x": 4,
                "y": 9,
                "vy": 0,
                "sq": 0,
                "motionSpeed": 0
              },
              "path": null,
              "pathN": 0,
              "gid": 0,
              "size": 0,
              "role": -1,
              "rigid": false,
              "hold": null,
              "rest": null
            }
          }
        },
        {
          "id": 2,
          "l": [
            11,
            10
          ],
          "v": [
            7.868387096774193,
            8.588038166568918
          ],
          "vy": 5,
          "speed": 5,
          "sq": 0,
          "vis": {
            "x": 7.868387096774193,
            "y": 8.588038166568918,
            "vy": 5,
            "sq": 0,
            "motionSpeed": 5,
            "justReleased": true
          },
          "path": {
            "from": [
              7.868387096774193,
              8.588038166568918
            ],
            "to": [
              11,
              10
            ],
            "kind": "GROUP_SLOPE_TRANSLATE",
            "pivot": [
              9,
              10
            ],
            "pileFlow": false
          },
          "pathN": 1,
          "gid": 4,
          "size": 3,
          "role": 1,
          "rigid": true,
          "hold": null,
          "rest": null,
          "nearest": {
            "d": 1.2975943903086684,
            "ball": {
              "id": 3000671,
              "l": [
                7,
                10
              ],
              "v": [
                7,
                10
              ],
              "vy": 0,
              "speed": 0,
              "sq": 0,
              "vis": {
                "x": 7,
                "y": 10,
                "vy": 0,
                "sq": 0,
                "motionSpeed": 0
              },
              "path": null,
              "pathN": 0,
              "gid": 0,
              "size": 0,
              "role": -1,
              "rigid": false,
              "hold": null,
              "rest": null
            }
          }
        },
        {
          "id": 3,
          "l": [
            9,
            10
          ],
          "v": [
            5.868387096774193,
            8.588038166568918
          ],
          "vy": 5,
          "speed": 5,
          "sq": 0,
          "vis": {
            "x": 5.868387096774193,
            "y": 8.588038166568918,
            "vy": 5,
            "sq": 0,
            "motionSpeed": 5,
            "justReleased": true
          },
          "path": {
            "from": [
              5.868387096774193,
              8.588038166568918
            ],
            "to": [
              9,
              10
            ],
            "kind": "GROUP_SLOPE_TRANSLATE",
            "pivot": [
              7,
              10
            ],
            "pileFlow": false
          },
          "pathN": 1,
          "gid": 4,
          "size": 3,
          "role": 2,
          "rigid": true,
          "hold": null,
          "rest": null,
          "nearest": {
            "d": 1.0000009999999995,
            "ball": {
              "id": 3000663,
              "l": [
                4,
                9
              ],
              "v": [
                4,
                9
              ],
              "vy": 0,
              "speed": 0,
              "sq": 0,
              "vis": {
                "x": 4,
                "y": 9,
                "vy": 0,
                "sq": 0,
                "motionSpeed": 0
              },
              "path": null,
              "pathN": 0,
              "gid": 0,
              "size": 0,
              "role": -1,
              "rigid": false,
              "hold": null,
              "rest": null
            }
          }
        }
      ],
      "pairs": [
        {
          "a": 1,
          "b": 2,
          "d": 1
        },
        {
          "a": 1,
          "b": 3,
          "d": 1
        },
        {
          "a": 2,
          "b": 3,
          "d": 1
        }
      ]
    }
  },
  {
    "seed": 11,
    "visibleOnly": true,
    "step": 0,
    "state": "RESOLVING",
    "phase": "SETTLE",
    "balls": [
      {
        "id": 1,
        "l": [
          10,
          9
        ],
        "v": [
          7.2616540725525445,
          7.9405485470552195
        ],
        "vy": 7.255197456936871,
        "speed": 6.283185307179586,
        "sq": 0,
        "vis": {
          "x": 7.2616540725525445,
          "y": 7.9405485470552195,
          "vy": 7.255197456936871,
          "sq": 0,
          "motionSpeed": 6.283185307179586,
          "justReleased": false
        },
        "path": {
          "from": [
            6.868387096774193,
            7.588038166568918
          ],
          "to": [
            10,
            9
          ],
          "kind": "GROUP_SLOPE_TRANSLATE",
          "pivot": [
            8,
            9
          ],
          "pileFlow": false
        },
        "pathN": 1,
        "gid": 4,
        "size": 3,
        "role": 0,
        "rigid": true,
        "hold": null,
        "rest": null,
        "nearest": {
          "d": 1.7883290884784344,
          "ball": {
            "id": 3000671,
            "l": [
              7,
              10
            ],
            "v": [
              7,
              10
            ],
            "vy": 0,
            "speed": 0,
            "sq": 0,
            "vis": {
              "x": 7,
              "y": 10,
              "vy": 0,
              "sq": 0,
              "motionSpeed": 0
            },
            "path": null,
            "pathN": 0,
            "gid": 0,
            "size": 0,
            "role": -1,
            "rigid": false,
            "hold": null,
            "rest": null
          }
        }
      },
      {
        "id": 2,
        "l": [
          11,
          10
        ],
        "v": [
          8.256268630815514,
          8.945791325435067
        ],
        "vy": 7.255197456936871,
        "speed": 6.283185307179586,
        "sq": 0,
        "vis": {
          "x": 8.256268630815514,
          "y": 8.945791325435067,
          "vy": 7.255197456936871,
          "sq": 0,
          "motionSpeed": 6.283185307179586,
          "justReleased": false
        },
        "path": {
          "from": [
            7.868387096774193,
            8.588038166568918
          ],
          "to": [
            11,
            10
          ],
          "kind": "GROUP_SLOPE_TRANSLATE",
          "pivot": [
            9,
            10
          ],
          "pileFlow": false
        },
        "pathN": 1,
        "gid": 4,
        "size": 3,
        "role": 1,
        "rigid": true,
        "hold": null,
        "rest": null,
        "nearest": {
          "d": 1.1081830468558593,
          "ball": {
            "id": 3000671,
            "l": [
              7,
              10
            ],
            "v": [
              7,
              10
            ],
            "vy": 0,
            "speed": 0,
            "sq": 0,
            "vis": {
              "x": 7,
              "y": 10,
              "vy": 0,
              "sq": 0,
              "motionSpeed": 0
            },
            "path": null,
            "pathN": 0,
            "gid": 0,
            "size": 0,
            "role": -1,
            "rigid": false,
            "hold": null,
            "rest": null
          }
        }
      },
      {
        "id": 3,
        "l": [
          9,
          10
        ],
        "v": [
          6.237749452588795,
          8.932452327539478
        ],
        "vy": 7.255197456936871,
        "speed": 6.283185307179586,
        "sq": 0,
        "vis": {
          "x": 6.237749452588795,
          "y": 8.932452327539478,
          "vy": 7.255197456936871,
          "sq": 0,
          "motionSpeed": 6.283185307179586,
          "justReleased": false
        },
        "path": {
          "from": [
            5.868387096774193,
            8.588038166568918
          ],
          "to": [
            9,
            10
          ],
          "kind": "GROUP_SLOPE_TRANSLATE",
          "pivot": [
            7,
            10
          ],
          "pileFlow": false
        },
        "pathN": 1,
        "gid": 4,
        "size": 3,
        "role": 2,
        "rigid": true,
        "hold": null,
        "rest": null,
        "nearest": {
          "d": 0.9999999994945395,
          "ball": {
            "id": 3000671,
            "l": [
              7,
              10
            ],
            "v": [
              7,
              10
            ],
            "vy": 0,
            "speed": 0,
            "sq": 0,
            "vis": {
              "x": 7,
              "y": 10,
              "vy": 0,
              "sq": 0,
              "motionSpeed": 0
            },
            "path": null,
            "pathN": 0,
            "gid": 0,
            "size": 0,
            "role": -1,
            "rigid": false,
            "hold": null,
            "rest": null
          }
        }
      }
    ],
    "pairs": [
      {
        "a": 1,
        "b": 2,
        "d": 1.0025962858951687
      },
      {
        "a": 1,
        "b": 3,
        "d": 1.0000000000000002
      },
      {
        "a": 2,
        "b": 3,
        "d": 1.0093256981103331
      }
    ]
  },
  {
    "seed": 11,
    "visibleOnly": true,
    "step": 1,
    "state": "RESOLVING",
    "phase": "SETTLE",
    "balls": [
      {
        "id": 1,
        "l": [
          10,
          9
        ],
        "v": [
          7.366941768417691,
          7.9285432730364205
        ],
        "vy": 7.255197456936871,
        "speed": 6.283185307179586,
        "sq": 0,
        "vis": {
          "x": 7.366941768417691,
          "y": 7.9285432730364205,
          "vy": 7.255197456936871,
          "sq": 0,
          "motionSpeed": 6.283185307179586,
          "justReleased": false
        },
        "path": {
          "from": [
            6.868387096774193,
            7.588038166568918
          ],
          "to": [
            10,
            9
          ],
          "kind": "GROUP_SLOPE_TRANSLATE",
          "pivot": [
            8,
            9
          ],
          "pileFlow": false
        },
        "pathN": 1,
        "gid": 4,
        "size": 3,
        "role": 0,
        "rigid": true,
        "hold": null,
        "rest": null,
        "nearest": {
          "d": 1.803291793946386,
          "ball": {
            "id": 3000671,
            "l": [
              7,
              10
            ],
            "v": [
              7,
              10
            ],
            "vy": 0,
            "speed": 0,
            "sq": 0,
            "vis": {
              "x": 7,
              "y": 10,
              "vy": 0,
              "sq": 0,
              "motionSpeed": 0
            },
            "path": null,
            "pathN": 0,
            "gid": 0,
            "size": 0,
            "role": -1,
            "rigid": false,
            "hold": null,
            "rest": null
          }
        }
      },
      {
        "id": 2,
        "l": [
          11,
          10
        ],
        "v": [
          8.35445341697782,
          8.945791325435067
        ],
        "vy": 7.255197456936871,
        "speed": 6.283185307179586,
        "sq": 0,
        "vis": {
          "x": 8.35445341697782,
          "y": 8.945791325435067,
          "vy": 7.255197456936871,
          "sq": 0,
          "motionSpeed": 6.283185307179586,
          "justReleased": false
        },
        "path": {
          "from": [
            7.868387096774193,
            8.588038166568918
          ],
          "to": [
            11,
            10
          ],
          "kind": "GROUP_SLOPE_TRANSLATE",
          "pivot": [
            9,
            10
          ],
          "pileFlow": false
        },
        "pathN": 1,
        "gid": 4,
        "size": 3,
        "role": 1,
        "rigid": true,
        "hold": null,
        "rest": null,
        "nearest": {
          "d": 1.1367290626339628,
          "ball": {
            "id": 3000671,
            "l": [
              7,
              10
            ],
            "v": [
              7,
              10
            ],
            "vy": 0,
            "speed": 0,
            "sq": 0,
            "vis": {
              "x": 7,
              "y": 10,
              "vy": 0,
              "sq": 0,
              "motionSpeed": 0
            },
            "path": null,
            "pathN": 0,
            "gid": 0,
            "size": 0,
            "role": -1,
            "rigid": false,
            "hold": null,
            "rest": null
          }
        }
      },
      {
        "id": 3,
        "l": [
          9,
          10
        ],
        "v": [
          6.323009168447808,
          8.913463697355075
        ],
        "vy": 7.255197456936871,
        "speed": 6.283185307179586,
        "sq": 0,
        "vis": {
          "x": 6.323009168447808,
          "y": 8.913463697355075,
          "vy": 7.255197456936871,
          "sq": 0,
          "motionSpeed": 6.283185307179586,
          "justReleased": false
        },
        "path": {
          "from": [
            5.868387096774193,
            8.588038166568918
          ],
          "to": [
            9,
            10
          ],
          "kind": "GROUP_SLOPE_TRANSLATE",
          "pivot": [
            7,
            10
          ],
          "pileFlow": false
        },
        "pathN": 1,
        "gid": 4,
        "size": 3,
        "role": 2,
        "rigid": true,
        "hold": null,
        "rest": null,
        "nearest": {
          "d": 0.9999999996127049,
          "ball": {
            "id": 3000671,
            "l": [
              7,
              10
            ],
            "v": [
              7,
              10
            ],
            "vy": 0,
            "speed": 0,
            "sq": 0,
            "vis": {
              "x": 7,
              "y": 10,
              "vy": 0,
              "sq": 0,
              "motionSpeed": 0
            },
            "path": null,
            "pathN": 0,
            "gid": 0,
            "size": 0,
            "role": -1,
            "rigid": false,
            "hold": null,
            "rest": null
          }
        }
      }
    ],
    "pairs": [
      {
        "a": 1,
        "b": 2,
        "d": 1.0098960412300446
      },
      {
        "a": 1,
        "b": 3,
        "d": 0.9999999999999996
      },
      {
        "a": 2,
        "b": 3,
        "d": 1.0161078881567527
      }
    ]
  },
  {
    "seed": 11,
    "visibleOnly": true,
    "step": 2,
    "state": "RESOLVING",
    "phase": "SETTLE",
    "balls": [
      {
        "id": 1,
        "l": [
          10,
          9
        ],
        "v": [
          7.47110773186917,
          7.912548407300546
        ],
        "vy": 7.255197456936871,
        "speed": 6.283185307179586,
        "sq": 0,
        "vis": {
          "x": 7.47110773186917,
          "y": 7.912548407300546,
          "vy": 7.255197456936871,
          "sq": 0,
          "motionSpeed": 6.283185307179586,
          "justReleased": false
        },
        "path": {
          "from": [
            6.868387096774193,
            7.588038166568918
          ],
          "to": [
            10,
            9
          ],
          "kind": "GROUP_SLOPE_TRANSLATE",
          "pivot": [
            8,
            9
          ],
          "pileFlow": false
        },
        "pathN": 1,
        "gid": 4,
        "size": 3,
        "role": 0,
        "rigid": true,
        "hold": null,
        "rest": null,
        "nearest": {
          "d": 1.8230678093955646,
          "ball": {
            "id": 3000671,
            "l": [
              7,
              10
            ],
            "v": [
              7,
              10
            ],
            "vy": 0,
            "speed": 0,
            "sq": 0,
            "vis": {
              "x": 7,
              "y": 10,
              "vy": 0,
              "sq": 0,
              "motionSpeed": 0
            },
            "path": null,
            "pathN": 0,
            "gid": 0,
            "size": 0,
            "role": -1,
            "rigid": false,
            "hold": null,
            "rest": null
          }
        }
      },
      {
        "id": 2,
        "l": [
          11,
          10
        ],
        "v": [
          8.454407601452798,
          8.945791325435067
        ],
        "vy": 7.255197456936871,
        "speed": 6.283185307179586,
        "sq": 0,
        "vis": {
          "x": 8.454407601452798,
          "y": 8.945791325435067,
          "vy": 7.255197456936871,
          "sq": 0,
          "motionSpeed": 6.283185307179586,
          "justReleased": false
        },
        "path": {
          "from": [
            7.868387096774193,
            8.588038166568918
          ],
          "to": [
            11,
            10
          ],
          "kind": "GROUP_SLOPE_TRANSLATE",
          "pivot": [
            9,
            10
          ],
          "pileFlow": false
        },
        "pathN": 1,
        "gid": 4,
        "size": 3,
        "role": 1,
        "rigid": true,
        "hold": null,
        "rest": null,
        "nearest": {
          "d": 1.167194206178597,
          "ball": {
            "id": 3000671,
            "l": [
              7,
              10
            ],
            "v": [
              7,
              10
            ],
            "vy": 0,
            "speed": 0,
            "sq": 0,
            "vis": {
              "x": 7,
              "y": 10,
              "vy": 0,
              "sq": 0,
              "motionSpeed": 0
            },
            "path": null,
            "pathN": 0,
            "gid": 0,
            "size": 0,
            "role": -1,
            "rigid": false,
            "hold": null,
            "rest": null
          }
        }
      },
      {
        "id": 3,
        "l": [
          9,
          10
        ],
        "v": [
          6.4199981257874805,
          8.894921145210297
        ],
        "vy": 7.255197456936871,
        "speed": 6.283185307179586,
        "sq": 0,
        "vis": {
          "x": 6.4199981257874805,
          "y": 8.894921145210297,
          "vy": 7.255197456936871,
          "sq": 0,
          "motionSpeed": 6.283185307179586,
          "justReleased": false
        },
        "path": {
          "from": [
            5.868387096774193,
            8.588038166568918
          ],
          "to": [
            9,
            10
          ],
          "kind": "GROUP_SLOPE_TRANSLATE",
          "pivot": [
            7,
            10
          ],
          "pileFlow": false
        },
        "pathN": 1,
        "gid": 4,
        "size": 3,
        "role": 2,
        "rigid": true,
        "hold": null,
        "rest": null,
        "nearest": {
          "d": 0.9999999999999997,
          "ball": {
            "id": 3000671,
            "l": [
              7,
              10
            ],
            "v": [
              7,
              10
            ],
            "vy": 0,
            "speed": 0,
            "sq": 0,
            "vis": {
              "x": 7,
              "y": 10,
              "vy": 0,
              "sq": 0,
              "motionSpeed": 0
            },
            "path": null,
            "pathN": 0,
            "gid": 0,
            "size": 0,
            "role": -1,
            "rigid": false,
            "hold": null,
            "rest": null
          }
        }
      }
    ],
    "pairs": [
      {
        "a": 1,
        "b": 2,
        "d": 1.02098621650204
      },
      {
        "a": 1,
        "b": 3,
        "d": 0.9999999990702628
      },
      {
        "a": 2,
        "b": 3,
        "d": 1.0181582932414213
      }
    ]
  },
  {
    "seed": 11,
    "visibleOnly": true,
    "step": 3,
    "state": "RESOLVING",
    "phase": "SETTLE",
    "balls": [
      {
        "id": 1,
        "l": [
          10,
          9
        ],
        "v": [
          7.573645776599371,
          7.89548046184589
        ],
        "vy": 7.255197456936871,
        "speed": 6.283185307179586,
        "sq": 0,
        "vis": {
          "x": 7.573645776599371,
          "y": 7.89548046184589,
          "vy": 7.255197456936871,
          "sq": 0,
          "motionSpeed": 6.283185307179586,
          "justReleased": false
        },
        "path": {
          "from": [
            6.868387096774193,
            7.588038166568918
          ],
          "to": [
            10,
            9
          ],
          "kind": "GROUP_SLOPE_TRANSLATE",
          "pivot": [
            8,
            9
          ],
          "pileFlow": false
        },
        "pathN": 1,
        "gid": 4,
        "size": 3,
        "role": 0,
        "rigid": true,
        "hold": null,
        "rest": null,
        "nearest": {
          "d": 1.8449984374266735,
          "ball": {
            "id": 3000671,
            "l": [
              7,
              10
            ],
            "v": [
              7,
              10
            ],
            "vy": 0,
            "speed": 0,
            "sq": 0,
            "vis": {
              "x": 7,
              "y": 10,
              "vy": 0,
              "sq": 0,
              "motionSpeed": 0
            },
            "path": null,
            "pathN": 0,
            "gid": 0,
            "size": 0,
            "role": -1,
            "rigid": false,
            "hold": null,
            "rest": null
          }
        }
      },
      {
        "id": 2,
        "l": [
          11,
          10
        ],
        "v": [
          8.555857216768532,
          8.945791325435067
        ],
        "vy": 7.255197456936871,
        "speed": 6.283185307179586,
        "sq": 0,
        "vis": {
          "x": 8.555857216768532,
          "y": 8.945791325435067,
          "vy": 7.255197456936871,
          "sq": 0,
          "motionSpeed": 6.283185307179586,
          "justReleased": false
        },
        "path": {
          "from": [
            7.868387096774193,
            8.588038166568918
          ],
          "to": [
            11,
            10
          ],
          "kind": "GROUP_SLOPE_TRANSLATE",
          "pivot": [
            9,
            10
          ],
          "pileFlow": false
        },
        "pathN": 1,
        "gid": 4,
        "size": 3,
        "role": 1,
        "rigid": true,
        "hold": null,
        "rest": null,
        "nearest": {
          "d": 1.199453986982679,
          "ball": {
            "id": 3000671,
            "l": [
              7,
              10
            ],
            "v": [
              7,
              10
            ],
            "vy": 0,
            "speed": 0,
            "sq": 0,
            "vis": {
              "x": 7,
              "y": 10,
              "vy": 0,
              "sq": 0,
              "motionSpeed": 0
            },
            "path": null,
            "pathN": 0,
            "gid": 0,
            "size": 0,
            "role": -1,
            "rigid": false,
            "hold": null,
            "rest": null
          }
        }
      },
      {
        "id": 3,
        "l": [
          9,
          10
        ],
        "v": [
          6.524210753103814,
          8.878449794178023
        ],
        "vy": 7.255197456936871,
        "speed": 6.283185307179586,
        "sq": 0,
        "vis": {
          "x": 6.524210753103814,
          "y": 8.878449794178023,
          "vy": 7.255197456936871,
          "sq": 0,
          "motionSpeed": 6.283185307179586,
          "justReleased": false
        },
        "path": {
          "from": [
            5.868387096774193,
            8.588038166568918
          ],
          "to": [
            9,
            10
          ],
          "kind": "GROUP_SLOPE_TRANSLATE",
          "pivot": [
            7,
            10
          ],
          "pileFlow": false
        },
        "pathN": 1,
        "gid": 4,
        "size": 3,
        "role": 2,
        "rigid": true,
        "hold": null,
        "rest": null,
        "nearest": {
          "d": 0.9999999999999998,
          "ball": {
            "id": 3000671,
            "l": [
              7,
              10
            ],
            "v": [
              7,
              10
            ],
            "vy": 0,
            "speed": 0,
            "sq": 0,
            "vis": {
              "x": 7,
              "y": 10,
              "vy": 0,
              "sq": 0,
              "motionSpeed": 0
            },
            "path": null,
            "pathN": 0,
            "gid": 0,
            "size": 0,
            "role": -1,
            "rigid": false,
            "hold": null,
            "rest": null
          }
        }
      }
    ],
    "pairs": [
      {
        "a": 1,
        "b": 2,
        "d": 1.0337066851529386
      },
      {
        "a": 1,
        "b": 3,
        "d": 0.9999999991819448
      },
      {
        "a": 2,
        "b": 3,
        "d": 1.0174959457925965
      }
    ]
  },
  {
    "seed": 11,
    "visibleOnly": true,
    "step": 4,
    "state": "RESOLVING",
    "phase": "SETTLE",
    "balls": [
      {
        "id": 1,
        "l": [
          10,
          9
        ],
        "v": [
          7.67509637607921,
          7.879488685935407
        ],
        "vy": 7.255197456936871,
        "speed": 6.283185307179586,
        "sq": 0,
        "vis": {
          "x": 7.67509637607921,
          "y": 7.879488685935407,
          "vy": 7.255197456936871,
          "sq": 0,
          "motionSpeed": 6.283185307179586,
          "justReleased": false
        },
        "path": {
          "from": [
            6.868387096774193,
            7.588038166568918
          ],
          "to": [
            10,
            9
          ],
          "kind": "GROUP_SLOPE_TRANSLATE",
          "pivot": [
            8,
            9
          ],
          "pileFlow": false
        },
        "pathN": 1,
        "gid": 4,
        "size": 3,
        "role": 0,
        "rigid": true,
        "hold": null,
        "rest": null,
        "nearest": {
          "d": 1.8671810180204218,
          "ball": {
            "id": 3000671,
            "l": [
              7,
              10
            ],
            "v": [
              7,
              10
            ],
            "vy": 0,
            "speed": 0,
            "sq": 0,
            "vis": {
              "x": 7,
              "y": 10,
              "vy": 0,
              "sq": 0,
              "motionSpeed": 0
            },
            "path": null,
            "pathN": 0,
            "gid": 0,
            "size": 0,
            "role": -1,
            "rigid": false,
            "hold": null,
            "rest": null
          }
        }
      },
      {
        "id": 2,
        "l": [
          11,
          10
        ],
        "v": [
          8.658524196581114,
          8.945791325435067
        ],
        "vy": 7.255197456936871,
        "speed": 6.283185307179586,
        "sq": 0,
        "vis": {
          "x": 8.658524196581114,
          "y": 8.945791325435067,
          "vy": 7.255197456936871,
          "sq": 0,
          "motionSpeed": 6.283185307179586,
          "justReleased": false
        },
        "path": {
          "from": [
            7.868387096774193,
            8.588038166568918
          ],
          "to": [
            11,
            10
          ],
          "kind": "GROUP_SLOPE_TRANSLATE",
          "pivot": [
            9,
            10
          ],
          "pileFlow": false
        },
        "pathN": 1,
        "gid": 4,
        "size": 3,
        "role": 1,
        "rigid": true,
        "hold": null,
        "rest": null,
        "nearest": {
          "d": 1.233366358713915,
          "ball": {
            "id": 3000671,
            "l": [
              7,
              10
            ],
            "v": [
              7,
              10
            ],
            "vy": 0,
            "speed": 0,
            "sq": 0,
            "vis": {
              "x": 7,
              "y": 10,
              "vy": 0,
              "sq": 0,
              "motionSpeed": 0
            },
            "path": null,
            "pathN": 0,
            "gid": 0,
            "size": 0,
            "role": -1,
            "rigid": false,
            "hold": null,
            "rest": null
          }
        }
      },
      {
        "id": 3,
        "l": [
          9,
          10
        ],
        "v": [
          6.632673159950846,
          8.864941852799381
        ],
        "vy": 7.255197456936871,
        "speed": 6.283185307179586,
        "sq": 0,
        "vis": {
          "x": 6.632673159950846,
          "y": 8.864941852799381,
          "vy": 7.255197456936871,
          "sq": 0,
          "motionSpeed": 6.283185307179586,
          "justReleased": false
        },
        "path": {
          "from": [
            5.868387096774193,
            8.588038166568918
          ],
          "to": [
            9,
            10
          ],
          "kind": "GROUP_SLOPE_TRANSLATE",
          "pivot": [
            7,
            10
          ],
          "pileFlow": false
        },
        "pathN": 1,
        "gid": 4,
        "size": 3,
        "role": 2,
        "rigid": true,
        "hold": null,
        "rest": null,
        "nearest": {
          "d": 1,
          "ball": {
            "id": 3000671,
            "l": [
              7,
              10
            ],
            "v": [
              7,
              10
            ],
            "vy": 0,
            "speed": 0,
            "sq": 0,
            "vis": {
              "x": 7,
              "y": 10,
              "vy": 0,
              "sq": 0,
              "motionSpeed": 0
            },
            "path": null,
            "pathN": 0,
            "gid": 0,
            "size": 0,
            "role": -1,
            "rigid": false,
            "hold": null,
            "rest": null
          }
        }
      }
    ],
    "pairs": [
      {
        "a": 1,
        "b": 2,
        "d": 1.0461995788506309
      },
      {
        "a": 1,
        "b": 3,
        "d": 0.9999999992212636
      },
      {
        "a": 2,
        "b": 3,
        "d": 1.0153425941883283
      }
    ]
  }
]
