HARD_DROP_FINAL_CLAMP [
  {
    "seed": 3,
    "step": -1,
    "stage": "afterDrop",
    "state": {
      "min": 0.9999999999999999,
      "pair": [
        1,
        3
      ],
      "tracked": [
        {
          "id": 1,
          "v": [
            2.7393548387096773,
            10
          ],
          "l": [
            1,
            10
          ],
          "noUp": 10,
          "hold": {
            "x": 2.7393548387096773,
            "y": 10,
            "ax": 1,
            "ay": 10
          },
          "rest": null,
          "path": []
        },
        {
          "id": 3,
          "v": [
            1.7393548387096776,
            11
          ],
          "l": [
            0,
            11
          ],
          "noUp": 11,
          "hold": {
            "x": 1.7393548387096776,
            "y": 11,
            "ax": 0,
            "ay": 11
          },
          "rest": null,
          "path": []
        },
        {
          "id": 2,
          "v": [
            3.7393548387096773,
            11
          ],
          "l": [
            2,
            11
          ],
          "noUp": 11,
          "hold": {
            "x": 3.7393548387096773,
            "y": 11,
            "ax": 2,
            "ay": 11
          },
          "rest": null,
          "path": []
        }
      ]
    }
  },
  {
    "seed": 3,
    "step": 0,
    "call": 0,
    "stage": "solver",
    "pre": {
      "min": 0.9999999992159018,
      "pair": [
        3,
        2
      ],
      "tracked": [
        {
          "id": 1,
          "v": [
            2.690526875496711,
            9.92506309005802
          ],
          "l": [
            1,
            10
          ],
          "noUp": 10,
          "hold": {
            "x": 2.7393548387096773,
            "y": 10,
            "ax": 1,
            "ay": 10
          },
          "rest": null,
          "path": []
        },
        {
          "id": 3,
          "v": [
            1.5099972765498852,
            11
          ],
          "l": [
            0,
            11
          ],
          "noUp": 11,
          "hold": {
            "x": 1.7393548387096776,
            "y": 11,
            "ax": 0,
            "ay": 11
          },
          "rest": null,
          "path": []
        },
        {
          "id": 2,
          "v": [
            3.509997274981689,
            11
          ],
          "l": [
            2,
            11
          ],
          "noUp": 11,
          "hold": {
            "x": 3.7393548387096773,
            "y": 11,
            "ax": 2,
            "ay": 11
          },
          "rest": null,
          "path": []
        }
      ]
    },
    "post": {
      "min": 0.9999999992159018,
      "pair": [
        3,
        2
      ],
      "tracked": [
        {
          "id": 1,
          "v": [
            2.690526875496711,
            9.92506309005802
          ],
          "l": [
            1,
            10
          ],
          "noUp": 10,
          "hold": {
            "x": 2.7393548387096773,
            "y": 10,
            "ax": 1,
            "ay": 10
          },
          "rest": null,
          "path": []
        },
        {
          "id": 3,
          "v": [
            1.5099972765498852,
            11
          ],
          "l": [
            0,
            11
          ],
          "noUp": 11,
          "hold": {
            "x": 1.7393548387096776,
            "y": 11,
            "ax": 0,
            "ay": 11
          },
          "rest": null,
          "path": []
        },
        {
          "id": 2,
          "v": [
            3.509997274981689,
            11
          ],
          "l": [
            2,
            11
          ],
          "noUp": 11,
          "hold": {
            "x": 3.7393548387096773,
            "y": 11,
            "ax": 2,
            "ay": 11
          },
          "rest": null,
          "path": []
        }
      ]
    },
    "ret": 0
  },
  {
    "seed": 3,
    "step": 0,
    "call": 1,
    "stage": "solver",
    "pre": {
      "min": 0.9999999992159018,
      "pair": [
        3,
        2
      ],
      "tracked": [
        {
          "id": 1,
          "v": [
            2.690526875496711,
            9.92506309005802
          ],
          "l": [
            1,
            10
          ],
          "noUp": 10,
          "hold": {
            "x": 2.7393548387096773,
            "y": 10,
            "ax": 1,
            "ay": 10
          },
          "rest": null,
          "path": []
        },
        {
          "id": 3,
          "v": [
            1.5099972765498852,
            11
          ],
          "l": [
            0,
            11
          ],
          "noUp": 11,
          "hold": {
            "x": 1.7393548387096776,
            "y": 11,
            "ax": 0,
            "ay": 11
          },
          "rest": null,
          "path": []
        },
        {
          "id": 2,
          "v": [
            3.509997274981689,
            11
          ],
          "l": [
            2,
            11
          ],
          "noUp": 11,
          "hold": {
            "x": 3.7393548387096773,
            "y": 11,
            "ax": 2,
            "ay": 11
          },
          "rest": null,
          "path": []
        }
      ]
    },
    "post": {
      "min": 0.9999999992159018,
      "pair": [
        3,
        2
      ],
      "tracked": [
        {
          "id": 1,
          "v": [
            2.690526875496711,
            9.92506309005802
          ],
          "l": [
            1,
            10
          ],
          "noUp": 10,
          "hold": {
            "x": 2.7393548387096773,
            "y": 10,
            "ax": 1,
            "ay": 10
          },
          "rest": null,
          "path": []
        },
        {
          "id": 3,
          "v": [
            1.5099972765498852,
            11
          ],
          "l": [
            0,
            11
          ],
          "noUp": 11,
          "hold": {
            "x": 1.7393548387096776,
            "y": 11,
            "ax": 0,
            "ay": 11
          },
          "rest": null,
          "path": []
        },
        {
          "id": 2,
          "v": [
            3.509997274981689,
            11
          ],
          "l": [
            2,
            11
          ],
          "noUp": 11,
          "hold": {
            "x": 3.7393548387096773,
            "y": 11,
            "ax": 2,
            "ay": 11
          },
          "rest": null,
          "path": []
        }
      ]
    },
    "ret": 0
  },
  {
    "seed": 3,
    "step": 0,
    "call": 2,
    "stage": "solver",
    "pre": {
      "min": 0.9999999992159018,
      "pair": [
        3,
        2
      ],
      "tracked": [
        {
          "id": 1,
          "v": [
            2.690526875496711,
            9.92506309005802
          ],
          "l": [
            1,
            10
          ],
          "noUp": 10,
          "hold": {
            "x": 2.7393548387096773,
            "y": 10,
            "ax": 1,
            "ay": 10
          },
          "rest": null,
          "path": []
        },
        {
          "id": 3,
          "v": [
            1.5099972765498852,
            11
          ],
          "l": [
            0,
            11
          ],
          "noUp": 11,
          "hold": {
            "x": 1.7393548387096776,
            "y": 11,
            "ax": 0,
            "ay": 11
          },
          "rest": null,
          "path": []
        },
        {
          "id": 2,
          "v": [
            3.509997274981689,
            11
          ],
          "l": [
            2,
            11
          ],
          "noUp": 11,
          "hold": {
            "x": 3.7393548387096773,
            "y": 11,
            "ax": 2,
            "ay": 11
          },
          "rest": null,
          "path": []
        }
      ]
    },
    "post": {
      "min": 0.9999999992159018,
      "pair": [
        3,
        2
      ],
      "tracked": [
        {
          "id": 1,
          "v": [
            2.690526875496711,
            9.92506309005802
          ],
          "l": [
            1,
            10
          ],
          "noUp": 10,
          "hold": {
            "x": 2.7393548387096773,
            "y": 10,
            "ax": 1,
            "ay": 10
          },
          "rest": null,
          "path": []
        },
        {
          "id": 3,
          "v": [
            1.5099972765498852,
            11
          ],
          "l": [
            0,
            11
          ],
          "noUp": 11,
          "hold": {
            "x": 1.7393548387096776,
            "y": 11,
            "ax": 0,
            "ay": 11
          },
          "rest": null,
          "path": []
        },
        {
          "id": 2,
          "v": [
            3.509997274981689,
            11
          ],
          "l": [
            2,
            11
          ],
          "noUp": 11,
          "hold": {
            "x": 3.7393548387096773,
            "y": 11,
            "ax": 2,
            "ay": 11
          },
          "rest": null,
          "path": []
        }
      ]
    },
    "ret": 0
  },
  {
    "seed": 3,
    "step": 0,
    "stage": "afterStep",
    "state": {
      "min": 0.9580620720537982,
      "pair": [
        1,
        2
      ],
      "tracked": [
        {
          "id": 1,
          "v": [
            2.690526875496711,
            10
          ],
          "l": [
            1,
            10
          ],
          "noUp": 10,
          "hold": {
            "x": 2.7393548387096773,
            "y": 10,
            "ax": 1,
            "ay": 10
          },
          "rest": null,
          "path": []
        },
        {
          "id": 3,
          "v": [
            1.5099972765498852,
            11
          ],
          "l": [
            0,
            11
          ],
          "noUp": 11,
          "hold": {
            "x": 1.7393548387096776,
            "y": 11,
            "ax": 0,
            "ay": 11
          },
          "rest": null,
          "path": []
        },
        {
          "id": 2,
          "v": [
            3.509997274981689,
            11
          ],
          "l": [
            2,
            11
          ],
          "noUp": 11,
          "hold": {
            "x": 3.7393548387096773,
            "y": 11,
            "ax": 2,
            "ay": 11
          },
          "rest": null,
          "path": []
        }
      ]
    }
  },
  {
    "seed": 3,
    "step": 1,
    "call": 0,
    "stage": "solver",
    "pre": {
      "min": 0.9999999992159018,
      "pair": [
        3,
        2
      ],
      "tracked": [
        {
          "id": 1,
          "v": [
            2.690526875496711,
            9.92506309005802
          ],
          "l": [
            1,
            10
          ],
          "noUp": 10,
          "hold": {
            "x": 2.7393548387096773,
            "y": 10,
            "ax": 1,
            "ay": 10
          },
          "rest": null,
          "path": []
        },
        {
          "id": 3,
          "v": [
            1.5099972765498852,
            11
          ],
          "l": [
            0,
            11
          ],
          "noUp": 11,
          "hold": {
            "x": 1.7393548387096776,
            "y": 11,
            "ax": 0,
            "ay": 11
          },
          "rest": null,
          "path": []
        },
        {
          "id": 2,
          "v": [
            3.509997274981689,
            11
          ],
          "l": [
            2,
            11
          ],
          "noUp": 11,
          "hold": {
            "x": 3.7393548387096773,
            "y": 11,
            "ax": 2,
            "ay": 11
          },
          "rest": null,
          "path": []
        }
      ]
    },
    "post": {
      "min": 0.9999999992159018,
      "pair": [
        3,
        2
      ],
      "tracked": [
        {
          "id": 1,
          "v": [
            2.690526875496711,
            9.92506309005802
          ],
          "l": [
            1,
            10
          ],
          "noUp": 10,
          "hold": {
            "x": 2.7393548387096773,
            "y": 10,
            "ax": 1,
            "ay": 10
          },
          "rest": null,
          "path": []
        },
        {
          "id": 3,
          "v": [
            1.5099972765498852,
            11
          ],
          "l": [
            0,
            11
          ],
          "noUp": 11,
          "hold": {
            "x": 1.7393548387096776,
            "y": 11,
            "ax": 0,
            "ay": 11
          },
          "rest": null,
          "path": []
        },
        {
          "id": 2,
          "v": [
            3.509997274981689,
            11
          ],
          "l": [
            2,
            11
          ],
          "noUp": 11,
          "hold": {
            "x": 3.7393548387096773,
            "y": 11,
            "ax": 2,
            "ay": 11
          },
          "rest": null,
          "path": []
        }
      ]
    },
    "ret": 0
  },
  {
    "seed": 3,
    "step": 1,
    "call": 1,
    "stage": "solver",
    "pre": {
      "min": 0.9999999992159018,
      "pair": [
        3,
        2
      ],
      "tracked": [
        {
          "id": 1,
          "v": [
            2.690526875496711,
            9.92506309005802
          ],
          "l": [
            1,
            10
          ],
          "noUp": 10,
          "hold": {
            "x": 2.7393548387096773,
            "y": 10,
            "ax": 1,
            "ay": 10
          },
          "rest": null,
          "path": []
        },
        {
          "id": 3,
          "v": [
            1.5099972765498852,
            11
          ],
          "l": [
            0,
            11
          ],
          "noUp": 11,
          "hold": {
            "x": 1.7393548387096776,
            "y": 11,
            "ax": 0,
            "ay": 11
          },
          "rest": null,
          "path": []
        },
        {
          "id": 2,
          "v": [
            3.509997274981689,
            11
          ],
          "l": [
            2,
            11
          ],
          "noUp": 11,
          "hold": {
            "x": 3.7393548387096773,
            "y": 11,
            "ax": 2,
            "ay": 11
          },
          "rest": null,
          "path": []
        }
      ]
    },
    "post": {
      "min": 0.9999999992159018,
      "pair": [
        3,
        2
      ],
      "tracked": [
        {
          "id": 1,
          "v": [
            2.690526875496711,
            9.92506309005802
          ],
          "l": [
            1,
            10
          ],
          "noUp": 10,
          "hold": {
            "x": 2.7393548387096773,
            "y": 10,
            "ax": 1,
            "ay": 10
          },
          "rest": null,
          "path": []
        },
        {
          "id": 3,
          "v": [
            1.5099972765498852,
            11
          ],
          "l": [
            0,
            11
          ],
          "noUp": 11,
          "hold": {
            "x": 1.7393548387096776,
            "y": 11,
            "ax": 0,
            "ay": 11
          },
          "rest": null,
          "path": []
        },
        {
          "id": 2,
          "v": [
            3.509997274981689,
            11
          ],
          "l": [
            2,
            11
          ],
          "noUp": 11,
          "hold": {
            "x": 3.7393548387096773,
            "y": 11,
            "ax": 2,
            "ay": 11
          },
          "rest": null,
          "path": []
        }
      ]
    },
    "ret": 0
  },
  {
    "seed": 3,
    "step": 1,
    "call": 2,
    "stage": "solver",
    "pre": {
      "min": 0.9999999992159018,
      "pair": [
        3,
        2
      ],
      "tracked": [
        {
          "id": 1,
          "v": [
            2.690526875496711,
            9.92506309005802
          ],
          "l": [
            1,
            10
          ],
          "noUp": 10,
          "hold": {
            "x": 2.7393548387096773,
            "y": 10,
            "ax": 1,
            "ay": 10
          },
          "rest": null,
          "path": []
        },
        {
          "id": 3,
          "v": [
            1.5099972765498852,
            11
          ],
          "l": [
            0,
            11
          ],
          "noUp": 11,
          "hold": {
            "x": 1.7393548387096776,
            "y": 11,
            "ax": 0,
            "ay": 11
          },
          "rest": null,
          "path": []
        },
        {
          "id": 2,
          "v": [
            3.509997274981689,
            11
          ],
          "l": [
            2,
            11
          ],
          "noUp": 11,
          "hold": {
            "x": 3.7393548387096773,
            "y": 11,
            "ax": 2,
            "ay": 11
          },
          "rest": null,
          "path": []
        }
      ]
    },
    "post": {
      "min": 0.9999999992159018,
      "pair": [
        3,
        2
      ],
      "tracked": [
        {
          "id": 1,
          "v": [
            2.690526875496711,
            9.92506309005802
          ],
          "l": [
            1,
            10
          ],
          "noUp": 10,
          "hold": {
            "x": 2.7393548387096773,
            "y": 10,
            "ax": 1,
            "ay": 10
          },
          "rest": null,
          "path": []
        },
        {
          "id": 3,
          "v": [
            1.5099972765498852,
            11
          ],
          "l": [
            0,
            11
          ],
          "noUp": 11,
          "hold": {
            "x": 1.7393548387096776,
            "y": 11,
            "ax": 0,
            "ay": 11
          },
          "rest": null,
          "path": []
        },
        {
          "id": 2,
          "v": [
            3.509997274981689,
            11
          ],
          "l": [
            2,
            11
          ],
          "noUp": 11,
          "hold": {
            "x": 3.7393548387096773,
            "y": 11,
            "ax": 2,
            "ay": 11
          },
          "rest": null,
          "path": []
        }
      ]
    },
    "ret": 0
  },
  {
    "seed": 3,
    "step": 1,
    "stage": "afterStep",
    "state": {
      "min": 0.9580620720537982,
      "pair": [
        1,
        2
      ],
      "tracked": [
        {
          "id": 1,
          "v": [
            2.690526875496711,
            10
          ],
          "l": [
            1,
            10
          ],
          "noUp": 10,
          "hold": {
            "x": 2.7393548387096773,
            "y": 10,
            "ax": 1,
            "ay": 10
          },
          "rest": null,
          "path": []
        },
        {
          "id": 3,
          "v": [
            1.5099972765498852,
            11
          ],
          "l": [
            0,
            11
          ],
          "noUp": 11,
          "hold": {
            "x": 1.7393548387096776,
            "y": 11,
            "ax": 0,
            "ay": 11
          },
          "rest": null,
          "path": []
        },
        {
          "id": 2,
          "v": [
            3.509997274981689,
            11
          ],
          "l": [
            2,
            11
          ],
          "noUp": 11,
          "hold": {
            "x": 3.7393548387096773,
            "y": 11,
            "ax": 2,
            "ay": 11
          },
          "rest": null,
          "path": []
        }
      ]
    }
  },
  {
    "seed": 3,
    "step": 2,
    "call": 0,
    "stage": "solver",
    "pre": {
      "min": 0.9999999992159018,
      "pair": [
        3,
        2
      ],
      "tracked": [
        {
          "id": 1,
          "v": [
            2.690526875496711,
            9.92506309005802
          ],
          "l": [
            1,
            10
          ],
          "noUp": 10,
          "hold": {
            "x": 2.7393548387096773,
            "y": 10,
            "ax": 1,
            "ay": 10
          },
          "rest": null,
          "path": []
        },
        {
          "id": 3,
          "v": [
            1.5099972765498852,
            11
          ],
          "l": [
            0,
            11
          ],
          "noUp": 11,
          "hold": {
            "x": 1.7393548387096776,
            "y": 11,
            "ax": 0,
            "ay": 11
          },
          "rest": null,
          "path": []
        },
        {
          "id": 2,
          "v": [
            3.509997274981689,
            11
          ],
          "l": [
            2,
            11
          ],
          "noUp": 11,
          "hold": {
            "x": 3.7393548387096773,
            "y": 11,
            "ax": 2,
            "ay": 11
          },
          "rest": null,
          "path": []
        }
      ]
    },
    "post": {
      "min": 0.9999999992159018,
      "pair": [
        3,
        2
      ],
      "tracked": [
        {
          "id": 1,
          "v": [
            2.690526875496711,
            9.92506309005802
          ],
          "l": [
            1,
            10
          ],
          "noUp": 10,
          "hold": {
            "x": 2.7393548387096773,
            "y": 10,
            "ax": 1,
            "ay": 10
          },
          "rest": null,
          "path": []
        },
        {
          "id": 3,
          "v": [
            1.5099972765498852,
            11
          ],
          "l": [
            0,
            11
          ],
          "noUp": 11,
          "hold": {
            "x": 1.7393548387096776,
            "y": 11,
            "ax": 0,
            "ay": 11
          },
          "rest": null,
          "path": []
        },
        {
          "id": 2,
          "v": [
            3.509997274981689,
            11
          ],
          "l": [
            2,
            11
          ],
          "noUp": 11,
          "hold": {
            "x": 3.7393548387096773,
            "y": 11,
            "ax": 2,
            "ay": 11
          },
          "rest": null,
          "path": []
        }
      ]
    },
    "ret": 0
  },
  {
    "seed": 3,
    "step": 2,
    "call": 1,
    "stage": "solver",
    "pre": {
      "min": 0.9999999992159018,
      "pair": [
        3,
        2
      ],
      "tracked": [
        {
          "id": 1,
          "v": [
            2.690526875496711,
            9.92506309005802
          ],
          "l": [
            1,
            10
          ],
          "noUp": 10,
          "hold": {
            "x": 2.7393548387096773,
            "y": 10,
            "ax": 1,
            "ay": 10
          },
          "rest": null,
          "path": []
        },
        {
          "id": 3,
          "v": [
            1.5099972765498852,
            11
          ],
          "l": [
            0,
            11
          ],
          "noUp": 11,
          "hold": {
            "x": 1.7393548387096776,
            "y": 11,
            "ax": 0,
            "ay": 11
          },
          "rest": null,
          "path": []
        },
        {
          "id": 2,
          "v": [
            3.509997274981689,
            11
          ],
          "l": [
            2,
            11
          ],
          "noUp": 11,
          "hold": {
            "x": 3.7393548387096773,
            "y": 11,
            "ax": 2,
            "ay": 11
          },
          "rest": null,
          "path": []
        }
      ]
    },
    "post": {
      "min": 0.9999999992159018,
      "pair": [
        3,
        2
      ],
      "tracked": [
        {
          "id": 1,
          "v": [
            2.690526875496711,
            9.92506309005802
          ],
          "l": [
            1,
            10
          ],
          "noUp": 10,
          "hold": {
            "x": 2.7393548387096773,
            "y": 10,
            "ax": 1,
            "ay": 10
          },
          "rest": null,
          "path": []
        },
        {
          "id": 3,
          "v": [
            1.5099972765498852,
            11
          ],
          "l": [
            0,
            11
          ],
          "noUp": 11,
          "hold": {
            "x": 1.7393548387096776,
            "y": 11,
            "ax": 0,
            "ay": 11
          },
          "rest": null,
          "path": []
        },
        {
          "id": 2,
          "v": [
            3.509997274981689,
            11
          ],
          "l": [
            2,
            11
          ],
          "noUp": 11,
          "hold": {
            "x": 3.7393548387096773,
            "y": 11,
            "ax": 2,
            "ay": 11
          },
          "rest": null,
          "path": []
        }
      ]
    },
    "ret": 0
  },
  {
    "seed": 3,
    "step": 2,
    "call": 2,
    "stage": "solver",
    "pre": {
      "min": 0.9999999992159018,
      "pair": [
        3,
        2
      ],
      "tracked": [
        {
          "id": 1,
          "v": [
            2.690526875496711,
            9.92506309005802
          ],
          "l": [
            1,
            10
          ],
          "noUp": 10,
          "hold": {
            "x": 2.7393548387096773,
            "y": 10,
            "ax": 1,
            "ay": 10
          },
          "rest": null,
          "path": []
        },
        {
          "id": 3,
          "v": [
            1.5099972765498852,
            11
          ],
          "l": [
            0,
            11
          ],
          "noUp": 11,
          "hold": {
            "x": 1.7393548387096776,
            "y": 11,
            "ax": 0,
            "ay": 11
          },
          "rest": null,
          "path": []
        },
        {
          "id": 2,
          "v": [
            3.509997274981689,
            11
          ],
          "l": [
            2,
            11
          ],
          "noUp": 11,
          "hold": {
            "x": 3.7393548387096773,
            "y": 11,
            "ax": 2,
            "ay": 11
          },
          "rest": null,
          "path": []
        }
      ]
    },
    "post": {
      "min": 0.9999999992159018,
      "pair": [
        3,
        2
      ],
      "tracked": [
        {
          "id": 1,
          "v": [
            2.690526875496711,
            9.92506309005802
          ],
          "l": [
            1,
            10
          ],
          "noUp": 10,
          "hold": {
            "x": 2.7393548387096773,
            "y": 10,
            "ax": 1,
            "ay": 10
          },
          "rest": null,
          "path": []
        },
        {
          "id": 3,
          "v": [
            1.5099972765498852,
            11
          ],
          "l": [
            0,
            11
          ],
          "noUp": 11,
          "hold": {
            "x": 1.7393548387096776,
            "y": 11,
            "ax": 0,
            "ay": 11
          },
          "rest": null,
          "path": []
        },
        {
          "id": 2,
          "v": [
            3.509997274981689,
            11
          ],
          "l": [
            2,
            11
          ],
          "noUp": 11,
          "hold": {
            "x": 3.7393548387096773,
            "y": 11,
            "ax": 2,
            "ay": 11
          },
          "rest": null,
          "path": []
        }
      ]
    },
    "ret": 0
  },
  {
    "seed": 3,
    "step": 2,
    "stage": "afterStep",
    "state": {
      "min": 0.9580620720537982,
      "pair": [
        1,
        2
      ],
      "tracked": [
        {
          "id": 1,
          "v": [
            2.690526875496711,
            10
          ],
          "l": [
            1,
            10
          ],
          "noUp": 10,
          "hold": {
            "x": 2.7393548387096773,
            "y": 10,
            "ax": 1,
            "ay": 10
          },
          "rest": null,
          "path": []
        },
        {
          "id": 3,
          "v": [
            1.5099972765498852,
            11
          ],
          "l": [
            0,
            11
          ],
          "noUp": 11,
          "hold": {
            "x": 1.7393548387096776,
            "y": 11,
            "ax": 0,
            "ay": 11
          },
          "rest": null,
          "path": []
        },
        {
          "id": 2,
          "v": [
            3.509997274981689,
            11
          ],
          "l": [
            2,
            11
          ],
          "noUp": 11,
          "hold": {
            "x": 3.7393548387096773,
            "y": 11,
            "ax": 2,
            "ay": 11
          },
          "rest": null,
          "path": []
        }
      ]
    }
  },
  {
    "seed": 3,
    "step": 3,
    "call": 0,
    "stage": "solver",
    "pre": {
      "min": 0.9999999992159018,
      "pair": [
        3,
        2
      ],
      "tracked": [
        {
          "id": 1,
          "v": [
            2.690526875496711,
            9.92506309005802
          ],
          "l": [
            1,
            10
          ],
          "noUp": 10,
          "hold": {
            "x": 2.7393548387096773,
            "y": 10,
            "ax": 1,
            "ay": 10
          },
          "rest": null,
          "path": []
        },
        {
          "id": 3,
          "v": [
            1.5099972765498852,
            11
          ],
          "l": [
            0,
            11
          ],
          "noUp": 11,
          "hold": {
            "x": 1.7393548387096776,
            "y": 11,
            "ax": 0,
            "ay": 11
          },
          "rest": null,
          "path": []
        },
        {
          "id": 2,
          "v": [
            3.509997274981689,
            11
          ],
          "l": [
            2,
            11
          ],
          "noUp": 11,
          "hold": {
            "x": 3.7393548387096773,
            "y": 11,
            "ax": 2,
            "ay": 11
          },
          "rest": null,
          "path": []
        }
      ]
    },
    "post": {
      "min": 0.9999999992159018,
      "pair": [
        3,
        2
      ],
      "tracked": [
        {
          "id": 1,
          "v": [
            2.690526875496711,
            9.92506309005802
          ],
          "l": [
            1,
            10
          ],
          "noUp": 10,
          "hold": {
            "x": 2.7393548387096773,
            "y": 10,
            "ax": 1,
            "ay": 10
          },
          "rest": null,
          "path": []
        },
        {
          "id": 3,
          "v": [
            1.5099972765498852,
            11
          ],
          "l": [
            0,
            11
          ],
          "noUp": 11,
          "hold": {
            "x": 1.7393548387096776,
            "y": 11,
            "ax": 0,
            "ay": 11
          },
          "rest": null,
          "path": []
        },
        {
          "id": 2,
          "v": [
            3.509997274981689,
            11
          ],
          "l": [
            2,
            11
          ],
          "noUp": 11,
          "hold": {
            "x": 3.7393548387096773,
            "y": 11,
            "ax": 2,
            "ay": 11
          },
          "rest": null,
          "path": []
        }
      ]
    },
    "ret": 0
  },
  {
    "seed": 3,
    "step": 3,
    "call": 1,
    "stage": "solver",
    "pre": {
      "min": 0.9999999992159018,
      "pair": [
        3,
        2
      ],
      "tracked": [
        {
          "id": 1,
          "v": [
            2.690526875496711,
            9.92506309005802
          ],
          "l": [
            1,
            10
          ],
          "noUp": 10,
          "hold": {
            "x": 2.7393548387096773,
            "y": 10,
            "ax": 1,
            "ay": 10
          },
          "rest": null,
          "path": []
        },
        {
          "id": 3,
          "v": [
            1.5099972765498852,
            11
          ],
          "l": [
            0,
            11
          ],
          "noUp": 11,
          "hold": {
            "x": 1.7393548387096776,
            "y": 11,
            "ax": 0,
            "ay": 11
          },
          "rest": null,
          "path": []
        },
        {
          "id": 2,
          "v": [
            3.509997274981689,
            11
          ],
          "l": [
            2,
            11
          ],
          "noUp": 11,
          "hold": {
            "x": 3.7393548387096773,
            "y": 11,
            "ax": 2,
            "ay": 11
          },
          "rest": null,
          "path": []
        }
      ]
    },
    "post": {
      "min": 0.9999999992159018,
      "pair": [
        3,
        2
      ],
      "tracked": [
        {
          "id": 1,
          "v": [
            2.690526875496711,
            9.92506309005802
          ],
          "l": [
            1,
            10
          ],
          "noUp": 10,
          "hold": {
            "x": 2.7393548387096773,
            "y": 10,
            "ax": 1,
            "ay": 10
          },
          "rest": null,
          "path": []
        },
        {
          "id": 3,
          "v": [
            1.5099972765498852,
            11
          ],
          "l": [
            0,
            11
          ],
          "noUp": 11,
          "hold": {
            "x": 1.7393548387096776,
            "y": 11,
            "ax": 0,
            "ay": 11
          },
          "rest": null,
          "path": []
        },
        {
          "id": 2,
          "v": [
            3.509997274981689,
            11
          ],
          "l": [
            2,
            11
          ],
          "noUp": 11,
          "hold": {
            "x": 3.7393548387096773,
            "y": 11,
            "ax": 2,
            "ay": 11
          },
          "rest": null,
          "path": []
        }
      ]
    },
    "ret": 0
  },
  {
    "seed": 3,
    "step": 3,
    "call": 2,
    "stage": "solver",
    "pre": {
      "min": 0.9999999992159018,
      "pair": [
        3,
        2
      ],
      "tracked": [
        {
          "id": 1,
          "v": [
            2.690526875496711,
            9.92506309005802
          ],
          "l": [
            1,
            10
          ],
          "noUp": 10,
          "hold": {
            "x": 2.7393548387096773,
            "y": 10,
            "ax": 1,
            "ay": 10
          },
          "rest": null,
          "path": []
        },
        {
          "id": 3,
          "v": [
            1.5099972765498852,
            11
          ],
          "l": [
            0,
            11
          ],
          "noUp": 11,
          "hold": {
            "x": 1.7393548387096776,
            "y": 11,
            "ax": 0,
            "ay": 11
          },
          "rest": null,
          "path": []
        },
        {
          "id": 2,
          "v": [
            3.509997274981689,
            11
          ],
          "l": [
            2,
            11
          ],
          "noUp": 11,
          "hold": {
            "x": 3.7393548387096773,
            "y": 11,
            "ax": 2,
            "ay": 11
          },
          "rest": null,
          "path": []
        }
      ]
    },
    "post": {
      "min": 0.9999999992159018,
      "pair": [
        3,
        2
      ],
      "tracked": [
        {
          "id": 1,
          "v": [
            2.690526875496711,
            9.92506309005802
          ],
          "l": [
            1,
            10
          ],
          "noUp": 10,
          "hold": {
            "x": 2.7393548387096773,
            "y": 10,
            "ax": 1,
            "ay": 10
          },
          "rest": null,
          "path": []
        },
        {
          "id": 3,
          "v": [
            1.5099972765498852,
            11
          ],
          "l": [
            0,
            11
          ],
          "noUp": 11,
          "hold": {
            "x": 1.7393548387096776,
            "y": 11,
            "ax": 0,
            "ay": 11
          },
          "rest": null,
          "path": []
        },
        {
          "id": 2,
          "v": [
            3.509997274981689,
            11
          ],
          "l": [
            2,
            11
          ],
          "noUp": 11,
          "hold": {
            "x": 3.7393548387096773,
            "y": 11,
            "ax": 2,
            "ay": 11
          },
          "rest": null,
          "path": []
        }
      ]
    },
    "ret": 0
  },
  {
    "seed": 3,
    "step": 3,
    "stage": "afterStep",
    "state": {
      "min": 0.9580620720537982,
      "pair": [
        1,
        2
      ],
      "tracked": [
        {
          "id": 1,
          "v": [
            2.690526875496711,
            10
          ],
          "l": [
            1,
            10
          ],
          "noUp": 10,
          "hold": {
            "x": 2.7393548387096773,
            "y": 10,
            "ax": 1,
            "ay": 10
          },
          "rest": null,
          "path": []
        },
        {
          "id": 3,
          "v": [
            1.5099972765498852,
            11
          ],
          "l": [
            0,
            11
          ],
          "noUp": 11,
          "hold": {
            "x": 1.7393548387096776,
            "y": 11,
            "ax": 0,
            "ay": 11
          },
          "rest": null,
          "path": []
        },
        {
          "id": 2,
          "v": [
            3.509997274981689,
            11
          ],
          "l": [
            2,
            11
          ],
          "noUp": 11,
          "hold": {
            "x": 3.7393548387096773,
            "y": 11,
            "ax": 2,
            "ay": 11
          },
          "rest": null,
          "path": []
        }
      ]
    }
  },
  {
    "seed": 5,
    "step": -1,
    "stage": "afterDrop",
    "state": {
      "min": 1,
      "pair": [
        1,
        3
      ],
      "tracked": [
        {
          "id": 1,
          "v": [
            11.21258064516129,
            10
          ],
          "l": [
            13,
            10
          ],
          "noUp": 10,
          "hold": {
            "x": 11.21258064516129,
            "y": 10,
            "ax": 13,
            "ay": 10
          },
          "rest": null,
          "path": []
        },
        {
          "id": 3,
          "v": [
            10.21258064516129,
            11
          ],
          "l": [
            12,
            11
          ],
          "noUp": 11,
          "hold": {
            "x": 10.21258064516129,
            "y": 11,
            "ax": 12,
            "ay": 11
          },
          "rest": null,
          "path": []
        },
        {
          "id": 2,
          "v": [
            12.21258064516129,
            11
          ],
          "l": [
            14,
            11
          ],
          "noUp": 11,
          "hold": {
            "x": 12.21258064516129,
            "y": 11,
            "ax": 14,
            "ay": 11
          },
          "rest": null,
          "path": []
        }
      ]
    }
  },
  {
    "seed": 5,
    "step": 0,
    "call": 0,
    "stage": "solver",
    "pre": {
      "min": 1,
      "pair": [
        1,
        3
      ],
      "tracked": [
        {
          "id": 1,
          "v": [
            11.21258064516129,
            10
          ],
          "l": [
            13,
            10
          ],
          "noUp": 10,
          "hold": {
            "x": 11.21258064516129,
            "y": 10,
            "ax": 13,
            "ay": 10
          },
          "rest": null,
          "path": []
        },
        {
          "id": 3,
          "v": [
            10.21258064516129,
            11
          ],
          "l": [
            12,
            11
          ],
          "noUp": 11,
          "hold": {
            "x": 10.21258064516129,
            "y": 11,
            "ax": 12,
            "ay": 11
          },
          "rest": null,
          "path": []
        },
        {
          "id": 2,
          "v": [
            12.21258064516129,
            11
          ],
          "l": [
            14,
            11
          ],
          "noUp": 11,
          "hold": {
            "x": 12.21258064516129,
            "y": 11,
            "ax": 14,
            "ay": 11
          },
          "rest": null,
          "path": []
        }
      ]
    },
    "post": {
      "min": 1,
      "pair": [
        1,
        3
      ],
      "tracked": [
        {
          "id": 1,
          "v": [
            11.21258064516129,
            10
          ],
          "l": [
            13,
            10
          ],
          "noUp": 10,
          "hold": {
            "x": 11.21258064516129,
            "y": 10,
            "ax": 13,
            "ay": 10
          },
          "rest": null,
          "path": []
        },
        {
          "id": 3,
          "v": [
            10.21258064516129,
            11
          ],
          "l": [
            12,
            11
          ],
          "noUp": 11,
          "hold": {
            "x": 10.21258064516129,
            "y": 11,
            "ax": 12,
            "ay": 11
          },
          "rest": null,
          "path": []
        },
        {
          "id": 2,
          "v": [
            12.21258064516129,
            11
          ],
          "l": [
            14,
            11
          ],
          "noUp": 11,
          "hold": {
            "x": 12.21258064516129,
            "y": 11,
            "ax": 14,
            "ay": 11
          },
          "rest": null,
          "path": []
        }
      ]
    },
    "ret": 0
  },
  {
    "seed": 5,
    "step": 0,
    "call": 1,
    "stage": "solver",
    "pre": {
      "min": 1,
      "pair": [
        1,
        3
      ],
      "tracked": [
        {
          "id": 1,
          "v": [
            11.21258064516129,
            10
          ],
          "l": [
            13,
            10
          ],
          "noUp": 10,
          "hold": {
            "x": 11.21258064516129,
            "y": 10,
            "ax": 13,
            "ay": 10
          },
          "rest": null,
          "path": []
        },
        {
          "id": 3,
          "v": [
            10.21258064516129,
            11
          ],
          "l": [
            12,
            11
          ],
          "noUp": 11,
          "hold": {
            "x": 10.21258064516129,
            "y": 11,
            "ax": 12,
            "ay": 11
          },
          "rest": null,
          "path": []
        },
        {
          "id": 2,
          "v": [
            12.21258064516129,
            11
          ],
          "l": [
            14,
            11
          ],
          "noUp": 11,
          "hold": {
            "x": 12.21258064516129,
            "y": 11,
            "ax": 14,
            "ay": 11
          },
          "rest": null,
          "path": []
        }
      ]
    },
    "post": {
      "min": 1,
      "pair": [
        1,
        3
      ],
      "tracked": [
        {
          "id": 1,
          "v": [
            11.21258064516129,
            10
          ],
          "l": [
            13,
            10
          ],
          "noUp": 10,
          "hold": {
            "x": 11.21258064516129,
            "y": 10,
            "ax": 13,
            "ay": 10
          },
          "rest": null,
          "path": []
        },
        {
          "id": 3,
          "v": [
            10.21258064516129,
            11
          ],
          "l": [
            12,
            11
          ],
          "noUp": 11,
          "hold": {
            "x": 10.21258064516129,
            "y": 11,
            "ax": 12,
            "ay": 11
          },
          "rest": null,
          "path": []
        },
        {
          "id": 2,
          "v": [
            12.21258064516129,
            11
          ],
          "l": [
            14,
            11
          ],
          "noUp": 11,
          "hold": {
            "x": 12.21258064516129,
            "y": 11,
            "ax": 14,
            "ay": 11
          },
          "rest": null,
          "path": []
        }
      ]
    },
    "ret": 0
  },
  {
    "seed": 5,
    "step": 0,
    "call": 2,
    "stage": "solver",
    "pre": {
      "min": 1,
      "pair": [
        1,
        3
      ],
      "tracked": [
        {
          "id": 1,
          "v": [
            11.21258064516129,
            10
          ],
          "l": [
            13,
            10
          ],
          "noUp": 10,
          "hold": {
            "x": 11.21258064516129,
            "y": 10,
            "ax": 13,
            "ay": 10
          },
          "rest": null,
          "path": []
        },
        {
          "id": 3,
          "v": [
            10.21258064516129,
            11
          ],
          "l": [
            12,
            11
          ],
          "noUp": 11,
          "hold": {
            "x": 10.21258064516129,
            "y": 11,
            "ax": 12,
            "ay": 11
          },
          "rest": null,
          "path": []
        },
        {
          "id": 2,
          "v": [
            12.21258064516129,
            11
          ],
          "l": [
            14,
            11
          ],
          "noUp": 11,
          "hold": {
            "x": 12.21258064516129,
            "y": 11,
            "ax": 14,
            "ay": 11
          },
          "rest": null,
          "path": []
        }
      ]
    },
    "post": {
      "min": 1,
      "pair": [
        1,
        3
      ],
      "tracked": [
        {
          "id": 1,
          "v": [
            11.21258064516129,
            10
          ],
          "l": [
            13,
            10
          ],
          "noUp": 10,
          "hold": {
            "x": 11.21258064516129,
            "y": 10,
            "ax": 13,
            "ay": 10
          },
          "rest": null,
          "path": []
        },
        {
          "id": 3,
          "v": [
            10.21258064516129,
            11
          ],
          "l": [
            12,
            11
          ],
          "noUp": 11,
          "hold": {
            "x": 10.21258064516129,
            "y": 11,
            "ax": 12,
            "ay": 11
          },
          "rest": null,
          "path": []
        },
        {
          "id": 2,
          "v": [
            12.21258064516129,
            11
          ],
          "l": [
            14,
            11
          ],
          "noUp": 11,
          "hold": {
            "x": 12.21258064516129,
            "y": 11,
            "ax": 14,
            "ay": 11
          },
          "rest": null,
          "path": []
        }
      ]
    },
    "ret": 0
  },
  {
    "seed": 5,
    "step": 0,
    "stage": "afterStep",
    "state": {
      "min": 1,
      "pair": [
        1,
        3
      ],
      "tracked": [
        {
          "id": 1,
          "v": [
            11.21258064516129,
            10
          ],
          "l": [
            13,
            10
          ],
          "noUp": 10,
          "hold": {
            "x": 11.21258064516129,
            "y": 10,
            "ax": 13,
            "ay": 10
          },
          "rest": null,
          "path": []
        },
        {
          "id": 3,
          "v": [
            10.21258064516129,
            11
          ],
          "l": [
            12,
            11
          ],
          "noUp": 11,
          "hold": {
            "x": 10.21258064516129,
            "y": 11,
            "ax": 12,
            "ay": 11
          },
          "rest": null,
          "path": []
        },
        {
          "id": 2,
          "v": [
            12.21258064516129,
            11
          ],
          "l": [
            14,
            11
          ],
          "noUp": 11,
          "hold": {
            "x": 12.21258064516129,
            "y": 11,
            "ax": 14,
            "ay": 11
          },
          "rest": null,
          "path": []
        }
      ]
    }
  },
  {
    "seed": 5,
    "step": 1,
    "call": 0,
    "stage": "solver",
    "pre": {
      "min": 1,
      "pair": [
        1,
        3
      ],
      "tracked": [
        {
          "id": 1,
          "v": [
            11.21258064516129,
            10
          ],
          "l": [
            13,
            10
          ],
          "noUp": 10,
          "hold": {
            "x": 11.21258064516129,
            "y": 10,
            "ax": 13,
            "ay": 10
          },
          "rest": null,
          "path": []
        },
        {
          "id": 3,
          "v": [
            10.21258064516129,
            11
          ],
          "l": [
            12,
            11
          ],
          "noUp": 11,
          "hold": {
            "x": 10.21258064516129,
            "y": 11,
            "ax": 12,
            "ay": 11
          },
          "rest": null,
          "path": []
        },
        {
          "id": 2,
          "v": [
            12.21258064516129,
            11
          ],
          "l": [
            14,
            11
          ],
          "noUp": 11,
          "hold": {
            "x": 12.21258064516129,
            "y": 11,
            "ax": 14,
            "ay": 11
          },
          "rest": null,
          "path": []
        }
      ]
    },
    "post": {
      "min": 1,
      "pair": [
        1,
        3
      ],
      "tracked": [
        {
          "id": 1,
          "v": [
            11.21258064516129,
            10
          ],
          "l": [
            13,
            10
          ],
          "noUp": 10,
          "hold": {
            "x": 11.21258064516129,
            "y": 10,
            "ax": 13,
            "ay": 10
          },
          "rest": null,
          "path": []
        },
        {
          "id": 3,
          "v": [
            10.21258064516129,
            11
          ],
          "l": [
            12,
            11
          ],
          "noUp": 11,
          "hold": {
            "x": 10.21258064516129,
            "y": 11,
            "ax": 12,
            "ay": 11
          },
          "rest": null,
          "path": []
        },
        {
          "id": 2,
          "v": [
            12.21258064516129,
            11
          ],
          "l": [
            14,
            11
          ],
          "noUp": 11,
          "hold": {
            "x": 12.21258064516129,
            "y": 11,
            "ax": 14,
            "ay": 11
          },
          "rest": null,
          "path": []
        }
      ]
    },
    "ret": 0
  },
  {
    "seed": 5,
    "step": 1,
    "call": 1,
    "stage": "solver",
    "pre": {
      "min": 1,
      "pair": [
        1,
        3
      ],
      "tracked": [
        {
          "id": 1,
          "v": [
            11.21258064516129,
            10
          ],
          "l": [
            13,
            10
          ],
          "noUp": 10,
          "hold": {
            "x": 11.21258064516129,
            "y": 10,
            "ax": 13,
            "ay": 10
          },
          "rest": null,
          "path": []
        },
        {
          "id": 3,
          "v": [
            10.21258064516129,
            11
          ],
          "l": [
            12,
            11
          ],
          "noUp": 11,
          "hold": {
            "x": 10.21258064516129,
            "y": 11,
            "ax": 12,
            "ay": 11
          },
          "rest": null,
          "path": []
        },
        {
          "id": 2,
          "v": [
            12.21258064516129,
            11
          ],
          "l": [
            14,
            11
          ],
          "noUp": 11,
          "hold": {
            "x": 12.21258064516129,
            "y": 11,
            "ax": 14,
            "ay": 11
          },
          "rest": null,
          "path": []
        }
      ]
    },
    "post": {
      "min": 1,
      "pair": [
        1,
        3
      ],
      "tracked": [
        {
          "id": 1,
          "v": [
            11.21258064516129,
            10
          ],
          "l": [
            13,
            10
          ],
          "noUp": 10,
          "hold": {
            "x": 11.21258064516129,
            "y": 10,
            "ax": 13,
            "ay": 10
          },
          "rest": null,
          "path": []
        },
        {
          "id": 3,
          "v": [
            10.21258064516129,
            11
          ],
          "l": [
            12,
            11
          ],
          "noUp": 11,
          "hold": {
            "x": 10.21258064516129,
            "y": 11,
            "ax": 12,
            "ay": 11
          },
          "rest": null,
          "path": []
        },
        {
          "id": 2,
          "v": [
            12.21258064516129,
            11
          ],
          "l": [
            14,
            11
          ],
          "noUp": 11,
          "hold": {
            "x": 12.21258064516129,
            "y": 11,
            "ax": 14,
            "ay": 11
          },
          "rest": null,
          "path": []
        }
      ]
    },
    "ret": 0
  },
  {
    "seed": 5,
    "step": 1,
    "call": 2,
    "stage": "solver",
    "pre": {
      "min": 1,
      "pair": [
        1,
        3
      ],
      "tracked": [
        {
          "id": 1,
          "v": [
            11.21258064516129,
            10
          ],
          "l": [
            13,
            10
          ],
          "noUp": 10,
          "hold": {
            "x": 11.21258064516129,
            "y": 10,
            "ax": 13,
            "ay": 10
          },
          "rest": null,
          "path": []
        },
        {
          "id": 3,
          "v": [
            10.21258064516129,
            11
          ],
          "l": [
            12,
            11
          ],
          "noUp": 11,
          "hold": {
            "x": 10.21258064516129,
            "y": 11,
            "ax": 12,
            "ay": 11
          },
          "rest": null,
          "path": []
        },
        {
          "id": 2,
          "v": [
            12.21258064516129,
            11
          ],
          "l": [
            14,
            11
          ],
          "noUp": 11,
          "hold": {
            "x": 12.21258064516129,
            "y": 11,
            "ax": 14,
            "ay": 11
          },
          "rest": null,
          "path": []
        }
      ]
    },
    "post": {
      "min": 1,
      "pair": [
        1,
        3
      ],
      "tracked": [
        {
          "id": 1,
          "v": [
            11.21258064516129,
            10
          ],
          "l": [
            13,
            10
          ],
          "noUp": 10,
          "hold": {
            "x": 11.21258064516129,
            "y": 10,
            "ax": 13,
            "ay": 10
          },
          "rest": null,
          "path": []
        },
        {
          "id": 3,
          "v": [
            10.21258064516129,
            11
          ],
          "l": [
            12,
            11
          ],
          "noUp": 11,
          "hold": {
            "x": 10.21258064516129,
            "y": 11,
            "ax": 12,
            "ay": 11
          },
          "rest": null,
          "path": []
        },
        {
          "id": 2,
          "v": [
            12.21258064516129,
            11
          ],
          "l": [
            14,
            11
          ],
          "noUp": 11,
          "hold": {
            "x": 12.21258064516129,
            "y": 11,
            "ax": 14,
            "ay": 11
          },
          "rest": null,
          "path": []
        }
      ]
    },
    "ret": 0
  },
  {
    "seed": 5,
    "step": 1,
    "stage": "afterStep",
    "state": {
      "min": 1,
      "pair": [
        1,
        3
      ],
      "tracked": [
        {
          "id": 1,
          "v": [
            11.21258064516129,
            10
          ],
          "l": [
            13,
            10
          ],
          "noUp": 10,
          "hold": {
            "x": 11.21258064516129,
            "y": 10,
            "ax": 13,
            "ay": 10
          },
          "rest": null,
          "path": []
        },
        {
          "id": 3,
          "v": [
            10.21258064516129,
            11
          ],
          "l": [
            12,
            11
          ],
          "noUp": 11,
          "hold": {
            "x": 10.21258064516129,
            "y": 11,
            "ax": 12,
            "ay": 11
          },
          "rest": null,
          "path": []
        },
        {
          "id": 2,
          "v": [
            12.21258064516129,
            11
          ],
          "l": [
            14,
            11
          ],
          "noUp": 11,
          "hold": {
            "x": 12.21258064516129,
            "y": 11,
            "ax": 14,
            "ay": 11
          },
          "rest": null,
          "path": []
        }
      ]
    }
  },
  {
    "seed": 5,
    "step": 2,
    "call": 0,
    "stage": "solver",
    "pre": {
      "min": 1,
      "pair": [
        1,
        3
      ],
      "tracked": [
        {
          "id": 1,
          "v": [
            11.21258064516129,
            10
          ],
          "l": [
            13,
            10
          ],
          "noUp": 10,
          "hold": {
            "x": 11.21258064516129,
            "y": 10,
            "ax": 13,
            "ay": 10
          },
          "rest": null,
          "path": []
        },
        {
          "id": 3,
          "v": [
            10.21258064516129,
            11
          ],
          "l": [
            12,
            11
          ],
          "noUp": 11,
          "hold": {
            "x": 10.21258064516129,
            "y": 11,
            "ax": 12,
            "ay": 11
          },
          "rest": null,
          "path": []
        },
        {
          "id": 2,
          "v": [
            12.21258064516129,
            11
          ],
          "l": [
            14,
            11
          ],
          "noUp": 11,
          "hold": {
            "x": 12.21258064516129,
            "y": 11,
            "ax": 14,
            "ay": 11
          },
          "rest": null,
          "path": []
        }
      ]
    },
    "post": {
      "min": 1,
      "pair": [
        1,
        3
      ],
      "tracked": [
        {
          "id": 1,
          "v": [
            11.21258064516129,
            10
          ],
          "l": [
            13,
            10
          ],
          "noUp": 10,
          "hold": {
            "x": 11.21258064516129,
            "y": 10,
            "ax": 13,
            "ay": 10
          },
          "rest": null,
          "path": []
        },
        {
          "id": 3,
          "v": [
            10.21258064516129,
            11
          ],
          "l": [
            12,
            11
          ],
          "noUp": 11,
          "hold": {
            "x": 10.21258064516129,
            "y": 11,
            "ax": 12,
            "ay": 11
          },
          "rest": null,
          "path": []
        },
        {
          "id": 2,
          "v": [
            12.21258064516129,
            11
          ],
          "l": [
            14,
            11
          ],
          "noUp": 11,
          "hold": {
            "x": 12.21258064516129,
            "y": 11,
            "ax": 14,
            "ay": 11
          },
          "rest": null,
          "path": []
        }
      ]
    },
    "ret": 0
  },
  {
    "seed": 5,
    "step": 2,
    "call": 1,
    "stage": "solver",
    "pre": {
      "min": 1,
      "pair": [
        1,
        3
      ],
      "tracked": [
        {
          "id": 1,
          "v": [
            11.21258064516129,
            10
          ],
          "l": [
            13,
            10
          ],
          "noUp": 10,
          "hold": {
            "x": 11.21258064516129,
            "y": 10,
            "ax": 13,
            "ay": 10
          },
          "rest": null,
          "path": []
        },
        {
          "id": 3,
          "v": [
            10.21258064516129,
            11
          ],
          "l": [
            12,
            11
          ],
          "noUp": 11,
          "hold": {
            "x": 10.21258064516129,
            "y": 11,
            "ax": 12,
            "ay": 11
          },
          "rest": null,
          "path": []
        },
        {
          "id": 2,
          "v": [
            12.21258064516129,
            11
          ],
          "l": [
            14,
            11
          ],
          "noUp": 11,
          "hold": {
            "x": 12.21258064516129,
            "y": 11,
            "ax": 14,
            "ay": 11
          },
          "rest": null,
          "path": []
        }
      ]
    },
    "post": {
      "min": 1,
      "pair": [
        1,
        3
      ],
      "tracked": [
        {
          "id": 1,
          "v": [
            11.21258064516129,
            10
          ],
          "l": [
            13,
            10
          ],
          "noUp": 10,
          "hold": {
            "x": 11.21258064516129,
            "y": 10,
            "ax": 13,
            "ay": 10
          },
          "rest": null,
          "path": []
        },
        {
          "id": 3,
          "v": [
            10.21258064516129,
            11
          ],
          "l": [
            12,
            11
          ],
          "noUp": 11,
          "hold": {
            "x": 10.21258064516129,
            "y": 11,
            "ax": 12,
            "ay": 11
          },
          "rest": null,
          "path": []
        },
        {
          "id": 2,
          "v": [
            12.21258064516129,
            11
          ],
          "l": [
            14,
            11
          ],
          "noUp": 11,
          "hold": {
            "x": 12.21258064516129,
            "y": 11,
            "ax": 14,
            "ay": 11
          },
          "rest": null,
          "path": []
        }
      ]
    },
    "ret": 0
  },
  {
    "seed": 5,
    "step": 2,
    "call": 2,
    "stage": "solver",
    "pre": {
      "min": 1,
      "pair": [
        1,
        3
      ],
      "tracked": [
        {
          "id": 1,
          "v": [
            11.21258064516129,
            10
          ],
          "l": [
            13,
            10
          ],
          "noUp": 10,
          "hold": {
            "x": 11.21258064516129,
            "y": 10,
            "ax": 13,
            "ay": 10
          },
          "rest": null,
          "path": []
        },
        {
          "id": 3,
          "v": [
            10.21258064516129,
            11
          ],
          "l": [
            12,
            11
          ],
          "noUp": 11,
          "hold": {
            "x": 10.21258064516129,
            "y": 11,
            "ax": 12,
            "ay": 11
          },
          "rest": null,
          "path": []
        },
        {
          "id": 2,
          "v": [
            12.21258064516129,
            11
          ],
          "l": [
            14,
            11
          ],
          "noUp": 11,
          "hold": {
            "x": 12.21258064516129,
            "y": 11,
            "ax": 14,
            "ay": 11
          },
          "rest": null,
          "path": []
        }
      ]
    },
    "post": {
      "min": 1,
      "pair": [
        1,
        3
      ],
      "tracked": [
        {
          "id": 1,
          "v": [
            11.21258064516129,
            10
          ],
          "l": [
            13,
            10
          ],
          "noUp": 10,
          "hold": {
            "x": 11.21258064516129,
            "y": 10,
            "ax": 13,
            "ay": 10
          },
          "rest": null,
          "path": []
        },
        {
          "id": 3,
          "v": [
            10.21258064516129,
            11
          ],
          "l": [
            12,
            11
          ],
          "noUp": 11,
          "hold": {
            "x": 10.21258064516129,
            "y": 11,
            "ax": 12,
            "ay": 11
          },
          "rest": null,
          "path": []
        },
        {
          "id": 2,
          "v": [
            12.21258064516129,
            11
          ],
          "l": [
            14,
            11
          ],
          "noUp": 11,
          "hold": {
            "x": 12.21258064516129,
            "y": 11,
            "ax": 14,
            "ay": 11
          },
          "rest": null,
          "path": []
        }
      ]
    },
    "ret": 0
  },
  {
    "seed": 5,
    "step": 2,
    "stage": "afterStep",
    "state": {
      "min": 1,
      "pair": [
        1,
        3
      ],
      "tracked": [
        {
          "id": 1,
          "v": [
            11.21258064516129,
            10
          ],
          "l": [
            13,
            10
          ],
          "noUp": 10,
          "hold": {
            "x": 11.21258064516129,
            "y": 10,
            "ax": 13,
            "ay": 10
          },
          "rest": null,
          "path": []
        },
        {
          "id": 3,
          "v": [
            10.21258064516129,
            11
          ],
          "l": [
            12,
            11
          ],
          "noUp": 11,
          "hold": {
            "x": 10.21258064516129,
            "y": 11,
            "ax": 12,
            "ay": 11
          },
          "rest": null,
          "path": []
        },
        {
          "id": 2,
          "v": [
            12.21258064516129,
            11
          ],
          "l": [
            14,
            11
          ],
          "noUp": 11,
          "hold": {
            "x": 12.21258064516129,
            "y": 11,
            "ax": 14,
            "ay": 11
          },
          "rest": null,
          "path": []
        }
      ]
    }
  },
  {
    "seed": 5,
    "step": 3,
    "call": 0,
    "stage": "solver",
    "pre": {
      "min": 1,
      "pair": [
        1,
        3
      ],
      "tracked": [
        {
          "id": 1,
          "v": [
            11.21258064516129,
            10
          ],
          "l": [
            13,
            10
          ],
          "noUp": 10,
          "hold": {
            "x": 11.21258064516129,
            "y": 10,
            "ax": 13,
            "ay": 10
          },
          "rest": null,
          "path": []
        },
        {
          "id": 3,
          "v": [
            10.21258064516129,
            11
          ],
          "l": [
            12,
            11
          ],
          "noUp": 11,
          "hold": {
            "x": 10.21258064516129,
            "y": 11,
            "ax": 12,
            "ay": 11
          },
          "rest": null,
          "path": []
        },
        {
          "id": 2,
          "v": [
            12.21258064516129,
            11
          ],
          "l": [
            14,
            11
          ],
          "noUp": 11,
          "hold": {
            "x": 12.21258064516129,
            "y": 11,
            "ax": 14,
            "ay": 11
          },
          "rest": null,
          "path": []
        }
      ]
    },
    "post": {
      "min": 1,
      "pair": [
        1,
        3
      ],
      "tracked": [
        {
          "id": 1,
          "v": [
            11.21258064516129,
            10
          ],
          "l": [
            13,
            10
          ],
          "noUp": 10,
          "hold": {
            "x": 11.21258064516129,
            "y": 10,
            "ax": 13,
            "ay": 10
          },
          "rest": null,
          "path": []
        },
        {
          "id": 3,
          "v": [
            10.21258064516129,
            11
          ],
          "l": [
            12,
            11
          ],
          "noUp": 11,
          "hold": {
            "x": 10.21258064516129,
            "y": 11,
            "ax": 12,
            "ay": 11
          },
          "rest": null,
          "path": []
        },
        {
          "id": 2,
          "v": [
            12.21258064516129,
            11
          ],
          "l": [
            14,
            11
          ],
          "noUp": 11,
          "hold": {
            "x": 12.21258064516129,
            "y": 11,
            "ax": 14,
            "ay": 11
          },
          "rest": null,
          "path": []
        }
      ]
    },
    "ret": 0
  },
  {
    "seed": 5,
    "step": 3,
    "call": 1,
    "stage": "solver",
    "pre": {
      "min": 1,
      "pair": [
        1,
        3
      ],
      "tracked": [
        {
          "id": 1,
          "v": [
            11.21258064516129,
            10
          ],
          "l": [
            13,
            10
          ],
          "noUp": 10,
          "hold": {
            "x": 11.21258064516129,
            "y": 10,
            "ax": 13,
            "ay": 10
          },
          "rest": null,
          "path": []
        },
        {
          "id": 3,
          "v": [
            10.21258064516129,
            11
          ],
          "l": [
            12,
            11
          ],
          "noUp": 11,
          "hold": {
            "x": 10.21258064516129,
            "y": 11,
            "ax": 12,
            "ay": 11
          },
          "rest": null,
          "path": []
        },
        {
          "id": 2,
          "v": [
            12.21258064516129,
            11
          ],
          "l": [
            14,
            11
          ],
          "noUp": 11,
          "hold": {
            "x": 12.21258064516129,
            "y": 11,
            "ax": 14,
            "ay": 11
          },
          "rest": null,
          "path": []
        }
      ]
    },
    "post": {
      "min": 1,
      "pair": [
        1,
        3
      ],
      "tracked": [
        {
          "id": 1,
          "v": [
            11.21258064516129,
            10
          ],
          "l": [
            13,
            10
          ],
          "noUp": 10,
          "hold": {
            "x": 11.21258064516129,
            "y": 10,
            "ax": 13,
            "ay": 10
          },
          "rest": null,
          "path": []
        },
        {
          "id": 3,
          "v": [
            10.21258064516129,
            11
          ],
          "l": [
            12,
            11
          ],
          "noUp": 11,
          "hold": {
            "x": 10.21258064516129,
            "y": 11,
            "ax": 12,
            "ay": 11
          },
          "rest": null,
          "path": []
        },
        {
          "id": 2,
          "v": [
            12.21258064516129,
            11
          ],
          "l": [
            14,
            11
          ],
          "noUp": 11,
          "hold": {
            "x": 12.21258064516129,
            "y": 11,
            "ax": 14,
            "ay": 11
          },
          "rest": null,
          "path": []
        }
      ]
    },
    "ret": 0
  },
  {
    "seed": 5,
    "step": 3,
    "call": 2,
    "stage": "solver",
    "pre": {
      "min": 1,
      "pair": [
        1,
        3
      ],
      "tracked": [
        {
          "id": 1,
          "v": [
            11.21258064516129,
            10
          ],
          "l": [
            13,
            10
          ],
          "noUp": 10,
          "hold": {
            "x": 11.21258064516129,
            "y": 10,
            "ax": 13,
            "ay": 10
          },
          "rest": null,
          "path": []
        },
        {
          "id": 3,
          "v": [
            10.21258064516129,
            11
          ],
          "l": [
            12,
            11
          ],
          "noUp": 11,
          "hold": {
            "x": 10.21258064516129,
            "y": 11,
            "ax": 12,
            "ay": 11
          },
          "rest": null,
          "path": []
        },
        {
          "id": 2,
          "v": [
            12.21258064516129,
            11
          ],
          "l": [
            14,
            11
          ],
          "noUp": 11,
          "hold": {
            "x": 12.21258064516129,
            "y": 11,
            "ax": 14,
            "ay": 11
          },
          "rest": null,
          "path": []
        }
      ]
    },
    "post": {
      "min": 1,
      "pair": [
        1,
        3
      ],
      "tracked": [
        {
          "id": 1,
          "v": [
            11.21258064516129,
            10
          ],
          "l": [
            13,
            10
          ],
          "noUp": 10,
          "hold": {
            "x": 11.21258064516129,
            "y": 10,
            "ax": 13,
            "ay": 10
          },
          "rest": null,
          "path": []
        },
        {
          "id": 3,
          "v": [
            10.21258064516129,
            11
          ],
          "l": [
            12,
            11
          ],
          "noUp": 11,
          "hold": {
            "x": 10.21258064516129,
            "y": 11,
            "ax": 12,
            "ay": 11
          },
          "rest": null,
          "path": []
        },
        {
          "id": 2,
          "v": [
            12.21258064516129,
            11
          ],
          "l": [
            14,
            11
          ],
          "noUp": 11,
          "hold": {
            "x": 12.21258064516129,
            "y": 11,
            "ax": 14,
            "ay": 11
          },
          "rest": null,
          "path": []
        }
      ]
    },
    "ret": 0
  },
  {
    "seed": 5,
    "step": 3,
    "stage": "afterStep",
    "state": {
      "min": 1,
      "pair": [
        1,
        3
      ],
      "tracked": [
        {
          "id": 1,
          "v": [
            11.21258064516129,
            10
          ],
          "l": [
            13,
            10
          ],
          "noUp": 10,
          "hold": {
            "x": 11.21258064516129,
            "y": 10,
            "ax": 13,
            "ay": 10
          },
          "rest": null,
          "path": []
        },
        {
          "id": 3,
          "v": [
            10.21258064516129,
            11
          ],
          "l": [
            12,
            11
          ],
          "noUp": 11,
          "hold": {
            "x": 10.21258064516129,
            "y": 11,
            "ax": 12,
            "ay": 11
          },
          "rest": null,
          "path": []
        },
        {
          "id": 2,
          "v": [
            12.21258064516129,
            11
          ],
          "l": [
            14,
            11
          ],
          "noUp": 11,
          "hold": {
            "x": 12.21258064516129,
            "y": 11,
            "ax": 14,
            "ay": 11
          },
          "rest": null,
          "path": []
        }
      ]
    }
  },
  {
    "seed": 9,
    "step": -1,
    "stage": "afterDrop",
    "state": {
      "min": 1,
      "pair": [
        1,
        3
      ],
      "tracked": [
        {
          "id": 1,
          "v": [
            5.836129032258064,
            8.951048739387893
          ],
          "l": [
            6,
            9
          ],
          "noUp": 8.951048739387893,
          "hold": null,
          "rest": null,
          "path": [
            {
              "from": [
                5.836129032258064,
                8.951048739387893
              ],
              "to": [
                6,
                9
              ],
              "kind": "GROUP_SLOPE_TRANSLATE",
              "pivot": null,
              "topPivot": [
                5,
                10
              ]
            }
          ]
        },
        {
          "id": 3,
          "v": [
            4.836129032258064,
            9.951048739387893
          ],
          "l": [
            5,
            10
          ],
          "noUp": 9.951048739387893,
          "hold": null,
          "rest": null,
          "path": [
            {
              "from": [
                4.836129032258064,
                9.951048739387893
              ],
              "to": [
                5,
                10
              ],
              "kind": "GROUP_SLOPE_TRANSLATE",
              "pivot": null,
              "topPivot": [
                4,
                11
              ]
            }
          ]
        },
        {
          "id": 2,
          "v": [
            6.836129032258064,
            9.951048739387893
          ],
          "l": [
            7,
            10
          ],
          "noUp": 9.951048739387893,
          "hold": null,
          "rest": null,
          "path": [
            {
              "from": [
                6.836129032258064,
                9.951048739387893
              ],
              "to": [
                7,
                10
              ],
              "kind": "GROUP_SLOPE_TRANSLATE",
              "pivot": null,
              "topPivot": [
                6,
                11
              ]
            }
          ]
        }
      ]
    }
  },
  {
    "seed": 9,
    "step": 0,
    "call": 0,
    "stage": "solver",
    "pre": {
      "min": 0.9999999992469507,
      "pair": [
        2,
        3000541
      ],
      "tracked": [
        {
          "id": 1,
          "v": [
            5.818191435235465,
            8.935007767288017
          ],
          "l": [
            6,
            9
          ],
          "noUp": 8.951048739387893,
          "hold": null,
          "rest": null,
          "path": [
            {
              "from": [
                5.836129032258064,
                8.951048739387893
              ],
              "to": [
                6,
                9
              ],
              "kind": "GROUP_SLOPE_TRANSLATE",
              "pivot": null,
              "topPivot": [
                5,
                10
              ]
            }
          ]
        },
        {
          "id": 3,
          "v": [
            4.836154206820029,
            9.951057158035502
          ],
          "l": [
            5,
            10
          ],
          "noUp": 9.951048739387893,
          "hold": null,
          "rest": null,
          "path": [
            {
              "from": [
                4.836129032258064,
                9.951048739387893
              ],
              "to": [
                5,
                10
              ],
              "kind": "GROUP_SLOPE_TRANSLATE",
              "pivot": null,
              "topPivot": [
                4,
                11
              ]
            }
          ]
        },
        {
          "id": 2,
          "v": [
            6.9100612289404175,
            9.90244774796119
          ],
          "l": [
            7,
            10
          ],
          "noUp": 9.951048739387893,
          "hold": null,
          "rest": null,
          "path": [
            {
              "from": [
                6.836129032258064,
                9.951048739387893
              ],
              "to": [
                7,
                10
              ],
              "kind": "GROUP_SLOPE_TRANSLATE",
              "pivot": null,
              "topPivot": [
                6,
                11
              ]
            }
          ]
        }
      ]
    },
    "post": {
      "min": 0.9999999992469507,
      "pair": [
        2,
        3000541
      ],
      "tracked": [
        {
          "id": 1,
          "v": [
            5.818191435235465,
            8.935007767288017
          ],
          "l": [
            6,
            9
          ],
          "noUp": 8.951048739387893,
          "hold": null,
          "rest": null,
          "path": [
            {
              "from": [
                5.836129032258064,
                8.951048739387893
              ],
              "to": [
                6,
                9
              ],
              "kind": "GROUP_SLOPE_TRANSLATE",
              "pivot": null,
              "topPivot": [
                5,
                10
              ]
            }
          ]
        },
        {
          "id": 3,
          "v": [
            4.836154206820029,
            9.951057158035502
          ],
          "l": [
            5,
            10
          ],
          "noUp": 9.951048739387893,
          "hold": null,
          "rest": null,
          "path": [
            {
              "from": [
                4.836129032258064,
                9.951048739387893
              ],
              "to": [
                5,
                10
              ],
              "kind": "GROUP_SLOPE_TRANSLATE",
              "pivot": null,
              "topPivot": [
                4,
                11
              ]
            }
          ]
        },
        {
          "id": 2,
          "v": [
            6.9100612289404175,
            9.90244774796119
          ],
          "l": [
            7,
            10
          ],
          "noUp": 9.951048739387893,
          "hold": null,
          "rest": null,
          "path": [
            {
              "from": [
                6.836129032258064,
                9.951048739387893
              ],
              "to": [
                7,
                10
              ],
              "kind": "GROUP_SLOPE_TRANSLATE",
              "pivot": null,
              "topPivot": [
                6,
                11
              ]
            }
          ]
        }
      ]
    },
    "ret": 0
  },
  {
    "seed": 9,
    "step": 0,
    "call": 1,
    "stage": "solver",
    "pre": {
      "min": 0.9999999992469507,
      "pair": [
        2,
        3000541
      ],
      "tracked": [
        {
          "id": 1,
          "v": [
            5.818191435235465,
            8.935007767288017
          ],
          "l": [
            6,
            9
          ],
          "noUp": 8.951048739387893,
          "hold": null,
          "rest": null,
          "path": [
            {
              "from": [
                5.836129032258064,
                8.951048739387893
              ],
              "to": [
                6,
                9
              ],
              "kind": "GROUP_SLOPE_TRANSLATE",
              "pivot": null,
              "topPivot": [
                5,
                10
              ]
            }
          ]
        },
        {
          "id": 3,
          "v": [
            4.836154206820029,
            9.951057158035502
          ],
          "l": [
            5,
            10
          ],
          "noUp": 9.951048739387893,
          "hold": null,
          "rest": null,
          "path": [
            {
              "from": [
                4.836129032258064,
                9.951048739387893
              ],
              "to": [
                5,
                10
              ],
              "kind": "GROUP_SLOPE_TRANSLATE",
              "pivot": null,
              "topPivot": [
                4,
                11
              ]
            }
          ]
        },
        {
          "id": 2,
          "v": [
            6.9100612289404175,
            9.90244774796119
          ],
          "l": [
            7,
            10
          ],
          "noUp": 9.951048739387893,
          "hold": null,
          "rest": null,
          "path": [
            {
              "from": [
                6.836129032258064,
                9.951048739387893
              ],
              "to": [
                7,
                10
              ],
              "kind": "GROUP_SLOPE_TRANSLATE",
              "pivot": null,
              "topPivot": [
                6,
                11
              ]
            }
          ]
        }
      ]
    },
    "post": {
      "min": 0.9999999992469507,
      "pair": [
        2,
        3000541
      ],
      "tracked": [
        {
          "id": 1,
          "v": [
            5.818191435235465,
            8.935007767288017
          ],
          "l": [
            6,
            9
          ],
          "noUp": 8.951048739387893,
          "hold": null,
          "rest": null,
          "path": [
            {
              "from": [
                5.836129032258064,
                8.951048739387893
              ],
              "to": [
                6,
                9
              ],
              "kind": "GROUP_SLOPE_TRANSLATE",
              "pivot": null,
              "topPivot": [
                5,
                10
              ]
            }
          ]
        },
        {
          "id": 3,
          "v": [
            4.836154206820029,
            9.951057158035502
          ],
          "l": [
            5,
            10
          ],
          "noUp": 9.951048739387893,
          "hold": null,
          "rest": null,
          "path": [
            {
              "from": [
                4.836129032258064,
                9.951048739387893
              ],
              "to": [
                5,
                10
              ],
              "kind": "GROUP_SLOPE_TRANSLATE",
              "pivot": null,
              "topPivot": [
                4,
                11
              ]
            }
          ]
        },
        {
          "id": 2,
          "v": [
            6.9100612289404175,
            9.90244774796119
          ],
          "l": [
            7,
            10
          ],
          "noUp": 9.951048739387893,
          "hold": null,
          "rest": null,
          "path": [
            {
              "from": [
                6.836129032258064,
                9.951048739387893
              ],
              "to": [
                7,
                10
              ],
              "kind": "GROUP_SLOPE_TRANSLATE",
              "pivot": null,
              "topPivot": [
                6,
                11
              ]
            }
          ]
        }
      ]
    },
    "ret": 0
  },
  {
    "seed": 9,
    "step": 0,
    "call": 2,
    "stage": "solver",
    "pre": {
      "min": 0.9999999992469507,
      "pair": [
        2,
        3000541
      ],
      "tracked": [
        {
          "id": 1,
          "v": [
            5.818191435235465,
            8.935007767288017
          ],
          "l": [
            6,
            9
          ],
          "noUp": 8.951048739387893,
          "hold": null,
          "rest": null,
          "path": [
            {
              "from": [
                5.836129032258064,
                8.951048739387893
              ],
              "to": [
                6,
                9
              ],
              "kind": "GROUP_SLOPE_TRANSLATE",
              "pivot": null,
              "topPivot": [
                5,
                10
              ]
            }
          ]
        },
        {
          "id": 3,
          "v": [
            4.836154206820029,
            9.951057158035502
          ],
          "l": [
            5,
            10
          ],
          "noUp": 9.951048739387893,
          "hold": null,
          "rest": null,
          "path": [
            {
              "from": [
                4.836129032258064,
                9.951048739387893
              ],
              "to": [
                5,
                10
              ],
              "kind": "GROUP_SLOPE_TRANSLATE",
              "pivot": null,
              "topPivot": [
                4,
                11
              ]
            }
          ]
        },
        {
          "id": 2,
          "v": [
            6.9100612289404175,
            9.90244774796119
          ],
          "l": [
            7,
            10
          ],
          "noUp": 9.951048739387893,
          "hold": null,
          "rest": null,
          "path": [
            {
              "from": [
                6.836129032258064,
                9.951048739387893
              ],
              "to": [
                7,
                10
              ],
              "kind": "GROUP_SLOPE_TRANSLATE",
              "pivot": null,
              "topPivot": [
                6,
                11
              ]
            }
          ]
        }
      ]
    },
    "post": {
      "min": 0.9999999992469507,
      "pair": [
        2,
        3000541
      ],
      "tracked": [
        {
          "id": 1,
          "v": [
            5.818191435235465,
            8.935007767288017
          ],
          "l": [
            6,
            9
          ],
          "noUp": 8.951048739387893,
          "hold": null,
          "rest": null,
          "path": [
            {
              "from": [
                5.836129032258064,
                8.951048739387893
              ],
              "to": [
                6,
                9
              ],
              "kind": "GROUP_SLOPE_TRANSLATE",
              "pivot": null,
              "topPivot": [
                5,
                10
              ]
            }
          ]
        },
        {
          "id": 3,
          "v": [
            4.836154206820029,
            9.951057158035502
          ],
          "l": [
            5,
            10
          ],
          "noUp": 9.951048739387893,
          "hold": null,
          "rest": null,
          "path": [
            {
              "from": [
                4.836129032258064,
                9.951048739387893
              ],
              "to": [
                5,
                10
              ],
              "kind": "GROUP_SLOPE_TRANSLATE",
              "pivot": null,
              "topPivot": [
                4,
                11
              ]
            }
          ]
        },
        {
          "id": 2,
          "v": [
            6.9100612289404175,
            9.90244774796119
          ],
          "l": [
            7,
            10
          ],
          "noUp": 9.951048739387893,
          "hold": null,
          "rest": null,
          "path": [
            {
              "from": [
                6.836129032258064,
                9.951048739387893
              ],
              "to": [
                7,
                10
              ],
              "kind": "GROUP_SLOPE_TRANSLATE",
              "pivot": null,
              "topPivot": [
                6,
                11
              ]
            }
          ]
        }
      ]
    },
    "ret": 0
  },
  {
    "seed": 9,
    "step": 0,
    "stage": "afterStep",
    "state": {
      "min": 0.9600824700941583,
      "pair": [
        2,
        3000541
      ],
      "tracked": [
        {
          "id": 1,
          "v": [
            5.818191435235465,
            8.951048739387893
          ],
          "l": [
            6,
            9
          ],
          "noUp": 8.951048739387893,
          "hold": null,
          "rest": null,
          "path": [
            {
              "from": [
                5.836129032258064,
                8.951048739387893
              ],
              "to": [
                6,
                9
              ],
              "kind": "GROUP_SLOPE_TRANSLATE",
              "pivot": null,
              "topPivot": [
                5,
                10
              ]
            }
          ]
        },
        {
          "id": 3,
          "v": [
            4.836154206820029,
            9.951057158035502
          ],
          "l": [
            5,
            10
          ],
          "noUp": 9.951057158035502,
          "hold": null,
          "rest": null,
          "path": [
            {
              "from": [
                4.836129032258064,
                9.951048739387893
              ],
              "to": [
                5,
                10
              ],
              "kind": "GROUP_SLOPE_TRANSLATE",
              "pivot": null,
              "topPivot": [
                4,
                11
              ]
            }
          ]
        },
        {
          "id": 2,
          "v": [
            6.9100612289404175,
            9.951048739387893
          ],
          "l": [
            7,
            10
          ],
          "noUp": 9.951048739387893,
          "hold": null,
          "rest": null,
          "path": [
            {
              "from": [
                6.836129032258064,
                9.951048739387893
              ],
              "to": [
                7,
                10
              ],
              "kind": "GROUP_SLOPE_TRANSLATE",
              "pivot": null,
              "topPivot": [
                6,
                11
              ]
            }
          ]
        }
      ]
    }
  },
  {
    "seed": 9,
    "step": 1,
    "call": 0,
    "stage": "solver",
    "pre": {
      "min": 0.9999999991651123,
      "pair": [
        2,
        3000541
      ],
      "tracked": [
        {
          "id": 1,
          "v": [
            5.816645072835427,
            8.943248713300752
          ],
          "l": [
            6,
            9
          ],
          "noUp": 8.951048739387893,
          "hold": null,
          "rest": null,
          "path": [
            {
              "from": [
                5.836129032258064,
                8.951048739387893
              ],
              "to": [
                6,
                9
              ],
              "kind": "GROUP_SLOPE_TRANSLATE",
              "pivot": null,
              "topPivot": [
                5,
                10
              ]
            }
          ]
        },
        {
          "id": 3,
          "v": [
            4.835141170652165,
            9.951504465906629
          ],
          "l": [
            5,
            10
          ],
          "noUp": 9.951057158035502,
          "hold": null,
          "rest": null,
          "path": [
            {
              "from": [
                4.836129032258064,
                9.951048739387893
              ],
              "to": [
                5,
                10
              ],
              "kind": "GROUP_SLOPE_TRANSLATE",
              "pivot": null,
              "topPivot": [
                4,
                11
              ]
            }
          ]
        },
        {
          "id": 2,
          "v": [
            6.950329294709976,
            9.894521558762804
          ],
          "l": [
            7,
            10
          ],
          "noUp": 9.951048739387893,
          "hold": null,
          "rest": null,
          "path": [
            {
              "from": [
                6.836129032258064,
                9.951048739387893
              ],
              "to": [
                7,
                10
              ],
              "kind": "GROUP_SLOPE_TRANSLATE",
              "pivot": null,
              "topPivot": [
                6,
                11
              ]
            }
          ]
        }
      ]
    },
    "post": {
      "min": 0.9999999991651123,
      "pair": [
        2,
        3000541
      ],
      "tracked": [
        {
          "id": 1,
          "v": [
            5.816645072835427,
            8.943248713300752
          ],
          "l": [
            6,
            9
          ],
          "noUp": 8.951048739387893,
          "hold": null,
          "rest": null,
          "path": [
            {
              "from": [
                5.836129032258064,
                8.951048739387893
              ],
              "to": [
                6,
                9
              ],
              "kind": "GROUP_SLOPE_TRANSLATE",
              "pivot": null,
              "topPivot": [
                5,
                10
              ]
            }
          ]
        },
        {
          "id": 3,
          "v": [
            4.835141170652165,
            9.951504465906629
          ],
          "l": [
            5,
            10
          ],
          "noUp": 9.951057158035502,
          "hold": null,
          "rest": null,
          "path": [
            {
              "from": [
                4.836129032258064,
                9.951048739387893
              ],
              "to": [
                5,
                10
              ],
              "kind": "GROUP_SLOPE_TRANSLATE",
              "pivot": null,
              "topPivot": [
                4,
                11
              ]
            }
          ]
        },
        {
          "id": 2,
          "v": [
            6.950329294709976,
            9.894521558762804
          ],
          "l": [
            7,
            10
          ],
          "noUp": 9.951048739387893,
          "hold": null,
          "rest": null,
          "path": [
            {
              "from": [
                6.836129032258064,
                9.951048739387893
              ],
              "to": [
                7,
                10
              ],
              "kind": "GROUP_SLOPE_TRANSLATE",
              "pivot": null,
              "topPivot": [
                6,
                11
              ]
            }
          ]
        }
      ]
    },
    "ret": 0
  },
  {
    "seed": 9,
    "step": 1,
    "call": 1,
    "stage": "solver",
    "pre": {
      "min": 0.9999999991651123,
      "pair": [
        2,
        3000541
      ],
      "tracked": [
        {
          "id": 1,
          "v": [
            5.816645072835427,
            8.943248713300752
          ],
          "l": [
            6,
            9
          ],
          "noUp": 8.951048739387893,
          "hold": null,
          "rest": null,
          "path": [
            {
              "from": [
                5.836129032258064,
                8.951048739387893
              ],
              "to": [
                6,
                9
              ],
              "kind": "GROUP_SLOPE_TRANSLATE",
              "pivot": null,
              "topPivot": [
                5,
                10
              ]
            }
          ]
        },
        {
          "id": 3,
          "v": [
            4.835141170652165,
            9.951504465906629
          ],
          "l": [
            5,
            10
          ],
          "noUp": 9.951057158035502,
          "hold": null,
          "rest": null,
          "path": [
            {
              "from": [
                4.836129032258064,
                9.951048739387893
              ],
              "to": [
                5,
                10
              ],
              "kind": "GROUP_SLOPE_TRANSLATE",
              "pivot": null,
              "topPivot": [
                4,
                11
              ]
            }
          ]
        },
        {
          "id": 2,
          "v": [
            6.950329294709976,
            9.894521558762804
          ],
          "l": [
            7,
            10
          ],
          "noUp": 9.951048739387893,
          "hold": null,
          "rest": null,
          "path": [
            {
              "from": [
                6.836129032258064,
                9.951048739387893
              ],
              "to": [
                7,
                10
              ],
              "kind": "GROUP_SLOPE_TRANSLATE",
              "pivot": null,
              "topPivot": [
                6,
                11
              ]
            }
          ]
        }
      ]
    },
    "post": {
      "min": 0.9999999991651123,
      "pair": [
        2,
        3000541
      ],
      "tracked": [
        {
          "id": 1,
          "v": [
            5.816645072835427,
            8.943248713300752
          ],
          "l": [
            6,
            9
          ],
          "noUp": 8.951048739387893,
          "hold": null,
          "rest": null,
          "path": [
            {
              "from": [
                5.836129032258064,
                8.951048739387893
              ],
              "to": [
                6,
                9
              ],
              "kind": "GROUP_SLOPE_TRANSLATE",
              "pivot": null,
              "topPivot": [
                5,
                10
              ]
            }
          ]
        },
        {
          "id": 3,
          "v": [
            4.835141170652165,
            9.951504465906629
          ],
          "l": [
            5,
            10
          ],
          "noUp": 9.951057158035502,
          "hold": null,
          "rest": null,
          "path": [
            {
              "from": [
                4.836129032258064,
                9.951048739387893
              ],
              "to": [
                5,
                10
              ],
              "kind": "GROUP_SLOPE_TRANSLATE",
              "pivot": null,
              "topPivot": [
                4,
                11
              ]
            }
          ]
        },
        {
          "id": 2,
          "v": [
            6.950329294709976,
            9.894521558762804
          ],
          "l": [
            7,
            10
          ],
          "noUp": 9.951048739387893,
          "hold": null,
          "rest": null,
          "path": [
            {
              "from": [
                6.836129032258064,
                9.951048739387893
              ],
              "to": [
                7,
                10
              ],
              "kind": "GROUP_SLOPE_TRANSLATE",
              "pivot": null,
              "topPivot": [
                6,
                11
              ]
            }
          ]
        }
      ]
    },
    "ret": 0
  },
  {
    "seed": 9,
    "step": 1,
    "call": 2,
    "stage": "solver",
    "pre": {
      "min": 0.9999999991651123,
      "pair": [
        2,
        3000541
      ],
      "tracked": [
        {
          "id": 1,
          "v": [
            5.816645072835427,
            8.943248713300752
          ],
          "l": [
            6,
            9
          ],
          "noUp": 8.951048739387893,
          "hold": null,
          "rest": null,
          "path": [
            {
              "from": [
                5.836129032258064,
                8.951048739387893
              ],
              "to": [
                6,
                9
              ],
              "kind": "GROUP_SLOPE_TRANSLATE",
              "pivot": null,
              "topPivot": [
                5,
                10
              ]
            }
          ]
        },
        {
          "id": 3,
          "v": [
            4.835141170652165,
            9.951504465906629
          ],
          "l": [
            5,
            10
          ],
          "noUp": 9.951057158035502,
          "hold": null,
          "rest": null,
          "path": [
            {
              "from": [
                4.836129032258064,
                9.951048739387893
              ],
              "to": [
                5,
                10
              ],
              "kind": "GROUP_SLOPE_TRANSLATE",
              "pivot": null,
              "topPivot": [
                4,
                11
              ]
            }
          ]
        },
        {
          "id": 2,
          "v": [
            6.950329294709976,
            9.894521558762804
          ],
          "l": [
            7,
            10
          ],
          "noUp": 9.951048739387893,
          "hold": null,
          "rest": null,
          "path": [
            {
              "from": [
                6.836129032258064,
                9.951048739387893
              ],
              "to": [
                7,
                10
              ],
              "kind": "GROUP_SLOPE_TRANSLATE",
              "pivot": null,
              "topPivot": [
                6,
                11
              ]
            }
          ]
        }
      ]
    },
    "post": {
      "min": 0.9999999991651123,
      "pair": [
        2,
        3000541
      ],
      "tracked": [
        {
          "id": 1,
          "v": [
            5.816645072835427,
            8.943248713300752
          ],
          "l": [
            6,
            9
          ],
          "noUp": 8.951048739387893,
          "hold": null,
          "rest": null,
          "path": [
            {
              "from": [
                5.836129032258064,
                8.951048739387893
              ],
              "to": [
                6,
                9
              ],
              "kind": "GROUP_SLOPE_TRANSLATE",
              "pivot": null,
              "topPivot": [
                5,
                10
              ]
            }
          ]
        },
        {
          "id": 3,
          "v": [
            4.835141170652165,
            9.951504465906629
          ],
          "l": [
            5,
            10
          ],
          "noUp": 9.951057158035502,
          "hold": null,
          "rest": null,
          "path": [
            {
              "from": [
                4.836129032258064,
                9.951048739387893
              ],
              "to": [
                5,
                10
              ],
              "kind": "GROUP_SLOPE_TRANSLATE",
              "pivot": null,
              "topPivot": [
                4,
                11
              ]
            }
          ]
        },
        {
          "id": 2,
          "v": [
            6.950329294709976,
            9.894521558762804
          ],
          "l": [
            7,
            10
          ],
          "noUp": 9.951048739387893,
          "hold": null,
          "rest": null,
          "path": [
            {
              "from": [
                6.836129032258064,
                9.951048739387893
              ],
              "to": [
                7,
                10
              ],
              "kind": "GROUP_SLOPE_TRANSLATE",
              "pivot": null,
              "topPivot": [
                6,
                11
              ]
            }
          ]
        }
      ]
    },
    "ret": 0
  },
  {
    "seed": 9,
    "step": 1,
    "stage": "afterStep",
    "state": {
      "min": 0.9532377041718688,
      "pair": [
        2,
        3000541
      ],
      "tracked": [
        {
          "id": 1,
          "v": [
            5.816645072835427,
            8.951048739387893
          ],
          "l": [
            6,
            9
          ],
          "noUp": 8.951048739387893,
          "hold": null,
          "rest": null,
          "path": [
            {
              "from": [
                5.836129032258064,
                8.951048739387893
              ],
              "to": [
                6,
                9
              ],
              "kind": "GROUP_SLOPE_TRANSLATE",
              "pivot": null,
              "topPivot": [
                5,
                10
              ]
            }
          ]
        },
        {
          "id": 3,
          "v": [
            4.835141170652165,
            9.951504465906629
          ],
          "l": [
            5,
            10
          ],
          "noUp": 9.951504465906629,
          "hold": null,
          "rest": null,
          "path": [
            {
              "from": [
                4.836129032258064,
                9.951048739387893
              ],
              "to": [
                5,
                10
              ],
              "kind": "GROUP_SLOPE_TRANSLATE",
              "pivot": null,
              "topPivot": [
                4,
                11
              ]
            }
          ]
        },
        {
          "id": 2,
          "v": [
            6.950329294709976,
            9.951048739387893
          ],
          "l": [
            7,
            10
          ],
          "noUp": 9.951048739387893,
          "hold": null,
          "rest": null,
          "path": [
            {
              "from": [
                6.836129032258064,
                9.951048739387893
              ],
              "to": [
                7,
                10
              ],
              "kind": "GROUP_SLOPE_TRANSLATE",
              "pivot": null,
              "topPivot": [
                6,
                11
              ]
            }
          ]
        }
      ]
    }
  },
  {
    "seed": 9,
    "step": 2,
    "call": 0,
    "stage": "solver",
    "pre": {
      "min": 0.9999999991477568,
      "pair": [
        2,
        3000541
      ],
      "tracked": [
        {
          "id": 1,
          "v": [
            5.815664432188628,
            8.943267587686213
          ],
          "l": [
            6,
            9
          ],
          "noUp": 8.951048739387893,
          "hold": null,
          "rest": null,
          "path": [
            {
              "from": [
                5.836129032258064,
                8.951048739387893
              ],
              "to": [
                6,
                9
              ],
              "kind": "GROUP_SLOPE_TRANSLATE",
              "pivot": null,
              "topPivot": [
                5,
                10
              ]
            }
          ]
        },
        {
          "id": 3,
          "v": [
            4.834456127650334,
            9.951486153649006
          ],
          "l": [
            5,
            10
          ],
          "noUp": 9.951504465906629,
          "hold": null,
          "rest": null,
          "path": [
            {
              "from": [
                4.836129032258064,
                9.951048739387893
              ],
              "to": [
                5,
                10
              ],
              "kind": "GROUP_SLOPE_TRANSLATE",
              "pivot": null,
              "topPivot": [
                4,
                11
              ]
            }
          ]
        },
        {
          "id": 2,
          "v": [
            6.947760582037824,
            9.895170646800311
          ],
          "l": [
            7,
            10
          ],
          "noUp": 9.951048739387893,
          "hold": null,
          "rest": null,
          "path": []
        }
      ]
    },
    "post": {
      "min": 0.9999999991477568,
      "pair": [
        2,
        3000541
      ],
      "tracked": [
        {
          "id": 1,
          "v": [
            5.815664432188628,
            8.943267587686213
          ],
          "l": [
            6,
            9
          ],
          "noUp": 8.951048739387893,
          "hold": null,
          "rest": null,
          "path": [
            {
              "from": [
                5.836129032258064,
                8.951048739387893
              ],
              "to": [
                6,
                9
              ],
              "kind": "GROUP_SLOPE_TRANSLATE",
              "pivot": null,
              "topPivot": [
                5,
                10
              ]
            }
          ]
        },
        {
          "id": 3,
          "v": [
            4.834456127650334,
            9.951486153649006
          ],
          "l": [
            5,
            10
          ],
          "noUp": 9.951504465906629,
          "hold": null,
          "rest": null,
          "path": [
            {
              "from": [
                4.836129032258064,
                9.951048739387893
              ],
              "to": [
                5,
                10
              ],
              "kind": "GROUP_SLOPE_TRANSLATE",
              "pivot": null,
              "topPivot": [
                4,
                11
              ]
            }
          ]
        },
        {
          "id": 2,
          "v": [
            6.947760582037824,
            9.895170646800311
          ],
          "l": [
            7,
            10
          ],
          "noUp": 9.951048739387893,
          "hold": null,
          "rest": null,
          "path": []
        }
      ]
    },
    "ret": 0
  },
  {
    "seed": 9,
    "step": 2,
    "call": 1,
    "stage": "solver",
    "pre": {
      "min": 0.9999999991477568,
      "pair": [
        2,
        3000541
      ],
      "tracked": [
        {
          "id": 1,
          "v": [
            5.815664432188628,
            8.943267587686213
          ],
          "l": [
            6,
            9
          ],
          "noUp": 8.951048739387893,
          "hold": null,
          "rest": null,
          "path": [
            {
              "from": [
                5.836129032258064,
                8.951048739387893
              ],
              "to": [
                6,
                9
              ],
              "kind": "GROUP_SLOPE_TRANSLATE",
              "pivot": null,
              "topPivot": [
                5,
                10
              ]
            }
          ]
        },
        {
          "id": 3,
          "v": [
            4.834456127650334,
            9.951486153649006
          ],
          "l": [
            5,
            10
          ],
          "noUp": 9.951504465906629,
          "hold": null,
          "rest": null,
          "path": [
            {
              "from": [
                4.836129032258064,
                9.951048739387893
              ],
              "to": [
                5,
                10
              ],
              "kind": "GROUP_SLOPE_TRANSLATE",
              "pivot": null,
              "topPivot": [
                4,
                11
              ]
            }
          ]
        },
        {
          "id": 2,
          "v": [
            6.947760582037824,
            9.895170646800311
          ],
          "l": [
            7,
            10
          ],
          "noUp": 9.951048739387893,
          "hold": null,
          "rest": null,
          "path": []
        }
      ]
    },
    "post": {
      "min": 0.9999999991477568,
      "pair": [
        2,
        3000541
      ],
      "tracked": [
        {
          "id": 1,
          "v": [
            5.815664432188628,
            8.943267587686213
          ],
          "l": [
            6,
            9
          ],
          "noUp": 8.951048739387893,
          "hold": null,
          "rest": null,
          "path": [
            {
              "from": [
                5.836129032258064,
                8.951048739387893
              ],
              "to": [
                6,
                9
              ],
              "kind": "GROUP_SLOPE_TRANSLATE",
              "pivot": null,
              "topPivot": [
                5,
                10
              ]
            }
          ]
        },
        {
          "id": 3,
          "v": [
            4.834456127650334,
            9.951486153649006
          ],
          "l": [
            5,
            10
          ],
          "noUp": 9.951504465906629,
          "hold": null,
          "rest": null,
          "path": [
            {
              "from": [
                4.836129032258064,
                9.951048739387893
              ],
              "to": [
                5,
                10
              ],
              "kind": "GROUP_SLOPE_TRANSLATE",
              "pivot": null,
              "topPivot": [
                4,
                11
              ]
            }
          ]
        },
        {
          "id": 2,
          "v": [
            6.947760582037824,
            9.895170646800311
          ],
          "l": [
            7,
            10
          ],
          "noUp": 9.951048739387893,
          "hold": null,
          "rest": null,
          "path": []
        }
      ]
    },
    "ret": 0
  },
  {
    "seed": 9,
    "step": 2,
    "call": 2,
    "stage": "solver",
    "pre": {
      "min": 0.9999999991477568,
      "pair": [
        2,
        3000541
      ],
      "tracked": [
        {
          "id": 1,
          "v": [
            5.815664432188628,
            8.943267587686213
          ],
          "l": [
            6,
            9
          ],
          "noUp": 8.951048739387893,
          "hold": null,
          "rest": null,
          "path": [
            {
              "from": [
                5.836129032258064,
                8.951048739387893
              ],
              "to": [
                6,
                9
              ],
              "kind": "GROUP_SLOPE_TRANSLATE",
              "pivot": null,
              "topPivot": [
                5,
                10
              ]
            }
          ]
        },
        {
          "id": 3,
          "v": [
            4.834456127650334,
            9.951486153649006
          ],
          "l": [
            5,
            10
          ],
          "noUp": 9.951504465906629,
          "hold": null,
          "rest": null,
          "path": [
            {
              "from": [
                4.836129032258064,
                9.951048739387893
              ],
              "to": [
                5,
                10
              ],
              "kind": "GROUP_SLOPE_TRANSLATE",
              "pivot": null,
              "topPivot": [
                4,
                11
              ]
            }
          ]
        },
        {
          "id": 2,
          "v": [
            6.947760582037824,
            9.895170646800311
          ],
          "l": [
            7,
            10
          ],
          "noUp": 9.951048739387893,
          "hold": null,
          "rest": null,
          "path": []
        }
      ]
    },
    "post": {
      "min": 0.9999999991477568,
      "pair": [
        2,
        3000541
      ],
      "tracked": [
        {
          "id": 1,
          "v": [
            5.815664432188628,
            8.943267587686213
          ],
          "l": [
            6,
            9
          ],
          "noUp": 8.951048739387893,
          "hold": null,
          "rest": null,
          "path": [
            {
              "from": [
                5.836129032258064,
                8.951048739387893
              ],
              "to": [
                6,
                9
              ],
              "kind": "GROUP_SLOPE_TRANSLATE",
              "pivot": null,
              "topPivot": [
                5,
                10
              ]
            }
          ]
        },
        {
          "id": 3,
          "v": [
            4.834456127650334,
            9.951486153649006
          ],
          "l": [
            5,
            10
          ],
          "noUp": 9.951504465906629,
          "hold": null,
          "rest": null,
          "path": [
            {
              "from": [
                4.836129032258064,
                9.951048739387893
              ],
              "to": [
                5,
                10
              ],
              "kind": "GROUP_SLOPE_TRANSLATE",
              "pivot": null,
              "topPivot": [
                4,
                11
              ]
            }
          ]
        },
        {
          "id": 2,
          "v": [
            6.947760582037824,
            9.895170646800311
          ],
          "l": [
            7,
            10
          ],
          "noUp": 9.951048739387893,
          "hold": null,
          "rest": null,
          "path": []
        }
      ]
    },
    "ret": 0
  },
  {
    "seed": 9,
    "step": 2,
    "stage": "afterStep",
    "state": {
      "min": 0.9538019364006229,
      "pair": [
        2,
        3000541
      ],
      "tracked": [
        {
          "id": 1,
          "v": [
            5.815664432188628,
            8.951048739387893
          ],
          "l": [
            6,
            9
          ],
          "noUp": 8.951048739387893,
          "hold": null,
          "rest": null,
          "path": [
            {
              "from": [
                5.836129032258064,
                8.951048739387893
              ],
              "to": [
                6,
                9
              ],
              "kind": "GROUP_SLOPE_TRANSLATE",
              "pivot": null,
              "topPivot": [
                5,
                10
              ]
            }
          ]
        },
        {
          "id": 3,
          "v": [
            4.834456127650334,
            9.951504465906629
          ],
          "l": [
            5,
            10
          ],
          "noUp": 9.951504465906629,
          "hold": null,
          "rest": null,
          "path": [
            {
              "from": [
                4.836129032258064,
                9.951048739387893
              ],
              "to": [
                5,
                10
              ],
              "kind": "GROUP_SLOPE_TRANSLATE",
              "pivot": null,
              "topPivot": [
                4,
                11
              ]
            }
          ]
        },
        {
          "id": 2,
          "v": [
            6.947760582037824,
            9.951048739387893
          ],
          "l": [
            7,
            10
          ],
          "noUp": 9.951048739387893,
          "hold": null,
          "rest": null,
          "path": []
        }
      ]
    }
  },
  {
    "seed": 9,
    "step": 3,
    "call": 0,
    "stage": "solver",
    "pre": {
      "min": 0.9999999995137748,
      "pair": [
        1,
        2
      ],
      "tracked": [
        {
          "id": 1,
          "v": [
            5.817800032839236,
            8.94543331492018
          ],
          "l": [
            6,
            9
          ],
          "noUp": 8.951048739387893,
          "hold": null,
          "rest": null,
          "path": [
            {
              "from": [
                5.836129032258064,
                8.951048739387893
              ],
              "to": [
                6,
                9
              ],
              "kind": "GROUP_SLOPE_TRANSLATE",
              "pivot": null,
              "topPivot": [
                5,
                10
              ]
            }
          ]
        },
        {
          "id": 3,
          "v": [
            4.833792925583828,
            9.951393695782695
          ],
          "l": [
            5,
            10
          ],
          "noUp": 9.951504465906629,
          "hold": null,
          "rest": null,
          "path": [
            {
              "from": [
                4.836129032258064,
                9.951048739387893
              ],
              "to": [
                5,
                10
              ],
              "kind": "GROUP_SLOPE_TRANSLATE",
              "pivot": null,
              "topPivot": [
                4,
                11
              ]
            }
          ]
        },
        {
          "id": 2,
          "v": [
            6.970258176429465,
            9.889156477608399
          ],
          "l": [
            7,
            10
          ],
          "noUp": 9.951048739387893,
          "hold": null,
          "rest": null,
          "path": []
        }
      ]
    },
    "post": {
      "min": 0.9999999995137748,
      "pair": [
        1,
        2
      ],
      "tracked": [
        {
          "id": 1,
          "v": [
            5.817800032839236,
            8.94543331492018
          ],
          "l": [
            6,
            9
          ],
          "noUp": 8.951048739387893,
          "hold": null,
          "rest": null,
          "path": [
            {
              "from": [
                5.836129032258064,
                8.951048739387893
              ],
              "to": [
                6,
                9
              ],
              "kind": "GROUP_SLOPE_TRANSLATE",
              "pivot": null,
              "topPivot": [
                5,
                10
              ]
            }
          ]
        },
        {
          "id": 3,
          "v": [
            4.833792925583828,
            9.951393695782695
          ],
          "l": [
            5,
            10
          ],
          "noUp": 9.951504465906629,
          "hold": null,
          "rest": null,
          "path": [
            {
              "from": [
                4.836129032258064,
                9.951048739387893
              ],
              "to": [
                5,
                10
              ],
              "kind": "GROUP_SLOPE_TRANSLATE",
              "pivot": null,
              "topPivot": [
                4,
                11
              ]
            }
          ]
        },
        {
          "id": 2,
          "v": [
            6.970258176429465,
            9.889156477608399
          ],
          "l": [
            7,
            10
          ],
          "noUp": 9.951048739387893,
          "hold": null,
          "rest": null,
          "path": []
        }
      ]
    },
    "ret": 0
  },
  {
    "seed": 9,
    "step": 3,
    "call": 1,
    "stage": "solver",
    "pre": {
      "min": 0.9999999995137748,
      "pair": [
        1,
        2
      ],
      "tracked": [
        {
          "id": 1,
          "v": [
            5.817800032839236,
            8.94543331492018
          ],
          "l": [
            6,
            9
          ],
          "noUp": 8.951048739387893,
          "hold": null,
          "rest": null,
          "path": [
            {
              "from": [
                5.836129032258064,
                8.951048739387893
              ],
              "to": [
                6,
                9
              ],
              "kind": "GROUP_SLOPE_TRANSLATE",
              "pivot": null,
              "topPivot": [
                5,
                10
              ]
            }
          ]
        },
        {
          "id": 3,
          "v": [
            4.833792925583828,
            9.951393695782695
          ],
          "l": [
            5,
            10
          ],
          "noUp": 9.951504465906629,
          "hold": null,
          "rest": null,
          "path": [
            {
              "from": [
                4.836129032258064,
                9.951048739387893
              ],
              "to": [
                5,
                10
              ],
              "kind": "GROUP_SLOPE_TRANSLATE",
              "pivot": null,
              "topPivot": [
                4,
                11
              ]
            }
          ]
        },
        {
          "id": 2,
          "v": [
            6.970258176429465,
            9.889156477608399
          ],
          "l": [
            7,
            10
          ],
          "noUp": 9.951048739387893,
          "hold": null,
          "rest": null,
          "path": []
        }
      ]
    },
    "post": {
      "min": 0.9999999995137748,
      "pair": [
        1,
        2
      ],
      "tracked": [
        {
          "id": 1,
          "v": [
            5.817800032839236,
            8.94543331492018
          ],
          "l": [
            6,
            9
          ],
          "noUp": 8.951048739387893,
          "hold": null,
          "rest": null,
          "path": [
            {
              "from": [
                5.836129032258064,
                8.951048739387893
              ],
              "to": [
                6,
                9
              ],
              "kind": "GROUP_SLOPE_TRANSLATE",
              "pivot": null,
              "topPivot": [
                5,
                10
              ]
            }
          ]
        },
        {
          "id": 3,
          "v": [
            4.833792925583828,
            9.951393695782695
          ],
          "l": [
            5,
            10
          ],
          "noUp": 9.951504465906629,
          "hold": null,
          "rest": null,
          "path": [
            {
              "from": [
                4.836129032258064,
                9.951048739387893
              ],
              "to": [
                5,
                10
              ],
              "kind": "GROUP_SLOPE_TRANSLATE",
              "pivot": null,
              "topPivot": [
                4,
                11
              ]
            }
          ]
        },
        {
          "id": 2,
          "v": [
            6.970258176429465,
            9.889156477608399
          ],
          "l": [
            7,
            10
          ],
          "noUp": 9.951048739387893,
          "hold": null,
          "rest": null,
          "path": []
        }
      ]
    },
    "ret": 0
  },
  {
    "seed": 9,
    "step": 3,
    "call": 2,
    "stage": "solver",
    "pre": {
      "min": 0.9999999995137748,
      "pair": [
        1,
        2
      ],
      "tracked": [
        {
          "id": 1,
          "v": [
            5.817800032839236,
            8.94543331492018
          ],
          "l": [
            6,
            9
          ],
          "noUp": 8.951048739387893,
          "hold": null,
          "rest": null,
          "path": [
            {
              "from": [
                5.836129032258064,
                8.951048739387893
              ],
              "to": [
                6,
                9
              ],
              "kind": "GROUP_SLOPE_TRANSLATE",
              "pivot": null,
              "topPivot": [
                5,
                10
              ]
            }
          ]
        },
        {
          "id": 3,
          "v": [
            4.833792925583828,
            9.951393695782695
          ],
          "l": [
            5,
            10
          ],
          "noUp": 9.951504465906629,
          "hold": null,
          "rest": null,
          "path": [
            {
              "from": [
                4.836129032258064,
                9.951048739387893
              ],
              "to": [
                5,
                10
              ],
              "kind": "GROUP_SLOPE_TRANSLATE",
              "pivot": null,
              "topPivot": [
                4,
                11
              ]
            }
          ]
        },
        {
          "id": 2,
          "v": [
            6.970258176429465,
            9.889156477608399
          ],
          "l": [
            7,
            10
          ],
          "noUp": 9.951048739387893,
          "hold": null,
          "rest": null,
          "path": []
        }
      ]
    },
    "post": {
      "min": 0.9999999995137748,
      "pair": [
        1,
        2
      ],
      "tracked": [
        {
          "id": 1,
          "v": [
            5.817800032839236,
            8.94543331492018
          ],
          "l": [
            6,
            9
          ],
          "noUp": 8.951048739387893,
          "hold": null,
          "rest": null,
          "path": [
            {
              "from": [
                5.836129032258064,
                8.951048739387893
              ],
              "to": [
                6,
                9
              ],
              "kind": "GROUP_SLOPE_TRANSLATE",
              "pivot": null,
              "topPivot": [
                5,
                10
              ]
            }
          ]
        },
        {
          "id": 3,
          "v": [
            4.833792925583828,
            9.951393695782695
          ],
          "l": [
            5,
            10
          ],
          "noUp": 9.951504465906629,
          "hold": null,
          "rest": null,
          "path": [
            {
              "from": [
                4.836129032258064,
                9.951048739387893
              ],
              "to": [
                5,
                10
              ],
              "kind": "GROUP_SLOPE_TRANSLATE",
              "pivot": null,
              "topPivot": [
                4,
                11
              ]
            }
          ]
        },
        {
          "id": 2,
          "v": [
            6.970258176429465,
            9.889156477608399
          ],
          "l": [
            7,
            10
          ],
          "noUp": 9.951048739387893,
          "hold": null,
          "rest": null,
          "path": []
        }
      ]
    },
    "ret": 0
  },
  {
    "seed": 9,
    "step": 3,
    "stage": "afterStep",
    "state": {
      "min": 0.9485483967470683,
      "pair": [
        2,
        3000541
      ],
      "tracked": [
        {
          "id": 1,
          "v": [
            5.817800032839236,
            8.951048739387893
          ],
          "l": [
            6,
            9
          ],
          "noUp": 8.951048739387893,
          "hold": null,
          "rest": null,
          "path": [
            {
              "from": [
                5.836129032258064,
                8.951048739387893
              ],
              "to": [
                6,
                9
              ],
              "kind": "GROUP_SLOPE_TRANSLATE",
              "pivot": null,
              "topPivot": [
                5,
                10
              ]
            }
          ]
        },
        {
          "id": 3,
          "v": [
            4.833792925583828,
            9.951504465906629
          ],
          "l": [
            5,
            10
          ],
          "noUp": 9.951504465906629,
          "hold": null,
          "rest": null,
          "path": [
            {
              "from": [
                4.836129032258064,
                9.951048739387893
              ],
              "to": [
                5,
                10
              ],
              "kind": "GROUP_SLOPE_TRANSLATE",
              "pivot": null,
              "topPivot": [
                4,
                11
              ]
            }
          ]
        },
        {
          "id": 2,
          "v": [
            6.970258176429465,
            9.951048739387893
          ],
          "l": [
            7,
            10
          ],
          "noUp": 9.951048739387893,
          "hold": null,
          "rest": null,
          "path": []
        }
      ]
    }
  }
]
