SEED7_WRITE_TRACE {
  "before": {
    "pileClock": 28.45000000000043,
    "state": "RESOLVING",
    "phase": "SETTLE",
    "d": 1.001629957266219,
    "a": {
      "id": 60,
      "logical": [
        2,
        7
      ],
      "visual": [
        2.998053578880379,
        5.949069014266654
      ],
      "path": [
        {
          "from": [
            2,
            5
          ],
          "to": [
            3,
            6
          ],
          "kind": "ROLL_RIGHT",
          "start": 28.241666666667108,
          "end": 28.45648254352522,
          "dur": 0.21481587685811263,
          "supports": [],
          "movingSupportId": 0,
          "coupled": false
        },
        {
          "from": [
            3,
            6
          ],
          "to": [
            2,
            7
          ],
          "kind": "CLEAR_HOLE_ROLL_LEFT",
          "start": 28.45648254352522,
          "end": 28.632995151656385,
          "dur": 0.17651260813116418,
          "supports": [],
          "movingSupportId": 0,
          "coupled": false
        }
      ]
    },
    "b": {
      "id": 58,
      "logical": [
        4,
        7
      ],
      "visual": [
        5.001232522170351,
        5.959467833625633
      ],
      "path": [
        {
          "from": [
            6,
            5
          ],
          "to": [
            5,
            6
          ],
          "kind": "ROLL_LEFT",
          "start": 28.241666666667108,
          "end": 28.45648254352522,
          "dur": 0.21481587685811265,
          "supports": [
            68
          ],
          "movingSupportId": 68,
          "coupled": true
        },
        {
          "from": [
            5,
            6
          ],
          "to": [
            4,
            7
          ],
          "kind": "CLEAR_HOLE_ROLL_LEFT",
          "start": 28.45648254352522,
          "end": 28.632995151656385,
          "dur": 0.17651260813116418,
          "supports": [
            60
          ],
          "movingSupportId": 60,
          "coupled": true
        }
      ]
    }
  },
  "after": {
    "pileClock": 28.458333333333762,
    "state": "RESOLVING",
    "phase": "SETTLE",
    "d": 0.9930940795371987,
    "a": {
      "id": 60,
      "logical": [
        2,
        7
      ],
      "visual": [
        2.984265383416079,
        6.051045007047887
      ],
      "path": [
        {
          "from": [
            3,
            6
          ],
          "to": [
            2,
            7
          ],
          "kind": "CLEAR_HOLE_ROLL_LEFT",
          "start": 28.45648254352522,
          "end": 28.632995151656385,
          "dur": 0.17651260813116418,
          "supports": [],
          "movingSupportId": 0,
          "coupled": false
        }
      ]
    },
    "b": {
      "id": 58,
      "logical": [
        4,
        7
      ],
      "visual": [
        4.969227087674138,
        6.010752593054329
      ],
      "path": [
        {
          "from": [
            5,
            6
          ],
          "to": [
            4,
            7
          ],
          "kind": "CLEAR_HOLE_ROLL_LEFT",
          "start": 28.45648254352522,
          "end": 28.632995151656385,
          "dur": 0.17651260813116418,
          "supports": [
            60
          ],
          "movingSupportId": 60,
          "coupled": true
        }
      ]
    }
  },
  "stage": [
    {
      "name": "pre-step",
      "pileClock": 28.45000000000043,
      "state": "RESOLVING",
      "phase": "SETTLE",
      "d": 1.001629957266219,
      "a": {
        "id": 60,
        "logical": [
          2,
          7
        ],
        "visual": [
          2.998053578880379,
          5.949069014266654
        ],
        "path": [
          {
            "from": [
              2,
              5
            ],
            "to": [
              3,
              6
            ],
            "kind": "ROLL_RIGHT",
            "start": 28.241666666667108,
            "end": 28.45648254352522,
            "dur": 0.21481587685811263,
            "supports": [],
            "movingSupportId": 0,
            "coupled": false
          },
          {
            "from": [
              3,
              6
            ],
            "to": [
              2,
              7
            ],
            "kind": "CLEAR_HOLE_ROLL_LEFT",
            "start": 28.45648254352522,
            "end": 28.632995151656385,
            "dur": 0.17651260813116418,
            "supports": [],
            "movingSupportId": 0,
            "coupled": false
          }
        ]
      },
      "b": {
        "id": 58,
        "logical": [
          4,
          7
        ],
        "visual": [
          5.001232522170351,
          5.959467833625633
        ],
        "path": [
          {
            "from": [
              6,
              5
            ],
            "to": [
              5,
              6
            ],
            "kind": "ROLL_LEFT",
            "start": 28.241666666667108,
            "end": 28.45648254352522,
            "dur": 0.21481587685811265,
            "supports": [
              68
            ],
            "movingSupportId": 68,
            "coupled": true
          },
          {
            "from": [
              5,
              6
            ],
            "to": [
              4,
              7
            ],
            "kind": "CLEAR_HOLE_ROLL_LEFT",
            "start": 28.45648254352522,
            "end": 28.632995151656385,
            "dur": 0.17651260813116418,
            "supports": [
              60
            ],
            "movingSupportId": 60,
            "coupled": true
          }
        ]
      },
      "analytic": {
        "pa": [
          2.998053578880379,
          5.949069014266654
        ],
        "pb": [
          5.0405321663743585,
          5.959467833625633
        ],
        "d": 1.0212790004087502
      }
    },
    {
      "name": "before updateVisuals",
      "pileClock": 28.45000000000043,
      "state": "RESOLVING",
      "phase": "SETTLE",
      "d": 1.001629957266219,
      "a": {
        "id": 60,
        "logical": [
          2,
          7
        ],
        "visual": [
          2.998053578880379,
          5.949069014266654
        ],
        "path": [
          {
            "from": [
              2,
              5
            ],
            "to": [
              3,
              6
            ],
            "kind": "ROLL_RIGHT",
            "start": 28.241666666667108,
            "end": 28.45648254352522,
            "dur": 0.21481587685811263,
            "supports": [],
            "movingSupportId": 0,
            "coupled": false
          },
          {
            "from": [
              3,
              6
            ],
            "to": [
              2,
              7
            ],
            "kind": "CLEAR_HOLE_ROLL_LEFT",
            "start": 28.45648254352522,
            "end": 28.632995151656385,
            "dur": 0.17651260813116418,
            "supports": [],
            "movingSupportId": 0,
            "coupled": false
          }
        ]
      },
      "b": {
        "id": 58,
        "logical": [
          4,
          7
        ],
        "visual": [
          5.001232522170351,
          5.959467833625633
        ],
        "path": [
          {
            "from": [
              6,
              5
            ],
            "to": [
              5,
              6
            ],
            "kind": "ROLL_LEFT",
            "start": 28.241666666667108,
            "end": 28.45648254352522,
            "dur": 0.21481587685811265,
            "supports": [
              68
            ],
            "movingSupportId": 68,
            "coupled": true
          },
          {
            "from": [
              5,
              6
            ],
            "to": [
              4,
              7
            ],
            "kind": "CLEAR_HOLE_ROLL_LEFT",
            "start": 28.45648254352522,
            "end": 28.632995151656385,
            "dur": 0.17651260813116418,
            "supports": [
              60
            ],
            "movingSupportId": 60,
            "coupled": true
          }
        ]
      },
      "analytic": {
        "pa": [
          2.998053578880379,
          5.949069014266654
        ],
        "pb": [
          5.0405321663743585,
          5.959467833625633
        ],
        "d": 1.0212790004087502
      }
    },
    {
      "name": "before finalNonOverlap",
      "pileClock": 28.458333333333762,
      "state": "RESOLVING",
      "phase": "SETTLE",
      "d": 1,
      "a": {
        "id": 60,
        "logical": [
          2,
          7
        ],
        "visual": [
          3,
          6.000166798229882
        ],
        "path": [
          {
            "from": [
              3,
              6
            ],
            "to": [
              2,
              7
            ],
            "kind": "CLEAR_HOLE_ROLL_LEFT",
            "start": 28.45648254352522,
            "end": 28.632995151656385,
            "dur": 0.17651260813116418,
            "supports": [],
            "movingSupportId": 0,
            "coupled": false
          }
        ]
      },
      "b": {
        "id": 58,
        "logical": [
          4,
          7
        ],
        "visual": [
          5,
          6.000166798229881
        ],
        "path": [
          {
            "from": [
              5,
              6
            ],
            "to": [
              4,
              7
            ],
            "kind": "CLEAR_HOLE_ROLL_LEFT",
            "start": 28.45648254352522,
            "end": 28.632995151656385,
            "dur": 0.17651260813116418,
            "supports": [
              60
            ],
            "movingSupportId": 60,
            "coupled": true
          }
        ]
      },
      "analytic": {
        "pa": [
          3,
          6.000166798229882
        ],
        "pb": [
          5,
          6.000166798229881
        ],
        "d": 1
      }
    },
    {
      "name": "after finalNonOverlap",
      "pileClock": 28.458333333333762,
      "state": "RESOLVING",
      "phase": "SETTLE",
      "d": 1,
      "a": {
        "id": 60,
        "logical": [
          2,
          7
        ],
        "visual": [
          3,
          6.000166798229882
        ],
        "path": [
          {
            "from": [
              3,
              6
            ],
            "to": [
              2,
              7
            ],
            "kind": "CLEAR_HOLE_ROLL_LEFT",
            "start": 28.45648254352522,
            "end": 28.632995151656385,
            "dur": 0.17651260813116418,
            "supports": [],
            "movingSupportId": 0,
            "coupled": false
          }
        ]
      },
      "b": {
        "id": 58,
        "logical": [
          4,
          7
        ],
        "visual": [
          5,
          6.000166798229881
        ],
        "path": [
          {
            "from": [
              5,
              6
            ],
            "to": [
              4,
              7
            ],
            "kind": "CLEAR_HOLE_ROLL_LEFT",
            "start": 28.45648254352522,
            "end": 28.632995151656385,
            "dur": 0.17651260813116418,
            "supports": [
              60
            ],
            "movingSupportId": 60,
            "coupled": true
          }
        ]
      },
      "analytic": {
        "pa": [
          3,
          6.000166798229882
        ],
        "pb": [
          5,
          6.000166798229881
        ],
        "d": 1
      }
    },
    {
      "name": "before finalNonOverlap",
      "pileClock": 28.458333333333762,
      "state": "RESOLVING",
      "phase": "SETTLE",
      "d": 1,
      "a": {
        "id": 60,
        "logical": [
          2,
          7
        ],
        "visual": [
          3,
          6.000166798229882
        ],
        "path": [
          {
            "from": [
              3,
              6
            ],
            "to": [
              2,
              7
            ],
            "kind": "CLEAR_HOLE_ROLL_LEFT",
            "start": 28.45648254352522,
            "end": 28.632995151656385,
            "dur": 0.17651260813116418,
            "supports": [],
            "movingSupportId": 0,
            "coupled": false
          }
        ]
      },
      "b": {
        "id": 58,
        "logical": [
          4,
          7
        ],
        "visual": [
          5,
          6.000166798229881
        ],
        "path": [
          {
            "from": [
              5,
              6
            ],
            "to": [
              4,
              7
            ],
            "kind": "CLEAR_HOLE_ROLL_LEFT",
            "start": 28.45648254352522,
            "end": 28.632995151656385,
            "dur": 0.17651260813116418,
            "supports": [
              60
            ],
            "movingSupportId": 60,
            "coupled": true
          }
        ]
      },
      "analytic": {
        "pa": [
          3,
          6.000166798229882
        ],
        "pb": [
          5,
          6.000166798229881
        ],
        "d": 1
      }
    },
    {
      "name": "after finalNonOverlap",
      "pileClock": 28.458333333333762,
      "state": "RESOLVING",
      "phase": "SETTLE",
      "d": 1,
      "a": {
        "id": 60,
        "logical": [
          2,
          7
        ],
        "visual": [
          3,
          6.000166798229882
        ],
        "path": [
          {
            "from": [
              3,
              6
            ],
            "to": [
              2,
              7
            ],
            "kind": "CLEAR_HOLE_ROLL_LEFT",
            "start": 28.45648254352522,
            "end": 28.632995151656385,
            "dur": 0.17651260813116418,
            "supports": [],
            "movingSupportId": 0,
            "coupled": false
          }
        ]
      },
      "b": {
        "id": 58,
        "logical": [
          4,
          7
        ],
        "visual": [
          5,
          6.000166798229881
        ],
        "path": [
          {
            "from": [
              5,
              6
            ],
            "to": [
              4,
              7
            ],
            "kind": "CLEAR_HOLE_ROLL_LEFT",
            "start": 28.45648254352522,
            "end": 28.632995151656385,
            "dur": 0.17651260813116418,
            "supports": [
              60
            ],
            "movingSupportId": 60,
            "coupled": true
          }
        ]
      },
      "analytic": {
        "pa": [
          3,
          6.000166798229882
        ],
        "pb": [
          5,
          6.000166798229881
        ],
        "d": 1
      }
    },
    {
      "name": "after updateVisuals",
      "pileClock": 28.458333333333762,
      "state": "RESOLVING",
      "phase": "SETTLE",
      "d": 1,
      "a": {
        "id": 60,
        "logical": [
          2,
          7
        ],
        "visual": [
          3,
          6.000166798229882
        ],
        "path": [
          {
            "from": [
              3,
              6
            ],
            "to": [
              2,
              7
            ],
            "kind": "CLEAR_HOLE_ROLL_LEFT",
            "start": 28.45648254352522,
            "end": 28.632995151656385,
            "dur": 0.17651260813116418,
            "supports": [],
            "movingSupportId": 0,
            "coupled": false
          }
        ]
      },
      "b": {
        "id": 58,
        "logical": [
          4,
          7
        ],
        "visual": [
          5,
          6.000166798229881
        ],
        "path": [
          {
            "from": [
              5,
              6
            ],
            "to": [
              4,
              7
            ],
            "kind": "CLEAR_HOLE_ROLL_LEFT",
            "start": 28.45648254352522,
            "end": 28.632995151656385,
            "dur": 0.17651260813116418,
            "supports": [
              60
            ],
            "movingSupportId": 60,
            "coupled": true
          }
        ]
      },
      "analytic": {
        "pa": [
          3,
          6.000166798229882
        ],
        "pb": [
          5,
          6.000166798229881
        ],
        "d": 1
      }
    },
    {
      "name": "before resolveVisualContacts",
      "pileClock": 28.458333333333762,
      "state": "RESOLVING",
      "phase": "SETTLE",
      "d": 1,
      "a": {
        "id": 60,
        "logical": [
          2,
          7
        ],
        "visual": [
          3,
          6.000166798229882
        ],
        "path": [
          {
            "from": [
              3,
              6
            ],
            "to": [
              2,
              7
            ],
            "kind": "CLEAR_HOLE_ROLL_LEFT",
            "start": 28.45648254352522,
            "end": 28.632995151656385,
            "dur": 0.17651260813116418,
            "supports": [],
            "movingSupportId": 0,
            "coupled": false
          }
        ]
      },
      "b": {
        "id": 58,
        "logical": [
          4,
          7
        ],
        "visual": [
          5,
          6.000166798229881
        ],
        "path": [
          {
            "from": [
              5,
              6
            ],
            "to": [
              4,
              7
            ],
            "kind": "CLEAR_HOLE_ROLL_LEFT",
            "start": 28.45648254352522,
            "end": 28.632995151656385,
            "dur": 0.17651260813116418,
            "supports": [
              60
            ],
            "movingSupportId": 60,
            "coupled": true
          }
        ]
      },
      "analytic": {
        "pa": [
          3,
          6.000166798229882
        ],
        "pb": [
          5,
          6.000166798229881
        ],
        "d": 1
      }
    },
    {
      "name": "before finalNonOverlap",
      "pileClock": 28.458333333333762,
      "state": "RESOLVING",
      "phase": "SETTLE",
      "d": 0.9930940795371987,
      "a": {
        "id": 60,
        "logical": [
          2,
          7
        ],
        "visual": [
          2.984265383416079,
          6.051045007047887
        ],
        "path": [
          {
            "from": [
              3,
              6
            ],
            "to": [
              2,
              7
            ],
            "kind": "CLEAR_HOLE_ROLL_LEFT",
            "start": 28.45648254352522,
            "end": 28.632995151656385,
            "dur": 0.17651260813116418,
            "supports": [],
            "movingSupportId": 0,
            "coupled": false
          }
        ]
      },
      "b": {
        "id": 58,
        "logical": [
          4,
          7
        ],
        "visual": [
          4.969227087674138,
          6.010752593054329
        ],
        "path": [
          {
            "from": [
              5,
              6
            ],
            "to": [
              4,
              7
            ],
            "kind": "CLEAR_HOLE_ROLL_LEFT",
            "start": 28.45648254352522,
            "end": 28.632995151656385,
            "dur": 0.17651260813116418,
            "supports": [
              60
            ],
            "movingSupportId": 60,
            "coupled": true
          }
        ]
      },
      "analytic": {
        "pa": [
          2.999913284427058,
          6.010752593054329
        ],
        "pb": [
          4.999913284427058,
          6.010752593054329
        ],
        "d": 1
      }
    },
    {
      "name": "after finalNonOverlap",
      "pileClock": 28.458333333333762,
      "state": "RESOLVING",
      "phase": "SETTLE",
      "d": 0.9930940795371987,
      "a": {
        "id": 60,
        "logical": [
          2,
          7
        ],
        "visual": [
          2.984265383416079,
          6.051045007047887
        ],
        "path": [
          {
            "from": [
              3,
              6
            ],
            "to": [
              2,
              7
            ],
            "kind": "CLEAR_HOLE_ROLL_LEFT",
            "start": 28.45648254352522,
            "end": 28.632995151656385,
            "dur": 0.17651260813116418,
            "supports": [],
            "movingSupportId": 0,
            "coupled": false
          }
        ]
      },
      "b": {
        "id": 58,
        "logical": [
          4,
          7
        ],
        "visual": [
          4.969227087674138,
          6.010752593054329
        ],
        "path": [
          {
            "from": [
              5,
              6
            ],
            "to": [
              4,
              7
            ],
            "kind": "CLEAR_HOLE_ROLL_LEFT",
            "start": 28.45648254352522,
            "end": 28.632995151656385,
            "dur": 0.17651260813116418,
            "supports": [
              60
            ],
            "movingSupportId": 60,
            "coupled": true
          }
        ]
      },
      "analytic": {
        "pa": [
          2.999913284427058,
          6.010752593054329
        ],
        "pb": [
          4.999913284427058,
          6.010752593054329
        ],
        "d": 1
      }
    },
    {
      "name": "before finalNonOverlap",
      "pileClock": 28.458333333333762,
      "state": "RESOLVING",
      "phase": "SETTLE",
      "d": 0.9930940795371987,
      "a": {
        "id": 60,
        "logical": [
          2,
          7
        ],
        "visual": [
          2.984265383416079,
          6.051045007047887
        ],
        "path": [
          {
            "from": [
              3,
              6
            ],
            "to": [
              2,
              7
            ],
            "kind": "CLEAR_HOLE_ROLL_LEFT",
            "start": 28.45648254352522,
            "end": 28.632995151656385,
            "dur": 0.17651260813116418,
            "supports": [],
            "movingSupportId": 0,
            "coupled": false
          }
        ]
      },
      "b": {
        "id": 58,
        "logical": [
          4,
          7
        ],
        "visual": [
          4.969227087674138,
          6.010752593054329
        ],
        "path": [
          {
            "from": [
              5,
              6
            ],
            "to": [
              4,
              7
            ],
            "kind": "CLEAR_HOLE_ROLL_LEFT",
            "start": 28.45648254352522,
            "end": 28.632995151656385,
            "dur": 0.17651260813116418,
            "supports": [
              60
            ],
            "movingSupportId": 60,
            "coupled": true
          }
        ]
      },
      "analytic": {
        "pa": [
          2.999913284427058,
          6.010752593054329
        ],
        "pb": [
          4.999913284427058,
          6.010752593054329
        ],
        "d": 1
      }
    },
    {
      "name": "after finalNonOverlap",
      "pileClock": 28.458333333333762,
      "state": "RESOLVING",
      "phase": "SETTLE",
      "d": 0.9930940795371987,
      "a": {
        "id": 60,
        "logical": [
          2,
          7
        ],
        "visual": [
          2.984265383416079,
          6.051045007047887
        ],
        "path": [
          {
            "from": [
              3,
              6
            ],
            "to": [
              2,
              7
            ],
            "kind": "CLEAR_HOLE_ROLL_LEFT",
            "start": 28.45648254352522,
            "end": 28.632995151656385,
            "dur": 0.17651260813116418,
            "supports": [],
            "movingSupportId": 0,
            "coupled": false
          }
        ]
      },
      "b": {
        "id": 58,
        "logical": [
          4,
          7
        ],
        "visual": [
          4.969227087674138,
          6.010752593054329
        ],
        "path": [
          {
            "from": [
              5,
              6
            ],
            "to": [
              4,
              7
            ],
            "kind": "CLEAR_HOLE_ROLL_LEFT",
            "start": 28.45648254352522,
            "end": 28.632995151656385,
            "dur": 0.17651260813116418,
            "supports": [
              60
            ],
            "movingSupportId": 60,
            "coupled": true
          }
        ]
      },
      "analytic": {
        "pa": [
          2.999913284427058,
          6.010752593054329
        ],
        "pb": [
          4.999913284427058,
          6.010752593054329
        ],
        "d": 1
      }
    },
    {
      "name": "after resolveVisualContacts",
      "pileClock": 28.458333333333762,
      "state": "RESOLVING",
      "phase": "SETTLE",
      "d": 0.9930940795371987,
      "a": {
        "id": 60,
        "logical": [
          2,
          7
        ],
        "visual": [
          2.984265383416079,
          6.051045007047887
        ],
        "path": [
          {
            "from": [
              3,
              6
            ],
            "to": [
              2,
              7
            ],
            "kind": "CLEAR_HOLE_ROLL_LEFT",
            "start": 28.45648254352522,
            "end": 28.632995151656385,
            "dur": 0.17651260813116418,
            "supports": [],
            "movingSupportId": 0,
            "coupled": false
          }
        ]
      },
      "b": {
        "id": 58,
        "logical": [
          4,
          7
        ],
        "visual": [
          4.969227087674138,
          6.010752593054329
        ],
        "path": [
          {
            "from": [
              5,
              6
            ],
            "to": [
              4,
              7
            ],
            "kind": "CLEAR_HOLE_ROLL_LEFT",
            "start": 28.45648254352522,
            "end": 28.632995151656385,
            "dur": 0.17651260813116418,
            "supports": [
              60
            ],
            "movingSupportId": 60,
            "coupled": true
          }
        ]
      },
      "analytic": {
        "pa": [
          2.999913284427058,
          6.010752593054329
        ],
        "pb": [
          4.999913284427058,
          6.010752593054329
        ],
        "d": 1
      }
    },
    {
      "name": "before finalNonOverlap",
      "pileClock": 28.458333333333762,
      "state": "RESOLVING",
      "phase": "SETTLE",
      "d": 0.9930940795371987,
      "a": {
        "id": 60,
        "logical": [
          2,
          7
        ],
        "visual": [
          2.984265383416079,
          6.051045007047887
        ],
        "path": [
          {
            "from": [
              3,
              6
            ],
            "to": [
              2,
              7
            ],
            "kind": "CLEAR_HOLE_ROLL_LEFT",
            "start": 28.45648254352522,
            "end": 28.632995151656385,
            "dur": 0.17651260813116418,
            "supports": [],
            "movingSupportId": 0,
            "coupled": false
          }
        ]
      },
      "b": {
        "id": 58,
        "logical": [
          4,
          7
        ],
        "visual": [
          4.969227087674138,
          6.010752593054329
        ],
        "path": [
          {
            "from": [
              5,
              6
            ],
            "to": [
              4,
              7
            ],
            "kind": "CLEAR_HOLE_ROLL_LEFT",
            "start": 28.45648254352522,
            "end": 28.632995151656385,
            "dur": 0.17651260813116418,
            "supports": [
              60
            ],
            "movingSupportId": 60,
            "coupled": true
          }
        ]
      },
      "analytic": {
        "pa": [
          2.999913284427058,
          6.010752593054329
        ],
        "pb": [
          4.999913284427058,
          6.010752593054329
        ],
        "d": 1
      }
    },
    {
      "name": "after finalNonOverlap",
      "pileClock": 28.458333333333762,
      "state": "RESOLVING",
      "phase": "SETTLE",
      "d": 0.9930940795371987,
      "a": {
        "id": 60,
        "logical": [
          2,
          7
        ],
        "visual": [
          2.984265383416079,
          6.051045007047887
        ],
        "path": [
          {
            "from": [
              3,
              6
            ],
            "to": [
              2,
              7
            ],
            "kind": "CLEAR_HOLE_ROLL_LEFT",
            "start": 28.45648254352522,
            "end": 28.632995151656385,
            "dur": 0.17651260813116418,
            "supports": [],
            "movingSupportId": 0,
            "coupled": false
          }
        ]
      },
      "b": {
        "id": 58,
        "logical": [
          4,
          7
        ],
        "visual": [
          4.969227087674138,
          6.010752593054329
        ],
        "path": [
          {
            "from": [
              5,
              6
            ],
            "to": [
              4,
              7
            ],
            "kind": "CLEAR_HOLE_ROLL_LEFT",
            "start": 28.45648254352522,
            "end": 28.632995151656385,
            "dur": 0.17651260813116418,
            "supports": [
              60
            ],
            "movingSupportId": 60,
            "coupled": true
          }
        ]
      },
      "analytic": {
        "pa": [
          2.999913284427058,
          6.010752593054329
        ],
        "pb": [
          4.999913284427058,
          6.010752593054329
        ],
        "d": 1
      }
    },
    {
      "name": "before finalNonOverlap",
      "pileClock": 28.458333333333762,
      "state": "RESOLVING",
      "phase": "SETTLE",
      "d": 0.9930940795371987,
      "a": {
        "id": 60,
        "logical": [
          2,
          7
        ],
        "visual": [
          2.984265383416079,
          6.051045007047887
        ],
        "path": [
          {
            "from": [
              3,
              6
            ],
            "to": [
              2,
              7
            ],
            "kind": "CLEAR_HOLE_ROLL_LEFT",
            "start": 28.45648254352522,
            "end": 28.632995151656385,
            "dur": 0.17651260813116418,
            "supports": [],
            "movingSupportId": 0,
            "coupled": false
          }
        ]
      },
      "b": {
        "id": 58,
        "logical": [
          4,
          7
        ],
        "visual": [
          4.969227087674138,
          6.010752593054329
        ],
        "path": [
          {
            "from": [
              5,
              6
            ],
            "to": [
              4,
              7
            ],
            "kind": "CLEAR_HOLE_ROLL_LEFT",
            "start": 28.45648254352522,
            "end": 28.632995151656385,
            "dur": 0.17651260813116418,
            "supports": [
              60
            ],
            "movingSupportId": 60,
            "coupled": true
          }
        ]
      },
      "analytic": {
        "pa": [
          2.999913284427058,
          6.010752593054329
        ],
        "pb": [
          4.999913284427058,
          6.010752593054329
        ],
        "d": 1
      }
    },
    {
      "name": "after finalNonOverlap",
      "pileClock": 28.458333333333762,
      "state": "RESOLVING",
      "phase": "SETTLE",
      "d": 0.9930940795371987,
      "a": {
        "id": 60,
        "logical": [
          2,
          7
        ],
        "visual": [
          2.984265383416079,
          6.051045007047887
        ],
        "path": [
          {
            "from": [
              3,
              6
            ],
            "to": [
              2,
              7
            ],
            "kind": "CLEAR_HOLE_ROLL_LEFT",
            "start": 28.45648254352522,
            "end": 28.632995151656385,
            "dur": 0.17651260813116418,
            "supports": [],
            "movingSupportId": 0,
            "coupled": false
          }
        ]
      },
      "b": {
        "id": 58,
        "logical": [
          4,
          7
        ],
        "visual": [
          4.969227087674138,
          6.010752593054329
        ],
        "path": [
          {
            "from": [
              5,
              6
            ],
            "to": [
              4,
              7
            ],
            "kind": "CLEAR_HOLE_ROLL_LEFT",
            "start": 28.45648254352522,
            "end": 28.632995151656385,
            "dur": 0.17651260813116418,
            "supports": [
              60
            ],
            "movingSupportId": 60,
            "coupled": true
          }
        ]
      },
      "analytic": {
        "pa": [
          2.999913284427058,
          6.010752593054329
        ],
        "pb": [
          4.999913284427058,
          6.010752593054329
        ],
        "d": 1
      }
    },
    {
      "name": "before finalNonOverlap",
      "pileClock": 28.458333333333762,
      "state": "RESOLVING",
      "phase": "SETTLE",
      "d": 0.9930940795371987,
      "a": {
        "id": 60,
        "logical": [
          2,
          7
        ],
        "visual": [
          2.984265383416079,
          6.051045007047887
        ],
        "path": [
          {
            "from": [
              3,
              6
            ],
            "to": [
              2,
              7
            ],
            "kind": "CLEAR_HOLE_ROLL_LEFT",
            "start": 28.45648254352522,
            "end": 28.632995151656385,
            "dur": 0.17651260813116418,
            "supports": [],
            "movingSupportId": 0,
            "coupled": false
          }
        ]
      },
      "b": {
        "id": 58,
        "logical": [
          4,
          7
        ],
        "visual": [
          4.969227087674138,
          6.010752593054329
        ],
        "path": [
          {
            "from": [
              5,
              6
            ],
            "to": [
              4,
              7
            ],
            "kind": "CLEAR_HOLE_ROLL_LEFT",
            "start": 28.45648254352522,
            "end": 28.632995151656385,
            "dur": 0.17651260813116418,
            "supports": [
              60
            ],
            "movingSupportId": 60,
            "coupled": true
          }
        ]
      },
      "analytic": {
        "pa": [
          2.999913284427058,
          6.010752593054329
        ],
        "pb": [
          4.999913284427058,
          6.010752593054329
        ],
        "d": 1
      }
    },
    {
      "name": "after finalNonOverlap",
      "pileClock": 28.458333333333762,
      "state": "RESOLVING",
      "phase": "SETTLE",
      "d": 0.9930940795371987,
      "a": {
        "id": 60,
        "logical": [
          2,
          7
        ],
        "visual": [
          2.984265383416079,
          6.051045007047887
        ],
        "path": [
          {
            "from": [
              3,
              6
            ],
            "to": [
              2,
              7
            ],
            "kind": "CLEAR_HOLE_ROLL_LEFT",
            "start": 28.45648254352522,
            "end": 28.632995151656385,
            "dur": 0.17651260813116418,
            "supports": [],
            "movingSupportId": 0,
            "coupled": false
          }
        ]
      },
      "b": {
        "id": 58,
        "logical": [
          4,
          7
        ],
        "visual": [
          4.969227087674138,
          6.010752593054329
        ],
        "path": [
          {
            "from": [
              5,
              6
            ],
            "to": [
              4,
              7
            ],
            "kind": "CLEAR_HOLE_ROLL_LEFT",
            "start": 28.45648254352522,
            "end": 28.632995151656385,
            "dur": 0.17651260813116418,
            "supports": [
              60
            ],
            "movingSupportId": 60,
            "coupled": true
          }
        ]
      },
      "analytic": {
        "pa": [
          2.999913284427058,
          6.010752593054329
        ],
        "pb": [
          4.999913284427058,
          6.010752593054329
        ],
        "d": 1
      }
    },
    {
      "name": "before finalNonOverlap",
      "pileClock": 28.458333333333762,
      "state": "RESOLVING",
      "phase": "SETTLE",
      "d": 0.9930940795371987,
      "a": {
        "id": 60,
        "logical": [
          2,
          7
        ],
        "visual": [
          2.984265383416079,
          6.051045007047887
        ],
        "path": [
          {
            "from": [
              3,
              6
            ],
            "to": [
              2,
              7
            ],
            "kind": "CLEAR_HOLE_ROLL_LEFT",
            "start": 28.45648254352522,
            "end": 28.632995151656385,
            "dur": 0.17651260813116418,
            "supports": [],
            "movingSupportId": 0,
            "coupled": false
          }
        ]
      },
      "b": {
        "id": 58,
        "logical": [
          4,
          7
        ],
        "visual": [
          4.969227087674138,
          6.010752593054329
        ],
        "path": [
          {
            "from": [
              5,
              6
            ],
            "to": [
              4,
              7
            ],
            "kind": "CLEAR_HOLE_ROLL_LEFT",
            "start": 28.45648254352522,
            "end": 28.632995151656385,
            "dur": 0.17651260813116418,
            "supports": [
              60
            ],
            "movingSupportId": 60,
            "coupled": true
          }
        ]
      },
      "analytic": {
        "pa": [
          2.999913284427058,
          6.010752593054329
        ],
        "pb": [
          4.999913284427058,
          6.010752593054329
        ],
        "d": 1
      }
    },
    {
      "name": "after finalNonOverlap",
      "pileClock": 28.458333333333762,
      "state": "RESOLVING",
      "phase": "SETTLE",
      "d": 0.9930940795371987,
      "a": {
        "id": 60,
        "logical": [
          2,
          7
        ],
        "visual": [
          2.984265383416079,
          6.051045007047887
        ],
        "path": [
          {
            "from": [
              3,
              6
            ],
            "to": [
              2,
              7
            ],
            "kind": "CLEAR_HOLE_ROLL_LEFT",
            "start": 28.45648254352522,
            "end": 28.632995151656385,
            "dur": 0.17651260813116418,
            "supports": [],
            "movingSupportId": 0,
            "coupled": false
          }
        ]
      },
      "b": {
        "id": 58,
        "logical": [
          4,
          7
        ],
        "visual": [
          4.969227087674138,
          6.010752593054329
        ],
        "path": [
          {
            "from": [
              5,
              6
            ],
            "to": [
              4,
              7
            ],
            "kind": "CLEAR_HOLE_ROLL_LEFT",
            "start": 28.45648254352522,
            "end": 28.632995151656385,
            "dur": 0.17651260813116418,
            "supports": [
              60
            ],
            "movingSupportId": 60,
            "coupled": true
          }
        ]
      },
      "analytic": {
        "pa": [
          2.999913284427058,
          6.010752593054329
        ],
        "pb": [
          4.999913284427058,
          6.010752593054329
        ],
        "d": 1
      }
    },
    {
      "name": "before finalNonOverlap",
      "pileClock": 28.458333333333762,
      "state": "RESOLVING",
      "phase": "SETTLE",
      "d": 0.9930940795371987,
      "a": {
        "id": 60,
        "logical": [
          2,
          7
        ],
        "visual": [
          2.984265383416079,
          6.051045007047887
        ],
        "path": [
          {
            "from": [
              3,
              6
            ],
            "to": [
              2,
              7
            ],
            "kind": "CLEAR_HOLE_ROLL_LEFT",
            "start": 28.45648254352522,
            "end": 28.632995151656385,
            "dur": 0.17651260813116418,
            "supports": [],
            "movingSupportId": 0,
            "coupled": false
          }
        ]
      },
      "b": {
        "id": 58,
        "logical": [
          4,
          7
        ],
        "visual": [
          4.969227087674138,
          6.010752593054329
        ],
        "path": [
          {
            "from": [
              5,
              6
            ],
            "to": [
              4,
              7
            ],
            "kind": "CLEAR_HOLE_ROLL_LEFT",
            "start": 28.45648254352522,
            "end": 28.632995151656385,
            "dur": 0.17651260813116418,
            "supports": [
              60
            ],
            "movingSupportId": 60,
            "coupled": true
          }
        ]
      },
      "analytic": {
        "pa": [
          2.999913284427058,
          6.010752593054329
        ],
        "pb": [
          4.999913284427058,
          6.010752593054329
        ],
        "d": 1
      }
    },
    {
      "name": "after finalNonOverlap",
      "pileClock": 28.458333333333762,
      "state": "RESOLVING",
      "phase": "SETTLE",
      "d": 0.9930940795371987,
      "a": {
        "id": 60,
        "logical": [
          2,
          7
        ],
        "visual": [
          2.984265383416079,
          6.051045007047887
        ],
        "path": [
          {
            "from": [
              3,
              6
            ],
            "to": [
              2,
              7
            ],
            "kind": "CLEAR_HOLE_ROLL_LEFT",
            "start": 28.45648254352522,
            "end": 28.632995151656385,
            "dur": 0.17651260813116418,
            "supports": [],
            "movingSupportId": 0,
            "coupled": false
          }
        ]
      },
      "b": {
        "id": 58,
        "logical": [
          4,
          7
        ],
        "visual": [
          4.969227087674138,
          6.010752593054329
        ],
        "path": [
          {
            "from": [
              5,
              6
            ],
            "to": [
              4,
              7
            ],
            "kind": "CLEAR_HOLE_ROLL_LEFT",
            "start": 28.45648254352522,
            "end": 28.632995151656385,
            "dur": 0.17651260813116418,
            "supports": [
              60
            ],
            "movingSupportId": 60,
            "coupled": true
          }
        ]
      },
      "analytic": {
        "pa": [
          2.999913284427058,
          6.010752593054329
        ],
        "pb": [
          4.999913284427058,
          6.010752593054329
        ],
        "d": 1
      }
    },
    {
      "name": "before finalNonOverlap",
      "pileClock": 28.458333333333762,
      "state": "RESOLVING",
      "phase": "SETTLE",
      "d": 0.9930940795371987,
      "a": {
        "id": 60,
        "logical": [
          2,
          7
        ],
        "visual": [
          2.984265383416079,
          6.051045007047887
        ],
        "path": [
          {
            "from": [
              3,
              6
            ],
            "to": [
              2,
              7
            ],
            "kind": "CLEAR_HOLE_ROLL_LEFT",
            "start": 28.45648254352522,
            "end": 28.632995151656385,
            "dur": 0.17651260813116418,
            "supports": [],
            "movingSupportId": 0,
            "coupled": false
          }
        ]
      },
      "b": {
        "id": 58,
        "logical": [
          4,
          7
        ],
        "visual": [
          4.969227087674138,
          6.010752593054329
        ],
        "path": [
          {
            "from": [
              5,
              6
            ],
            "to": [
              4,
              7
            ],
            "kind": "CLEAR_HOLE_ROLL_LEFT",
            "start": 28.45648254352522,
            "end": 28.632995151656385,
            "dur": 0.17651260813116418,
            "supports": [
              60
            ],
            "movingSupportId": 60,
            "coupled": true
          }
        ]
      },
      "analytic": {
        "pa": [
          2.999913284427058,
          6.010752593054329
        ],
        "pb": [
          4.999913284427058,
          6.010752593054329
        ],
        "d": 1
      }
    },
    {
      "name": "after finalNonOverlap",
      "pileClock": 28.458333333333762,
      "state": "RESOLVING",
      "phase": "SETTLE",
      "d": 0.9930940795371987,
      "a": {
        "id": 60,
        "logical": [
          2,
          7
        ],
        "visual": [
          2.984265383416079,
          6.051045007047887
        ],
        "path": [
          {
            "from": [
              3,
              6
            ],
            "to": [
              2,
              7
            ],
            "kind": "CLEAR_HOLE_ROLL_LEFT",
            "start": 28.45648254352522,
            "end": 28.632995151656385,
            "dur": 0.17651260813116418,
            "supports": [],
            "movingSupportId": 0,
            "coupled": false
          }
        ]
      },
      "b": {
        "id": 58,
        "logical": [
          4,
          7
        ],
        "visual": [
          4.969227087674138,
          6.010752593054329
        ],
        "path": [
          {
            "from": [
              5,
              6
            ],
            "to": [
              4,
              7
            ],
            "kind": "CLEAR_HOLE_ROLL_LEFT",
            "start": 28.45648254352522,
            "end": 28.632995151656385,
            "dur": 0.17651260813116418,
            "supports": [
              60
            ],
            "movingSupportId": 60,
            "coupled": true
          }
        ]
      },
      "analytic": {
        "pa": [
          2.999913284427058,
          6.010752593054329
        ],
        "pb": [
          4.999913284427058,
          6.010752593054329
        ],
        "d": 1
      }
    },
    {
      "name": "post-step",
      "pileClock": 28.458333333333762,
      "state": "RESOLVING",
      "phase": "SETTLE",
      "d": 0.9930940795371987,
      "a": {
        "id": 60,
        "logical": [
          2,
          7
        ],
        "visual": [
          2.984265383416079,
          6.051045007047887
        ],
        "path": [
          {
            "from": [
              3,
              6
            ],
            "to": [
              2,
              7
            ],
            "kind": "CLEAR_HOLE_ROLL_LEFT",
            "start": 28.45648254352522,
            "end": 28.632995151656385,
            "dur": 0.17651260813116418,
            "supports": [],
            "movingSupportId": 0,
            "coupled": false
          }
        ]
      },
      "b": {
        "id": 58,
        "logical": [
          4,
          7
        ],
        "visual": [
          4.969227087674138,
          6.010752593054329
        ],
        "path": [
          {
            "from": [
              5,
              6
            ],
            "to": [
              4,
              7
            ],
            "kind": "CLEAR_HOLE_ROLL_LEFT",
            "start": 28.45648254352522,
            "end": 28.632995151656385,
            "dur": 0.17651260813116418,
            "supports": [
              60
            ],
            "movingSupportId": 60,
            "coupled": true
          }
        ]
      },
      "analytic": {
        "pa": [
          2.999913284427058,
          6.010752593054329
        ],
        "pb": [
          4.999913284427058,
          6.010752593054329
        ],
        "d": 1
      }
    }
  ],
  "writes": [
    {
      "id": 60,
      "key": "x",
      "old": 2.998053578880379,
      "next": 3,
      "pileClock": 28.458333333333762,
      "state": "RESOLVING",
      "phase": "SETTLE",
      "d": 1.0006567860815823,
      "stack": "at Object.set [as x] (evalmachine.<anonymous>:8129:423) <- at updateScheduledPileFlowVisual (evalmachine.<anonymous>:1436:128) <- at updateScheduledPileFlowVisual (evalmachine.<anonymous>:4818:12) <- at updateScheduledPileFlowVisual (evalmachine.<anonymous>:5193:18) <- at updateVisuals (evalmachine.<anonymous>:1609:21) <- at updateVisuals (evalmachine.<anonymous>:3547:5)",
      "i": 0
    },
    {
      "id": 60,
      "key": "y",
      "old": 5.949069014266654,
      "next": 6,
      "pileClock": 28.458333333333762,
      "state": "RESOLVING",
      "phase": "SETTLE",
      "d": 1.0012317635449477,
      "stack": "at Object.set [as y] (evalmachine.<anonymous>:8129:423) <- at updateScheduledPileFlowVisual (evalmachine.<anonymous>:1436:146) <- at updateScheduledPileFlowVisual (evalmachine.<anonymous>:4818:12) <- at updateScheduledPileFlowVisual (evalmachine.<anonymous>:5193:18) <- at updateVisuals (evalmachine.<anonymous>:1609:21) <- at updateVisuals (evalmachine.<anonymous>:3547:5)",
      "i": 1
    },
    {
      "id": 60,
      "key": "y",
      "old": 6,
      "next": 6.000166798229882,
      "pileClock": 28.458333333333762,
      "state": "RESOLVING",
      "phase": "SETTLE",
      "d": 1.0012368382345758,
      "stack": "at Object.set [as y] (evalmachine.<anonymous>:8129:423) <- at updateScheduledPileFlowVisual (evalmachine.<anonymous>:1439:154) <- at updateScheduledPileFlowVisual (evalmachine.<anonymous>:4818:12) <- at updateScheduledPileFlowVisual (evalmachine.<anonymous>:5193:18) <- at updateVisuals (evalmachine.<anonymous>:1609:21) <- at updateVisuals (evalmachine.<anonymous>:3547:5)",
      "i": 2
    },
    {
      "id": 58,
      "key": "x",
      "old": 5.001232522170351,
      "next": 5,
      "pileClock": 28.458333333333762,
      "state": "RESOLVING",
      "phase": "SETTLE",
      "d": 1.0006209593496898,
      "stack": "at Object.set [as x] (evalmachine.<anonymous>:8129:423) <- at updateScheduledPileFlowVisual (evalmachine.<anonymous>:1436:128) <- at updateScheduledPileFlowVisual (evalmachine.<anonymous>:4818:12) <- at updateScheduledPileFlowVisual (evalmachine.<anonymous>:5193:18) <- at updateVisuals (evalmachine.<anonymous>:1609:21) <- at updateVisuals (evalmachine.<anonymous>:3547:5)",
      "i": 3
    },
    {
      "id": 58,
      "key": "y",
      "old": 5.959467833625633,
      "next": 6,
      "pileClock": 28.458333333333762,
      "state": "RESOLVING",
      "phase": "SETTLE",
      "d": 1.0000000104331186,
      "stack": "at Object.set [as y] (evalmachine.<anonymous>:8129:423) <- at updateScheduledPileFlowVisual (evalmachine.<anonymous>:1436:146) <- at updateScheduledPileFlowVisual (evalmachine.<anonymous>:4818:12) <- at updateScheduledPileFlowVisual (evalmachine.<anonymous>:5193:18) <- at updateVisuals (evalmachine.<anonymous>:1609:21) <- at updateVisuals (evalmachine.<anonymous>:3547:5)",
      "i": 4
    },
    {
      "id": 58,
      "key": "y",
      "old": 6,
      "next": 6.000166798229881,
      "pileClock": 28.458333333333762,
      "state": "RESOLVING",
      "phase": "SETTLE",
      "d": 1,
      "stack": "at Object.set [as y] (evalmachine.<anonymous>:8129:423) <- at updateScheduledPileFlowVisual (evalmachine.<anonymous>:1439:154) <- at updateScheduledPileFlowVisual (evalmachine.<anonymous>:4818:12) <- at updateScheduledPileFlowVisual (evalmachine.<anonymous>:5193:18) <- at updateVisuals (evalmachine.<anonymous>:1609:21) <- at updateVisuals (evalmachine.<anonymous>:3547:5)",
      "i": 5
    },
    {
      "id": 60,
      "key": "x",
      "old": 3,
      "next": 2.999913284427058,
      "pileClock": 28.458333333333762,
      "state": "RESOLVING",
      "phase": "SETTLE",
      "d": 1.000043357786471,
      "stack": "at Object.set [as x] (evalmachine.<anonymous>:8129:423) <- at hexRestoreAuthoritativePileFlowPositions (evalmachine.<anonymous>:4919:12) <- at hexRestorePileFlowFrame (evalmachine.<anonymous>:4946:5) <- at resolveVisualContacts (evalmachine.<anonymous>:5378:9) <- at resolveVisualContacts (evalmachine.<anonymous>:6099:18) <- at resolveVisualContacts (evalmachine.<anonymous>:7031:18)",
      "i": 6
    },
    {
      "id": 60,
      "key": "y",
      "old": 6.000166798229882,
      "next": 6.010752593054329,
      "pileClock": 28.458333333333762,
      "state": "RESOLVING",
      "phase": "SETTLE",
      "d": 1.0000853772263087,
      "stack": "at Object.set [as y] (evalmachine.<anonymous>:8129:423) <- at hexRestoreAuthoritativePileFlowPositions (evalmachine.<anonymous>:4920:12) <- at hexRestorePileFlowFrame (evalmachine.<anonymous>:4946:5) <- at resolveVisualContacts (evalmachine.<anonymous>:5378:9) <- at resolveVisualContacts (evalmachine.<anonymous>:6099:18) <- at resolveVisualContacts (evalmachine.<anonymous>:7031:18)",
      "i": 7
    },
    {
      "id": 58,
      "key": "x",
      "old": 5,
      "next": 4.999913284427058,
      "pileClock": 28.458333333333762,
      "state": "RESOLVING",
      "phase": "SETTLE",
      "d": 1.0000420212616312,
      "stack": "at Object.set [as x] (evalmachine.<anonymous>:8129:423) <- at hexRestoreAuthoritativePileFlowPositions (evalmachine.<anonymous>:4919:12) <- at hexRestorePileFlowFrame (evalmachine.<anonymous>:4946:5) <- at resolveVisualContacts (evalmachine.<anonymous>:5378:9) <- at resolveVisualContacts (evalmachine.<anonymous>:6099:18) <- at resolveVisualContacts (evalmachine.<anonymous>:7031:18)",
      "i": 8
    },
    {
      "id": 58,
      "key": "y",
      "old": 6.000166798229881,
      "next": 6.010752593054329,
      "pileClock": 28.458333333333762,
      "state": "RESOLVING",
      "phase": "SETTLE",
      "d": 1,
      "stack": "at Object.set [as y] (evalmachine.<anonymous>:8129:423) <- at hexRestoreAuthoritativePileFlowPositions (evalmachine.<anonymous>:4920:12) <- at hexRestorePileFlowFrame (evalmachine.<anonymous>:4946:5) <- at resolveVisualContacts (evalmachine.<anonymous>:5378:9) <- at resolveVisualContacts (evalmachine.<anonymous>:6099:18) <- at resolveVisualContacts (evalmachine.<anonymous>:7031:18)",
      "i": 9
    },
    {
      "id": 58,
      "key": "x",
      "old": 4.999913284427058,
      "next": 4.9838499606119795,
      "pileClock": 28.458333333333762,
      "state": "RESOLVING",
      "phase": "SETTLE",
      "d": 0.9919683380924607,
      "stack": "at Object.set [as x] (evalmachine.<anonymous>:8129:423) <- at shift (evalmachine.<anonymous>:2013:14) <- at solvePair (evalmachine.<anonymous>:2032:9) <- at resolveVisualContacts (evalmachine.<anonymous>:2059:43) <- at resolveVisualContacts (evalmachine.<anonymous>:3590:9) <- at evalmachine.<anonymous>:5385:68",
      "i": 10
    },
    {
      "id": 58,
      "key": "x",
      "old": 4.9838499606119795,
      "next": 4.975932338174332,
      "pileClock": 28.458333333333762,
      "state": "RESOLVING",
      "phase": "SETTLE",
      "d": 0.9880095268736371,
      "stack": "at Object.set [as x] (evalmachine.<anonymous>:8129:423) <- at shift (evalmachine.<anonymous>:2013:14) <- at solvePair (evalmachine.<anonymous>:2040:25) <- at resolveVisualContacts (evalmachine.<anonymous>:2059:43) <- at resolveVisualContacts (evalmachine.<anonymous>:3590:9) <- at evalmachine.<anonymous>:5385:68",
      "i": 11
    },
    {
      "id": 58,
      "key": "x",
      "old": 4.975932338174332,
      "next": 4.972065067339226,
      "pileClock": 28.458333333333762,
      "state": "RESOLVING",
      "phase": "SETTLE",
      "d": 0.9860758914560841,
      "stack": "at Object.set [as x] (evalmachine.<anonymous>:8129:423) <- at shift (evalmachine.<anonymous>:2013:14) <- at solvePair (evalmachine.<anonymous>:2040:25) <- at resolveVisualContacts (evalmachine.<anonymous>:2059:43) <- at resolveVisualContacts (evalmachine.<anonymous>:3590:9) <- at evalmachine.<anonymous>:5385:68",
      "i": 12
    },
    {
      "id": 58,
      "key": "x",
      "old": 4.972065067339226,
      "next": 4.970184563823485,
      "pileClock": 28.458333333333762,
      "state": "RESOLVING",
      "phase": "SETTLE",
      "d": 0.9851356396982136,
      "stack": "at Object.set [as x] (evalmachine.<anonymous>:8129:423) <- at shift (evalmachine.<anonymous>:2013:14) <- at solvePair (evalmachine.<anonymous>:2040:25) <- at resolveVisualContacts (evalmachine.<anonymous>:2059:43) <- at resolveVisualContacts (evalmachine.<anonymous>:3590:9) <- at evalmachine.<anonymous>:5385:68",
      "i": 13
    },
    {
      "id": 60,
      "key": "x",
      "old": 2.999913284427058,
      "next": 2.985048924125272,
      "pileClock": 28.458333333333762,
      "state": "RESOLVING",
      "phase": "SETTLE",
      "d": 0.9925678198491068,
      "stack": "at Object.set [as x] (evalmachine.<anonymous>:8129:423) <- at shift (evalmachine.<anonymous>:2013:14) <- at solvePair (evalmachine.<anonymous>:2032:9) <- at resolveVisualContacts (evalmachine.<anonymous>:2059:43) <- at resolveVisualContacts (evalmachine.<anonymous>:3590:9) <- at evalmachine.<anonymous>:5385:68",
      "i": 14
    },
    {
      "id": 58,
      "key": "x",
      "old": 4.970184563823485,
      "next": 4.985048924125271,
      "pileClock": 28.458333333333762,
      "state": "RESOLVING",
      "phase": "SETTLE",
      "d": 0.9999999999999998,
      "stack": "at Object.set [as x] (evalmachine.<anonymous>:8129:423) <- at shift (evalmachine.<anonymous>:2013:14) <- at solvePair (evalmachine.<anonymous>:2033:9) <- at resolveVisualContacts (evalmachine.<anonymous>:2059:43) <- at resolveVisualContacts (evalmachine.<anonymous>:3590:9) <- at evalmachine.<anonymous>:5385:68",
      "i": 15
    },
    {
      "id": 58,
      "key": "x",
      "old": 4.985048924125271,
      "next": 4.976519984137309,
      "pileClock": 28.458333333333762,
      "state": "RESOLVING",
      "phase": "SETTLE",
      "d": 0.9957355300060187,
      "stack": "at Object.set [as x] (evalmachine.<anonymous>:8129:423) <- at shift (evalmachine.<anonymous>:2013:14) <- at solvePair (evalmachine.<anonymous>:2032:9) <- at resolveVisualContacts (evalmachine.<anonymous>:2059:43) <- at resolveVisualContacts (evalmachine.<anonymous>:3590:9) <- at evalmachine.<anonymous>:5385:68",
      "i": 16
    },
    {
      "id": 58,
      "key": "x",
      "old": 4.976519984137309,
      "next": 4.972351299483497,
      "pileClock": 28.458333333333762,
      "state": "RESOLVING",
      "phase": "SETTLE",
      "d": 0.9936511876791128,
      "stack": "at Object.set [as x] (evalmachine.<anonymous>:8129:423) <- at shift (evalmachine.<anonymous>:2013:14) <- at solvePair (evalmachine.<anonymous>:2040:25) <- at resolveVisualContacts (evalmachine.<anonymous>:2059:43) <- at resolveVisualContacts (evalmachine.<anonymous>:3590:9) <- at evalmachine.<anonymous>:5385:68",
      "i": 17
    },
    {
      "id": 58,
      "key": "x",
      "old": 4.972351299483497,
      "next": 4.970323558580068,
      "pileClock": 28.458333333333762,
      "state": "RESOLVING",
      "phase": "SETTLE",
      "d": 0.9926373172273981,
      "stack": "at Object.set [as x] (evalmachine.<anonymous>:8129:423) <- at shift (evalmachine.<anonymous>:2013:14) <- at solvePair (evalmachine.<anonymous>:2040:25) <- at resolveVisualContacts (evalmachine.<anonymous>:2059:43) <- at resolveVisualContacts (evalmachine.<anonymous>:3590:9) <- at evalmachine.<anonymous>:5385:68",
      "i": 18
    },
    {
      "id": 58,
      "key": "x",
      "old": 4.970323558580068,
      "next": 4.969339534119387,
      "pileClock": 28.458333333333762,
      "state": "RESOLVING",
      "phase": "SETTLE",
      "d": 0.9921453049970574,
      "stack": "at Object.set [as x] (evalmachine.<anonymous>:8129:423) <- at shift (evalmachine.<anonymous>:2013:14) <- at solvePair (evalmachine.<anonymous>:2040:25) <- at resolveVisualContacts (evalmachine.<anonymous>:2059:43) <- at resolveVisualContacts (evalmachine.<anonymous>:3590:9) <- at evalmachine.<anonymous>:5385:68",
      "i": 19
    },
    {
      "id": 60,
      "key": "x",
      "old": 2.985048924125272,
      "next": 2.9999119809708987,
      "pileClock": 28.458333333333762,
      "state": "RESOLVING",
      "phase": "SETTLE",
      "d": 0.984713776574244,
      "stack": "at Object.set [as x] (evalmachine.<anonymous>:8129:423) <- at shift (evalmachine.<anonymous>:2013:14) <- at solvePair (evalmachine.<anonymous>:2033:9) <- at resolveVisualContacts (evalmachine.<anonymous>:2059:43) <- at resolveVisualContacts (evalmachine.<anonymous>:3590:9) <- at evalmachine.<anonymous>:5385:68",
      "i": 20
    },
    {
      "id": 60,
      "key": "y",
      "old": 6.010752593054329,
      "next": 6.010833103111216,
      "pileClock": 28.458333333333762,
      "state": "RESOLVING",
      "phase": "SETTLE",
      "d": 0.984713779042678,
      "stack": "at Object.set [as y] (evalmachine.<anonymous>:8129:423) <- at shift (evalmachine.<anonymous>:2016:18) <- at solvePair (evalmachine.<anonymous>:2033:9) <- at resolveVisualContacts (evalmachine.<anonymous>:2059:43) <- at resolveVisualContacts (evalmachine.<anonymous>:3590:9) <- at evalmachine.<anonymous>:5385:68",
      "i": 21
    },
    {
      "id": 60,
      "key": "x",
      "old": 2.9999119809708987,
      "next": 2.9846257600518955,
      "pileClock": 28.458333333333762,
      "state": "RESOLVING",
      "phase": "SETTLE",
      "d": 0.9923568894831678,
      "stack": "at Object.set [as x] (evalmachine.<anonymous>:8129:423) <- at shift (evalmachine.<anonymous>:2013:14) <- at solvePair (evalmachine.<anonymous>:2032:9) <- at resolveVisualContacts (evalmachine.<anonymous>:2059:43) <- at resolveVisualContacts (evalmachine.<anonymous>:3590:9) <- at evalmachine.<anonymous>:5385:68",
      "i": 22
    },
    {
      "id": 60,
      "key": "y",
      "old": 6.010833103111216,
      "next": 6.010833728010829,
      "pileClock": 28.458333333333762,
      "state": "RESOLVING",
      "phase": "SETTLE",
      "d": 0.992356889521339,
      "stack": "at Object.set [as y] (evalmachine.<anonymous>:8129:423) <- at shift (evalmachine.<anonymous>:2016:18) <- at solvePair (evalmachine.<anonymous>:2032:9) <- at resolveVisualContacts (evalmachine.<anonymous>:2059:43) <- at resolveVisualContacts (evalmachine.<anonymous>:3590:9) <- at evalmachine.<anonymous>:5385:68",
      "i": 23
    },
    {
      "id": 58,
      "key": "x",
      "old": 4.969339534119387,
      "next": 4.984625755076709,
      "pileClock": 28.458333333333762,
      "state": "RESOLVING",
      "phase": "SETTLE",
      "d": 0.9999999999809872,
      "stack": "at Object.set [as x] (evalmachine.<anonymous>:8129:423) <- at shift (evalmachine.<anonymous>:2013:14) <- at solvePair (evalmachine.<anonymous>:2033:9) <- at resolveVisualContacts (evalmachine.<anonymous>:2059:43) <- at resolveVisualContacts (evalmachine.<anonymous>:3590:9) <- at evalmachine.<anonymous>:5385:68",
      "i": 24
    },
    {
      "id": 58,
      "key": "x",
      "old": 4.984625755076709,
      "next": 4.9763125160157236,
      "pileClock": 28.458333333333762,
      "state": "RESOLVING",
      "phase": "SETTLE",
      "d": 0.9958433804607982,
      "stack": "at Object.set [as x] (evalmachine.<anonymous>:8129:423) <- at shift (evalmachine.<anonymous>:2013:14) <- at solvePair (evalmachine.<anonymous>:2032:9) <- at resolveVisualContacts (evalmachine.<anonymous>:2059:43) <- at resolveVisualContacts (evalmachine.<anonymous>:3590:9) <- at evalmachine.<anonymous>:5385:68",
      "i": 25
    },
    {
      "id": 58,
      "key": "x",
      "old": 4.9763125160157236,
      "next": 4.9722502308035015,
      "pileClock": 28.458333333333762,
      "state": "RESOLVING",
      "phase": "SETTLE",
      "d": 0.9938122378597534,
      "stack": "at Object.set [as x] (evalmachine.<anonymous>:8129:423) <- at shift (evalmachine.<anonymous>:2013:14) <- at solvePair (evalmachine.<anonymous>:2040:25) <- at resolveVisualContacts (evalmachine.<anonymous>:2059:43) <- at resolveVisualContacts (evalmachine.<anonymous>:3590:9) <- at evalmachine.<anonymous>:5385:68",
      "i": 26
    },
    {
      "id": 58,
      "key": "x",
      "old": 4.9722502308035015,
      "next": 4.970274476034188,
      "pileClock": 28.458333333333762,
      "state": "RESOLVING",
      "phase": "SETTLE",
      "d": 0.9928243604775683,
      "stack": "at Object.set [as x] (evalmachine.<anonymous>:8129:423) <- at shift (evalmachine.<anonymous>:2013:14) <- at solvePair (evalmachine.<anonymous>:2040:25) <- at resolveVisualContacts (evalmachine.<anonymous>:2059:43) <- at resolveVisualContacts (evalmachine.<anonymous>:3590:9) <- at evalmachine.<anonymous>:5385:68",
      "i": 27
    },
    {
      "id": 58,
      "key": "x",
      "old": 4.970274476034188,
      "next": 4.969315734025845,
      "pileClock": 28.458333333333762,
      "state": "RESOLVING",
      "phase": "SETTLE",
      "d": 0.992344989474598,
      "stack": "at Object.set [as x] (evalmachine.<anonymous>:8129:423) <- at shift (evalmachine.<anonymous>:2013:14) <- at solvePair (evalmachine.<anonymous>:2040:25) <- at resolveVisualContacts (evalmachine.<anonymous>:2059:43) <- at resolveVisualContacts (evalmachine.<anonymous>:3590:9) <- at evalmachine.<anonymous>:5385:68",
      "i": 28
    },
    {
      "id": 60,
      "key": "x",
      "old": 2.9846257600518955,
      "next": 2.999910609627796,
      "pileClock": 28.458333333333762,
      "state": "RESOLVING",
      "phase": "SETTLE",
      "d": 0.9847025647059545,
      "stack": "at Object.set [as x] (evalmachine.<anonymous>:8129:423) <- at shift (evalmachine.<anonymous>:2013:14) <- at solvePair (evalmachine.<anonymous>:2033:9) <- at resolveVisualContacts (evalmachine.<anonymous>:2059:43) <- at resolveVisualContacts (evalmachine.<anonymous>:3590:9) <- at evalmachine.<anonymous>:5385:68",
      "i": 29
    },
    {
      "id": 60,
      "key": "y",
      "old": 6.010833728010829,
      "next": 6.010917165355202,
      "pileClock": 28.458333333333762,
      "state": "RESOLVING",
      "phase": "SETTLE",
      "d": 0.9847025725133228,
      "stack": "at Object.set [as y] (evalmachine.<anonymous>:8129:423) <- at shift (evalmachine.<anonymous>:2016:18) <- at solvePair (evalmachine.<anonymous>:2033:9) <- at resolveVisualContacts (evalmachine.<anonymous>:2059:43) <- at resolveVisualContacts (evalmachine.<anonymous>:3590:9) <- at evalmachine.<anonymous>:5385:68",
      "i": 30
    },
    {
      "id": 60,
      "key": "x",
      "old": 2.999910609627796,
      "next": 2.984613182301352,
      "pileClock": 28.458333333333762,
      "state": "RESOLVING",
      "phase": "SETTLE",
      "d": 0.9923512860970455,
      "stack": "at Object.set [as x] (evalmachine.<anonymous>:8129:423) <- at shift (evalmachine.<anonymous>:2013:14) <- at solvePair (evalmachine.<anonymous>:2032:9) <- at resolveVisualContacts (evalmachine.<anonymous>:2059:43) <- at resolveVisualContacts (evalmachine.<anonymous>:3590:9) <- at evalmachine.<anonymous>:5385:68",
      "i": 31
    },
    {
      "id": 60,
      "key": "y",
      "old": 6.010917165355202,
      "next": 6.01091844367665,
      "pileClock": 28.458333333333762,
      "state": "RESOLVING",
      "phase": "SETTLE",
      "d": 0.9923512862566615,
      "stack": "at Object.set [as y] (evalmachine.<anonymous>:8129:423) <- at shift (evalmachine.<anonymous>:2016:18) <- at solvePair (evalmachine.<anonymous>:2032:9) <- at resolveVisualContacts (evalmachine.<anonymous>:2059:43) <- at resolveVisualContacts (evalmachine.<anonymous>:3590:9) <- at evalmachine.<anonymous>:5385:68",
      "i": 32
    },
    {
      "id": 58,
      "key": "x",
      "old": 4.969315734025845,
      "next": 4.984613161512523,
      "pileClock": 28.458333333333762,
      "state": "RESOLVING",
      "phase": "SETTLE",
      "d": 0.9999999999204962,
      "stack": "at Object.set [as x] (evalmachine.<anonymous>:8129:423) <- at shift (evalmachine.<anonymous>:2013:14) <- at solvePair (evalmachine.<anonymous>:2033:9) <- at resolveVisualContacts (evalmachine.<anonymous>:2059:43) <- at resolveVisualContacts (evalmachine.<anonymous>:3590:9) <- at evalmachine.<anonymous>:5385:68",
      "i": 33
    },
    {
      "id": 58,
      "key": "x",
      "old": 4.984613161512523,
      "next": 4.976306342758017,
      "pileClock": 28.458333333333762,
      "state": "RESOLVING",
      "phase": "SETTLE",
      "d": 0.995846590586264,
      "stack": "at Object.set [as x] (evalmachine.<anonymous>:8129:423) <- at shift (evalmachine.<anonymous>:2013:14) <- at solvePair (evalmachine.<anonymous>:2032:9) <- at resolveVisualContacts (evalmachine.<anonymous>:2059:43) <- at resolveVisualContacts (evalmachine.<anonymous>:3590:9) <- at evalmachine.<anonymous>:5385:68",
      "i": 34
    },
    {
      "id": 58,
      "key": "x",
      "old": 4.976306342758017,
      "next": 4.972247223727107,
      "pileClock": 28.458333333333762,
      "state": "RESOLVING",
      "phase": "SETTLE",
      "d": 0.993817031091962,
      "stack": "at Object.set [as x] (evalmachine.<anonymous>:8129:423) <- at shift (evalmachine.<anonymous>:2013:14) <- at solvePair (evalmachine.<anonymous>:2040:25) <- at resolveVisualContacts (evalmachine.<anonymous>:2059:43) <- at resolveVisualContacts (evalmachine.<anonymous>:3590:9) <- at evalmachine.<anonymous>:5385:68",
      "i": 35
    },
    {
      "id": 58,
      "key": "x",
      "old": 4.972247223727107,
      "next": 4.970273015748531,
      "pileClock": 28.458333333333762,
      "state": "RESOLVING",
      "phase": "SETTLE",
      "d": 0.9928299271129932,
      "stack": "at Object.set [as x] (evalmachine.<anonymous>:8129:423) <- at shift (evalmachine.<anonymous>:2013:14) <- at solvePair (evalmachine.<anonymous>:2040:25) <- at resolveVisualContacts (evalmachine.<anonymous>:2059:43) <- at resolveVisualContacts (evalmachine.<anonymous>:3590:9) <- at evalmachine.<anonymous>:5385:68",
      "i": 36
    },
    {
      "id": 58,
      "key": "x",
      "old": 4.970273015748531,
      "next": 4.969315025947872,
      "pileClock": 28.458333333333762,
      "state": "RESOLVING",
      "phase": "SETTLE",
      "d": 0.9923509322176784,
      "stack": "at Object.set [as x] (evalmachine.<anonymous>:8129:423) <- at shift (evalmachine.<anonymous>:2013:14) <- at solvePair (evalmachine.<anonymous>:2040:25) <- at resolveVisualContacts (evalmachine.<anonymous>:2059:43) <- at resolveVisualContacts (evalmachine.<anonymous>:3590:9) <- at evalmachine.<anonymous>:5385:68",
      "i": 37
    },
    {
      "id": 60,
      "key": "x",
      "old": 2.984613182301352,
      "next": 2.9999092051087226,
      "pileClock": 28.458333333333762,
      "state": "RESOLVING",
      "phase": "SETTLE",
      "d": 0.9847029208947248,
      "stack": "at Object.set [as x] (evalmachine.<anonymous>:8129:423) <- at shift (evalmachine.<anonymous>:2013:14) <- at solvePair (evalmachine.<anonymous>:2033:9) <- at resolveVisualContacts (evalmachine.<anonymous>:2059:43) <- at resolveVisualContacts (evalmachine.<anonymous>:3590:9) <- at evalmachine.<anonymous>:5385:68",
      "i": 38
    },
    {
      "id": 60,
      "key": "y",
      "old": 6.01091844367665,
      "next": 6.011002595472571,
      "pileClock": 28.458333333333762,
      "state": "RESOLVING",
      "phase": "SETTLE",
      "d": 0.98470293422163,
      "stack": "at Object.set [as y] (evalmachine.<anonymous>:8129:423) <- at shift (evalmachine.<anonymous>:2016:18) <- at solvePair (evalmachine.<anonymous>:2033:9) <- at resolveVisualContacts (evalmachine.<anonymous>:2059:43) <- at resolveVisualContacts (evalmachine.<anonymous>:3590:9) <- at evalmachine.<anonymous>:5385:68",
      "i": 39
    },
    {
      "id": 60,
      "key": "x",
      "old": 2.9999092051087226,
      "next": 2.9846121397001104,
      "pileClock": 28.458333333333762,
      "state": "RESOLVING",
      "phase": "SETTLE",
      "d": 0.9923514667424822,
      "stack": "at Object.set [as x] (evalmachine.<anonymous>:8129:423) <- at shift (evalmachine.<anonymous>:2013:14) <- at solvePair (evalmachine.<anonymous>:2032:9) <- at resolveVisualContacts (evalmachine.<anonymous>:2059:43) <- at resolveVisualContacts (evalmachine.<anonymous>:3590:9) <- at evalmachine.<anonymous>:5385:68",
      "i": 40
    },
    {
      "id": 60,
      "key": "y",
      "old": 6.011002595472571,
      "next": 6.011004537328995,
      "pileClock": 28.458333333333762,
      "state": "RESOLVING",
      "phase": "SETTLE",
      "d": 0.9923514671108151,
      "stack": "at Object.set [as y] (evalmachine.<anonymous>:8129:423) <- at shift (evalmachine.<anonymous>:2016:18) <- at solvePair (evalmachine.<anonymous>:2032:9) <- at resolveVisualContacts (evalmachine.<anonymous>:2059:43) <- at resolveVisualContacts (evalmachine.<anonymous>:3590:9) <- at evalmachine.<anonymous>:5385:68",
      "i": 41
    },
    {
      "id": 58,
      "key": "x",
      "old": 4.969315025947872,
      "next": 4.984612091726242,
      "pileClock": 28.458333333333762,
      "state": "RESOLVING",
      "phase": "SETTLE",
      "d": 0.9999999998165351,
      "stack": "at Object.set [as x] (evalmachine.<anonymous>:8129:423) <- at shift (evalmachine.<anonymous>:2013:14) <- at solvePair (evalmachine.<anonymous>:2033:9) <- at resolveVisualContacts (evalmachine.<anonymous>:2059:43) <- at resolveVisualContacts (evalmachine.<anonymous>:3590:9) <- at evalmachine.<anonymous>:5385:68",
      "i": 42
    },
    {
      "id": 58,
      "key": "x",
      "old": 4.984612091726242,
      "next": 4.9763058183606255,
      "pileClock": 28.458333333333762,
      "state": "RESOLVING",
      "phase": "SETTLE",
      "d": 0.9958468632329983,
      "stack": "at Object.set [as x] (evalmachine.<anonymous>:8129:423) <- at shift (evalmachine.<anonymous>:2013:14) <- at solvePair (evalmachine.<anonymous>:2032:9) <- at resolveVisualContacts (evalmachine.<anonymous>:2059:43) <- at resolveVisualContacts (evalmachine.<anonymous>:3590:9) <- at evalmachine.<anonymous>:5385:68",
      "i": 43
    },
    {
      "id": 58,
      "key": "x",
      "old": 4.9763058183606255,
      "next": 4.972246968286772,
      "pileClock": 28.458333333333762,
      "state": "RESOLVING",
      "phase": "SETTLE",
      "d": 0.9938174382448821,
      "stack": "at Object.set [as x] (evalmachine.<anonymous>:8129:423) <- at shift (evalmachine.<anonymous>:2013:14) <- at solvePair (evalmachine.<anonymous>:2040:25) <- at resolveVisualContacts (evalmachine.<anonymous>:2059:43) <- at resolveVisualContacts (evalmachine.<anonymous>:3590:9) <- at evalmachine.<anonymous>:5385:68",
      "i": 44
    },
    {
      "id": 58,
      "key": "x",
      "old": 4.972246968286772,
      "next": 4.970272891702665,
      "pileClock": 28.458333333333762,
      "state": "RESOLVING",
      "phase": "SETTLE",
      "d": 0.9928303999766405,
      "stack": "at Object.set [as x] (evalmachine.<anonymous>:8129:423) <- at shift (evalmachine.<anonymous>:2013:14) <- at solvePair (evalmachine.<anonymous>:2040:25) <- at resolveVisualContacts (evalmachine.<anonymous>:2059:43) <- at resolveVisualContacts (evalmachine.<anonymous>:3590:9) <- at evalmachine.<anonymous>:5385:68",
      "i": 45
    },
    {
      "id": 58,
      "key": "x",
      "old": 4.970272891702665,
      "next": 4.969314965799304,
      "pileClock": 28.458333333333762,
      "state": "RESOLVING",
      "phase": "SETTLE",
      "d": 0.992351437036532,
      "stack": "at Object.set [as x] (evalmachine.<anonymous>:8129:423) <- at shift (evalmachine.<anonymous>:2013:14) <- at solvePair (evalmachine.<anonymous>:2040:25) <- at resolveVisualContacts (evalmachine.<anonymous>:2059:43) <- at resolveVisualContacts (evalmachine.<anonymous>:3590:9) <- at evalmachine.<anonymous>:5385:68",
      "i": 46
    },
    {
      "id": 60,
      "key": "x",
      "old": 2.9846121397001104,
      "next": 2.999907767601914,
      "pileClock": 28.458333333333762,
      "state": "RESOLVING",
      "phase": "SETTLE",
      "d": 0.9847036232719275,
      "stack": "at Object.set [as x] (evalmachine.<anonymous>:8129:423) <- at shift (evalmachine.<anonymous>:2013:14) <- at solvePair (evalmachine.<anonymous>:2033:9) <- at resolveVisualContacts (evalmachine.<anonymous>:2059:43) <- at resolveVisualContacts (evalmachine.<anonymous>:3590:9) <- at evalmachine.<anonymous>:5385:68",
      "i": 47
    },
    {
      "id": 60,
      "key": "y",
      "old": 6.011004537328995,
      "next": 6.011089350529947,
      "pileClock": 28.458333333333762,
      "state": "RESOLVING",
      "phase": "SETTLE",
      "d": 0.98470364228641,
      "stack": "at Object.set [as y] (evalmachine.<anonymous>:8129:423) <- at shift (evalmachine.<anonymous>:2016:18) <- at solvePair (evalmachine.<anonymous>:2033:9) <- at resolveVisualContacts (evalmachine.<anonymous>:2059:43) <- at resolveVisualContacts (evalmachine.<anonymous>:3590:9) <- at evalmachine.<anonymous>:5385:68",
      "i": 48
    },
    {
      "id": 60,
      "key": "x",
      "old": 2.999907767601914,
      "next": 2.9846114105592005,
      "pileClock": 28.458333333333762,
      "state": "RESOLVING",
      "phase": "SETTLE",
      "d": 0.9923518204749134,
      "stack": "at Object.set [as x] (evalmachine.<anonymous>:8129:423) <- at shift (evalmachine.<anonymous>:2013:14) <- at solvePair (evalmachine.<anonymous>:2032:9) <- at resolveVisualContacts (evalmachine.<anonymous>:2059:43) <- at resolveVisualContacts (evalmachine.<anonymous>:3590:9) <- at evalmachine.<anonymous>:5385:68",
      "i": 49
    },
    {
      "id": 60,
      "key": "y",
      "old": 6.011089350529947,
      "next": 6.011091966120359,
      "pileClock": 28.458333333333762,
      "state": "RESOLVING",
      "phase": "SETTLE",
      "d": 0.9923518211432051,
      "stack": "at Object.set [as y] (evalmachine.<anonymous>:8129:423) <- at shift (evalmachine.<anonymous>:2016:18) <- at solvePair (evalmachine.<anonymous>:2032:9) <- at resolveVisualContacts (evalmachine.<anonymous>:2059:43) <- at resolveVisualContacts (evalmachine.<anonymous>:3590:9) <- at evalmachine.<anonymous>:5385:68",
      "i": 50
    },
    {
      "id": 58,
      "key": "x",
      "old": 4.969314965799304,
      "next": 4.984611323512894,
      "pileClock": 28.458333333333762,
      "state": "RESOLVING",
      "phase": "SETTLE",
      "d": 0.9999999996671268,
      "stack": "at Object.set [as x] (evalmachine.<anonymous>:8129:423) <- at shift (evalmachine.<anonymous>:2013:14) <- at solvePair (evalmachine.<anonymous>:2033:9) <- at resolveVisualContacts (evalmachine.<anonymous>:2059:43) <- at resolveVisualContacts (evalmachine.<anonymous>:3590:9) <- at evalmachine.<anonymous>:5385:68",
      "i": 51
    },
    {
      "id": 58,
      "key": "x",
      "old": 4.984611323512894,
      "next": 4.97630544179121,
      "pileClock": 28.458333333333762,
      "state": "RESOLVING",
      "phase": "SETTLE",
      "d": 0.9958470589863995,
      "stack": "at Object.set [as x] (evalmachine.<anonymous>:8129:423) <- at shift (evalmachine.<anonymous>:2013:14) <- at solvePair (evalmachine.<anonymous>:2032:9) <- at resolveVisualContacts (evalmachine.<anonymous>:2059:43) <- at resolveVisualContacts (evalmachine.<anonymous>:3590:9) <- at evalmachine.<anonymous>:5385:68",
      "i": 52
    },
    {
      "id": 58,
      "key": "x",
      "old": 4.97630544179121,
      "next": 4.972246784855302,
      "pileClock": 28.458333333333762,
      "state": "RESOLVING",
      "phase": "SETTLE",
      "d": 0.9938177306070057,
      "stack": "at Object.set [as x] (evalmachine.<anonymous>:8129:423) <- at shift (evalmachine.<anonymous>:2013:14) <- at solvePair (evalmachine.<anonymous>:2040:25) <- at resolveVisualContacts (evalmachine.<anonymous>:2059:43) <- at resolveVisualContacts (evalmachine.<anonymous>:3590:9) <- at evalmachine.<anonymous>:5385:68",
      "i": 53
    },
    {
      "id": 58,
      "key": "x",
      "old": 4.972246784855302,
      "next": 4.970272802625457,
      "pileClock": 28.458333333333762,
      "state": "RESOLVING",
      "phase": "SETTLE",
      "d": 0.9928307395352869,
      "stack": "at Object.set [as x] (evalmachine.<anonymous>:8129:423) <- at shift (evalmachine.<anonymous>:2013:14) <- at solvePair (evalmachine.<anonymous>:2040:25) <- at resolveVisualContacts (evalmachine.<anonymous>:2059:43) <- at resolveVisualContacts (evalmachine.<anonymous>:3590:9) <- at evalmachine.<anonymous>:5385:68",
      "i": 54
    },
    {
      "id": 58,
      "key": "x",
      "old": 4.970272802625457,
      "next": 4.969314922606682,
      "pileClock": 28.458333333333762,
      "state": "RESOLVING",
      "phase": "SETTLE",
      "d": 0.9923517995468949,
      "stack": "at Object.set [as x] (evalmachine.<anonymous>:8129:423) <- at shift (evalmachine.<anonymous>:2013:14) <- at solvePair (evalmachine.<anonymous>:2040:25) <- at resolveVisualContacts (evalmachine.<anonymous>:2059:43) <- at resolveVisualContacts (evalmachine.<anonymous>:3590:9) <- at evalmachine.<anonymous>:5385:68",
      "i": 55
    },
    {
      "id": 60,
      "key": "x",
      "old": 2.9846114105592005,
      "next": 2.9999062962798204,
      "pileClock": 28.458333333333762,
      "state": "RESOLVING",
      "phase": "SETTLE",
      "d": 0.9847043570245959,
      "stack": "at Object.set [as x] (evalmachine.<anonymous>:8129:423) <- at shift (evalmachine.<anonymous>:2013:14) <- at solvePair (evalmachine.<anonymous>:2033:9) <- at resolveVisualContacts (evalmachine.<anonymous>:2059:43) <- at resolveVisualContacts (evalmachine.<anonymous>:3590:9) <- at evalmachine.<anonymous>:5385:68",
      "i": 56
    },
    {
      "id": 60,
      "key": "y",
      "old": 6.011091966120359,
      "next": 6.0111774490281595,
      "pileClock": 28.458333333333762,
      "state": "RESOLVING",
      "phase": "SETTLE",
      "d": 0.9847043819033271,
      "stack": "at Object.set [as y] (evalmachine.<anonymous>:8129:423) <- at shift (evalmachine.<anonymous>:2016:18) <- at solvePair (evalmachine.<anonymous>:2033:9) <- at resolveVisualContacts (evalmachine.<anonymous>:2059:43) <- at resolveVisualContacts (evalmachine.<anonymous>:3590:9) <- at evalmachine.<anonymous>:5385:68",
      "i": 57
    },
    {
      "id": 60,
      "key": "x",
      "old": 2.9999062962798204,
      "next": 2.9846106792508986,
      "pileClock": 28.458333333333762,
      "state": "RESOLVING",
      "phase": "SETTLE",
      "d": 0.9923521898880269,
      "stack": "at Object.set [as x] (evalmachine.<anonymous>:8129:423) <- at shift (evalmachine.<anonymous>:2013:14) <- at solvePair (evalmachine.<anonymous>:2032:9) <- at resolveVisualContacts (evalmachine.<anonymous>:2059:43) <- at resolveVisualContacts (evalmachine.<anonymous>:3590:9) <- at evalmachine.<anonymous>:5385:68",
      "i": 58
    },
    {
      "id": 60,
      "key": "y",
      "old": 6.0111774490281595,
      "next": 6.01118074871629,
      "pileClock": 28.458333333333762,
      "state": "RESOLVING",
      "phase": "SETTLE",
      "d": 0.9923521909516636,
      "stack": "at Object.set [as y] (evalmachine.<anonymous>:8129:423) <- at shift (evalmachine.<anonymous>:2016:18) <- at solvePair (evalmachine.<anonymous>:2032:9) <- at resolveVisualContacts (evalmachine.<anonymous>:2059:43) <- at resolveVisualContacts (evalmachine.<anonymous>:3590:9) <- at evalmachine.<anonymous>:5385:68",
      "i": 59
    },
    {
      "id": 58,
      "key": "x",
      "old": 4.969314922606682,
      "next": 4.984610540703355,
      "pileClock": 28.458333333333762,
      "state": "RESOLVING",
      "phase": "SETTLE",
      "d": 0.999999999470207,
      "stack": "at Object.set [as x] (evalmachine.<anonymous>:8129:423) <- at shift (evalmachine.<anonymous>:2013:14) <- at solvePair (evalmachine.<anonymous>:2033:9) <- at resolveVisualContacts (evalmachine.<anonymous>:2059:43) <- at resolveVisualContacts (evalmachine.<anonymous>:3590:9) <- at evalmachine.<anonymous>:5385:68",
      "i": 60
    },
    {
      "id": 58,
      "key": "x",
      "old": 4.984610540703355,
      "next": 4.976305058067133,
      "pileClock": 28.458333333333762,
      "state": "RESOLVING",
      "phase": "SETTLE",
      "d": 0.9958472584387628,
      "stack": "at Object.set [as x] (evalmachine.<anonymous>:8129:423) <- at shift (evalmachine.<anonymous>:2013:14) <- at solvePair (evalmachine.<anonymous>:2032:9) <- at resolveVisualContacts (evalmachine.<anonymous>:2059:43) <- at resolveVisualContacts (evalmachine.<anonymous>:3590:9) <- at evalmachine.<anonymous>:5385:68",
      "i": 61
    },
    {
      "id": 58,
      "key": "x",
      "old": 4.976305058067133,
      "next": 4.972246597938764,
      "pileClock": 28.458333333333762,
      "state": "RESOLVING",
      "phase": "SETTLE",
      "d": 0.9938180285155283,
      "stack": "at Object.set [as x] (evalmachine.<anonymous>:8129:423) <- at shift (evalmachine.<anonymous>:2013:14) <- at solvePair (evalmachine.<anonymous>:2040:25) <- at resolveVisualContacts (evalmachine.<anonymous>:2059:43) <- at resolveVisualContacts (evalmachine.<anonymous>:3590:9) <- at evalmachine.<anonymous>:5385:68",
      "i": 62
    },
    {
      "id": 58,
      "key": "x",
      "old": 4.972246597938764,
      "next": 4.970272711855858,
      "pileClock": 28.458333333333762,
      "state": "RESOLVING",
      "phase": "SETTLE",
      "d": 0.9928310855428369,
      "stack": "at Object.set [as x] (evalmachine.<anonymous>:8129:423) <- at shift (evalmachine.<anonymous>:2013:14) <- at solvePair (evalmachine.<anonymous>:2040:25) <- at resolveVisualContacts (evalmachine.<anonymous>:2059:43) <- at resolveVisualContacts (evalmachine.<anonymous>:3590:9) <- at evalmachine.<anonymous>:5385:68",
      "i": 63
    },
    {
      "id": 58,
      "key": "x",
      "old": 4.970272711855858,
      "next": 4.969314878593441,
      "pileClock": 28.458333333333762,
      "state": "RESOLVING",
      "phase": "SETTLE",
      "d": 0.9923521689450446,
      "stack": "at Object.set [as x] (evalmachine.<anonymous>:8129:423) <- at shift (evalmachine.<anonymous>:2013:14) <- at solvePair (evalmachine.<anonymous>:2040:25) <- at resolveVisualContacts (evalmachine.<anonymous>:2059:43) <- at resolveVisualContacts (evalmachine.<anonymous>:3590:9) <- at evalmachine.<anonymous>:5385:68",
      "i": 64
    },
    {
      "id": 60,
      "key": "x",
      "old": 2.9846106792508986,
      "next": 2.999904790262448,
      "pileClock": 28.458333333333762,
      "state": "RESOLVING",
      "phase": "SETTLE",
      "d": 0.9847051139772385,
      "stack": "at Object.set [as x] (evalmachine.<anonymous>:8129:423) <- at shift (evalmachine.<anonymous>:2013:14) <- at solvePair (evalmachine.<anonymous>:2033:9) <- at resolveVisualContacts (evalmachine.<anonymous>:2059:43) <- at resolveVisualContacts (evalmachine.<anonymous>:3590:9) <- at evalmachine.<anonymous>:5385:68",
      "i": 65
    },
    {
      "id": 60,
      "key": "y",
      "old": 6.01118074871629,
      "next": 6.011266911515799,
      "pileClock": 28.458333333333762,
      "state": "RESOLVING",
      "phase": "SETTLE",
      "d": 0.9847051449025657,
      "stack": "at Object.set [as y] (evalmachine.<anonymous>:8129:423) <- at shift (evalmachine.<anonymous>:2016:18) <- at solvePair (evalmachine.<anonymous>:2033:9) <- at resolveVisualContacts (evalmachine.<anonymous>:2059:43) <- at resolveVisualContacts (evalmachine.<anonymous>:3590:9) <- at evalmachine.<anonymous>:5385:68",
      "i": 66
    },
    {
      "id": 60,
      "key": "x",
      "old": 2.999904790262448,
      "next": 2.984609936729704,
      "pileClock": 28.458333333333762,
      "state": "RESOLVING",
      "phase": "SETTLE",
      "d": 0.9923525708926215,
      "stack": "at Object.set [as x] (evalmachine.<anonymous>:8129:423) <- at shift (evalmachine.<anonymous>:2013:14) <- at solvePair (evalmachine.<anonymous>:2032:9) <- at resolveVisualContacts (evalmachine.<anonymous>:2059:43) <- at resolveVisualContacts (evalmachine.<anonymous>:3590:9) <- at evalmachine.<anonymous>:5385:68",
      "i": 67
    },
    {
      "id": 60,
      "key": "y",
      "old": 6.011266911515799,
      "next": 6.011270905821294,
      "pileClock": 28.458333333333762,
      "state": "RESOLVING",
      "phase": "SETTLE",
      "d": 0.9923525724512829,
      "stack": "at Object.set [as y] (evalmachine.<anonymous>:8129:423) <- at shift (evalmachine.<anonymous>:2016:18) <- at solvePair (evalmachine.<anonymous>:2032:9) <- at resolveVisualContacts (evalmachine.<anonymous>:2059:43) <- at resolveVisualContacts (evalmachine.<anonymous>:3590:9) <- at evalmachine.<anonymous>:5385:68",
      "i": 68
    },
    {
      "id": 58,
      "key": "x",
      "old": 4.969314878593441,
      "next": 4.984609733690876,
      "pileClock": 28.458333333333762,
      "state": "RESOLVING",
      "phase": "SETTLE",
      "d": 0.9999999992236379,
      "stack": "at Object.set [as x] (evalmachine.<anonymous>:8129:423) <- at shift (evalmachine.<anonymous>:2013:14) <- at solvePair (evalmachine.<anonymous>:2033:9) <- at resolveVisualContacts (evalmachine.<anonymous>:2059:43) <- at resolveVisualContacts (evalmachine.<anonymous>:3590:9) <- at evalmachine.<anonymous>:5385:68",
      "i": 69
    },
    {
      "id": 58,
      "key": "x",
      "old": 4.984609733690876,
      "next": 4.976304662479297,
      "pileClock": 28.458333333333762,
      "state": "RESOLVING",
      "phase": "SETTLE",
      "d": 0.9958474640379319,
      "stack": "at Object.set [as x] (evalmachine.<anonymous>:8129:423) <- at shift (evalmachine.<anonymous>:2013:14) <- at solvePair (evalmachine.<anonymous>:2032:9) <- at resolveVisualContacts (evalmachine.<anonymous>:2059:43) <- at resolveVisualContacts (evalmachine.<anonymous>:3590:9) <- at evalmachine.<anonymous>:5385:68",
      "i": 70
    },
    {
      "id": 58,
      "key": "x",
      "old": 4.976304662479297,
      "next": 4.972246405243305,
      "pileClock": 28.458333333333762,
      "state": "RESOLVING",
      "phase": "SETTLE",
      "d": 0.9938183356264857,
      "stack": "at Object.set [as x] (evalmachine.<anonymous>:8129:423) <- at shift (evalmachine.<anonymous>:2013:14) <- at solvePair (evalmachine.<anonymous>:2040:25) <- at resolveVisualContacts (evalmachine.<anonymous>:2059:43) <- at resolveVisualContacts (evalmachine.<anonymous>:3590:9) <- at evalmachine.<anonymous>:5385:68",
      "i": 71
    },
    {
      "id": 58,
      "key": "x",
      "old": 4.972246405243305,
      "next": 4.970272618279938,
      "pileClock": 28.458333333333762,
      "state": "RESOLVING",
      "phase": "SETTLE",
      "d": 0.9928314422455655,
      "stack": "at Object.set [as x] (evalmachine.<anonymous>:8129:423) <- at shift (evalmachine.<anonymous>:2013:14) <- at solvePair (evalmachine.<anonymous>:2040:25) <- at resolveVisualContacts (evalmachine.<anonymous>:2059:43) <- at resolveVisualContacts (evalmachine.<anonymous>:3590:9) <- at evalmachine.<anonymous>:5385:68",
      "i": 72
    },
    {
      "id": 58,
      "key": "x",
      "old": 4.970272618279938,
      "next": 4.969314833219446,
      "pileClock": 28.458333333333762,
      "state": "RESOLVING",
      "phase": "SETTLE",
      "d": 0.9923525497642877,
      "stack": "at Object.set [as x] (evalmachine.<anonymous>:8129:423) <- at shift (evalmachine.<anonymous>:2013:14) <- at solvePair (evalmachine.<anonymous>:2040:25) <- at resolveVisualContacts (evalmachine.<anonymous>:2059:43) <- at resolveVisualContacts (evalmachine.<anonymous>:3590:9) <- at evalmachine.<anonymous>:5385:68",
      "i": 73
    },
    {
      "id": 60,
      "key": "x",
      "old": 2.984609936729704,
      "next": 2.999903248644412,
      "pileClock": 28.458333333333762,
      "state": "RESOLVING",
      "phase": "SETTLE",
      "d": 0.9847058945952745,
      "stack": "at Object.set [as x] (evalmachine.<anonymous>:8129:423) <- at shift (evalmachine.<anonymous>:2013:14) <- at solvePair (evalmachine.<anonymous>:2033:9) <- at resolveVisualContacts (evalmachine.<anonymous>:2059:43) <- at resolveVisualContacts (evalmachine.<anonymous>:3590:9) <- at evalmachine.<anonymous>:5385:68",
      "i": 74
    },
    {
      "id": 60,
      "key": "y",
      "old": 6.011270905821294,
      "next": 6.011357758897607,
      "pileClock": 28.458333333333762,
      "state": "RESOLVING",
      "phase": "SETTLE",
      "d": 0.9847059317551917,
      "stack": "at Object.set [as y] (evalmachine.<anonymous>:8129:423) <- at shift (evalmachine.<anonymous>:2016:18) <- at solvePair (evalmachine.<anonymous>:2033:9) <- at resolveVisualContacts (evalmachine.<anonymous>:2059:43) <- at resolveVisualContacts (evalmachine.<anonymous>:3590:9) <- at evalmachine.<anonymous>:5385:68",
      "i": 75
    },
    {
      "id": 60,
      "key": "x",
      "old": 2.999903248644412,
      "next": 2.984609182565761,
      "pileClock": 28.458333333333762,
      "state": "RESOLVING",
      "phase": "SETTLE",
      "d": 0.9923529637197848,
      "stack": "at Object.set [as x] (evalmachine.<anonymous>:8129:423) <- at shift (evalmachine.<anonymous>:2013:14) <- at solvePair (evalmachine.<anonymous>:2032:9) <- at resolveVisualContacts (evalmachine.<anonymous>:2059:43) <- at resolveVisualContacts (evalmachine.<anonymous>:3590:9) <- at evalmachine.<anonymous>:5385:68",
      "i": 76
    },
    {
      "id": 60,
      "key": "y",
      "old": 6.011357758897607,
      "next": 6.011362458497461,
      "pileClock": 28.458333333333762,
      "state": "RESOLVING",
      "phase": "SETTLE",
      "d": 0.9923529658775959,
      "stack": "at Object.set [as y] (evalmachine.<anonymous>:8129:423) <- at shift (evalmachine.<anonymous>:2016:18) <- at solvePair (evalmachine.<anonymous>:2032:9) <- at resolveVisualContacts (evalmachine.<anonymous>:2059:43) <- at resolveVisualContacts (evalmachine.<anonymous>:3590:9) <- at evalmachine.<anonymous>:5385:68",
      "i": 77
    },
    {
      "id": 58,
      "key": "x",
      "old": 4.969314833219446,
      "next": 4.984608901464254,
      "pileClock": 28.458333333333762,
      "state": "RESOLVING",
      "phase": "SETTLE",
      "d": 0.9999999989252034,
      "stack": "at Object.set [as x] (evalmachine.<anonymous>:8129:423) <- at shift (evalmachine.<anonymous>:2013:14) <- at solvePair (evalmachine.<anonymous>:2033:9) <- at resolveVisualContacts (evalmachine.<anonymous>:2059:43) <- at resolveVisualContacts (evalmachine.<anonymous>:3590:9) <- at evalmachine.<anonymous>:5385:68",
      "i": 78
    },
    {
      "id": 58,
      "key": "x",
      "old": 4.984608901464254,
      "next": 4.9846089036138475,
      "pileClock": 28.458333333333762,
      "state": "RESOLVING",
      "phase": "SETTLE",
      "d": 1,
      "stack": "at Object.set [as x] (evalmachine.<anonymous>:8129:423) <- at shift (evalmachine.<anonymous>:2013:14) <- at solvePair (evalmachine.<anonymous>:2040:25) <- at resolveVisualContacts (evalmachine.<anonymous>:2059:43) <- at resolveVisualContacts (evalmachine.<anonymous>:3590:9) <- at evalmachine.<anonymous>:5385:68",
      "i": 79
    },
    {
      "id": 58,
      "key": "x",
      "old": 4.9846089036138475,
      "next": 4.976304255585748,
      "pileClock": 28.458333333333762,
      "state": "RESOLVING",
      "phase": "SETTLE",
      "d": 0.9958476765675144,
      "stack": "at Object.set [as x] (evalmachine.<anonymous>:8129:423) <- at shift (evalmachine.<anonymous>:2013:14) <- at solvePair (evalmachine.<anonymous>:2032:9) <- at resolveVisualContacts (evalmachine.<anonymous>:2059:43) <- at resolveVisualContacts (evalmachine.<anonymous>:3590:9) <- at evalmachine.<anonymous>:5385:68",
      "i": 80
    },
    {
      "id": 58,
      "key": "x",
      "old": 4.976304255585748,
      "next": 4.972246207040762,
      "pileClock": 28.458333333333762,
      "state": "RESOLVING",
      "phase": "SETTLE",
      "d": 0.993818652580969,
      "stack": "at Object.set [as x] (evalmachine.<anonymous>:8129:423) <- at shift (evalmachine.<anonymous>:2013:14) <- at solvePair (evalmachine.<anonymous>:2040:25) <- at resolveVisualContacts (evalmachine.<anonymous>:2059:43) <- at resolveVisualContacts (evalmachine.<anonymous>:3590:9) <- at evalmachine.<anonymous>:5385:68",
      "i": 81
    },
    {
      "id": 58,
      "key": "x",
      "old": 4.972246207040762,
      "next": 4.970272522029706,
      "pileClock": 28.458333333333762,
      "state": "RESOLVING",
      "phase": "SETTLE",
      "d": 0.992831810214938,
      "stack": "at Object.set [as x] (evalmachine.<anonymous>:8129:423) <- at shift (evalmachine.<anonymous>:2013:14) <- at solvePair (evalmachine.<anonymous>:2040:25) <- at resolveVisualContacts (evalmachine.<anonymous>:2059:43) <- at resolveVisualContacts (evalmachine.<anonymous>:3590:9) <- at evalmachine.<anonymous>:5385:68",
      "i": 82
    },
    {
      "id": 58,
      "key": "x",
      "old": 4.970272522029706,
      "next": 4.969314786548709,
      "pileClock": 28.458333333333762,
      "state": "RESOLVING",
      "phase": "SETTLE",
      "d": 0.9923529425422305,
      "stack": "at Object.set [as x] (evalmachine.<anonymous>:8129:423) <- at shift (evalmachine.<anonymous>:2013:14) <- at solvePair (evalmachine.<anonymous>:2040:25) <- at resolveVisualContacts (evalmachine.<anonymous>:2059:43) <- at resolveVisualContacts (evalmachine.<anonymous>:3590:9) <- at evalmachine.<anonymous>:5385:68",
      "i": 83
    },
    {
      "id": 60,
      "key": "x",
      "old": 2.984609182565761,
      "next": 2.999901670495026,
      "pileClock": 28.458333333333762,
      "state": "RESOLVING",
      "phase": "SETTLE",
      "d": 0.9847066996689738,
      "stack": "at Object.set [as x] (evalmachine.<anonymous>:8129:423) <- at shift (evalmachine.<anonymous>:2013:14) <- at solvePair (evalmachine.<anonymous>:2033:9) <- at resolveVisualContacts (evalmachine.<anonymous>:2059:43) <- at resolveVisualContacts (evalmachine.<anonymous>:3590:9) <- at evalmachine.<anonymous>:5385:68",
      "i": 84
    },
    {
      "id": 60,
      "key": "y",
      "old": 6.011362458497461,
      "next": 6.01145001239016,
      "pileClock": 28.458333333333762,
      "state": "RESOLVING",
      "phase": "SETTLE",
      "d": 0.9847067432572839,
      "stack": "at Object.set [as y] (evalmachine.<anonymous>:8129:423) <- at shift (evalmachine.<anonymous>:2016:18) <- at solvePair (evalmachine.<anonymous>:2033:9) <- at resolveVisualContacts (evalmachine.<anonymous>:2059:43) <- at resolveVisualContacts (evalmachine.<anonymous>:3590:9) <- at evalmachine.<anonymous>:5385:68",
      "i": 85
    },
    {
      "id": 60,
      "key": "x",
      "old": 2.999901670495026,
      "next": 2.984608416629082,
      "pileClock": 28.458333333333762,
      "state": "RESOLVING",
      "phase": "SETTLE",
      "d": 0.9923533687629537,
      "stack": "at Object.set [as x] (evalmachine.<anonymous>:8129:423) <- at shift (evalmachine.<anonymous>:2013:14) <- at solvePair (evalmachine.<anonymous>:2032:9) <- at resolveVisualContacts (evalmachine.<anonymous>:2059:43) <- at resolveVisualContacts (evalmachine.<anonymous>:3590:9) <- at evalmachine.<anonymous>:5385:68",
      "i": 86
    },
    {
      "id": 60,
      "key": "y",
      "old": 6.01145001239016,
      "next": 6.011455428120799,
      "pileClock": 28.458333333333762,
      "state": "RESOLVING",
      "phase": "SETTLE",
      "d": 0.9923533716286419,
      "stack": "at Object.set [as y] (evalmachine.<anonymous>:8129:423) <- at shift (evalmachine.<anonymous>:2016:18) <- at solvePair (evalmachine.<anonymous>:2032:9) <- at resolveVisualContacts (evalmachine.<anonymous>:2059:43) <- at resolveVisualContacts (evalmachine.<anonymous>:3590:9) <- at evalmachine.<anonymous>:5385:68",
      "i": 87
    },
    {
      "id": 58,
      "key": "x",
      "old": 4.969314786548709,
      "next": 4.984608043291424,
      "pileClock": 28.458333333333762,
      "state": "RESOLVING",
      "phase": "SETTLE",
      "d": 0.9999999985726126,
      "stack": "at Object.set [as x] (evalmachine.<anonymous>:8129:423) <- at shift (evalmachine.<anonymous>:2013:14) <- at solvePair (evalmachine.<anonymous>:2033:9) <- at resolveVisualContacts (evalmachine.<anonymous>:2059:43) <- at resolveVisualContacts (evalmachine.<anonymous>:3590:9) <- at evalmachine.<anonymous>:5385:68",
      "i": 88
    },
    {
      "id": 58,
      "key": "x",
      "old": 4.984608043291424,
      "next": 4.9846080461461995,
      "pileClock": 28.458333333333762,
      "state": "RESOLVING",
      "phase": "SETTLE",
      "d": 0.9999999999999999,
      "stack": "at Object.set [as x] (evalmachine.<anonymous>:8129:423) <- at shift (evalmachine.<anonymous>:2013:14) <- at solvePair (evalmachine.<anonymous>:2040:25) <- at resolveVisualContacts (evalmachine.<anonymous>:2059:43) <- at resolveVisualContacts (evalmachine.<anonymous>:3590:9) <- at evalmachine.<anonymous>:5385:68",
      "i": 89
    },
    {
      "id": 58,
      "key": "x",
      "old": 4.9846080461461995,
      "next": 4.976303835265923,
      "pileClock": 28.458333333333762,
      "state": "RESOLVING",
      "phase": "SETTLE",
      "d": 0.9958478953322104,
      "stack": "at Object.set [as x] (evalmachine.<anonymous>:8129:423) <- at shift (evalmachine.<anonymous>:2013:14) <- at solvePair (evalmachine.<anonymous>:2032:9) <- at resolveVisualContacts (evalmachine.<anonymous>:2059:43) <- at resolveVisualContacts (evalmachine.<anonymous>:3590:9) <- at evalmachine.<anonymous>:5385:68",
      "i": 90
    },
    {
      "id": 58,
      "key": "x",
      "old": 4.976303835265923,
      "next": 4.9722460022981885,
      "pileClock": 28.458333333333762,
      "state": "RESOLVING",
      "phase": "SETTLE",
      "d": 0.993818979228097,
      "stack": "at Object.set [as x] (evalmachine.<anonymous>:8129:423) <- at shift (evalmachine.<anonymous>:2013:14) <- at solvePair (evalmachine.<anonymous>:2040:25) <- at resolveVisualContacts (evalmachine.<anonymous>:2059:43) <- at resolveVisualContacts (evalmachine.<anonymous>:3590:9) <- at evalmachine.<anonymous>:5385:68",
      "i": 91
    },
    {
      "id": 58,
      "key": "x",
      "old": 4.9722460022981885,
      "next": 4.97027242260355,
      "pileClock": 28.458333333333762,
      "state": "RESOLVING",
      "phase": "SETTLE",
      "d": 0.9928321895660369,
      "stack": "at Object.set [as x] (evalmachine.<anonymous>:8129:423) <- at shift (evalmachine.<anonymous>:2013:14) <- at solvePair (evalmachine.<anonymous>:2040:25) <- at resolveVisualContacts (evalmachine.<anonymous>:2059:43) <- at resolveVisualContacts (evalmachine.<anonymous>:3590:9) <- at evalmachine.<anonymous>:5385:68",
      "i": 92
    },
    {
      "id": 58,
      "key": "x",
      "old": 4.97027242260355,
      "next": 4.969314738338002,
      "pileClock": 28.458333333333762,
      "state": "RESOLVING",
      "phase": "SETTLE",
      "d": 0.9923533475232932,
      "stack": "at Object.set [as x] (evalmachine.<anonymous>:8129:423) <- at shift (evalmachine.<anonymous>:2013:14) <- at solvePair (evalmachine.<anonymous>:2040:25) <- at resolveVisualContacts (evalmachine.<anonymous>:2059:43) <- at resolveVisualContacts (evalmachine.<anonymous>:3590:9) <- at evalmachine.<anonymous>:5385:68",
      "i": 93
    },
    {
      "id": 60,
      "key": "x",
      "old": 2.984608416629082,
      "next": 2.999900054857606,
      "pileClock": 28.458333333333762,
      "state": "RESOLVING",
      "phase": "SETTLE",
      "d": 0.9847075298584322,
      "stack": "at Object.set [as x] (evalmachine.<anonymous>:8129:423) <- at shift (evalmachine.<anonymous>:2013:14) <- at solvePair (evalmachine.<anonymous>:2033:9) <- at resolveVisualContacts (evalmachine.<anonymous>:2059:43) <- at resolveVisualContacts (evalmachine.<anonymous>:3590:9) <- at evalmachine.<anonymous>:5385:68",
      "i": 94
    },
    {
      "id": 60,
      "key": "y",
      "old": 6.011455428120799,
      "next": 6.011543693524245,
      "pileClock": 28.458333333333762,
      "state": "RESOLVING",
      "phase": "SETTLE",
      "d": 0.9847075800749239,
      "stack": "at Object.set [as y] (evalmachine.<anonymous>:8129:423) <- at shift (evalmachine.<anonymous>:2016:18) <- at solvePair (evalmachine.<anonymous>:2033:9) <- at resolveVisualContacts (evalmachine.<anonymous>:2059:43) <- at resolveVisualContacts (evalmachine.<anonymous>:3590:9) <- at evalmachine.<anonymous>:5385:68",
      "i": 95
    },
    {
      "id": 60,
      "key": "x",
      "old": 2.999900054857606,
      "next": 2.9846076386338463,
      "pileClock": 28.458333333333762,
      "state": "RESOLVING",
      "phase": "SETTLE",
      "d": 0.9923537863504052,
      "stack": "at Object.set [as x] (evalmachine.<anonymous>:8129:423) <- at shift (evalmachine.<anonymous>:2013:14) <- at solvePair (evalmachine.<anonymous>:2032:9) <- at resolveVisualContacts (evalmachine.<anonymous>:2059:43) <- at resolveVisualContacts (evalmachine.<anonymous>:3590:9) <- at evalmachine.<anonymous>:5385:68",
      "i": 96
    },
    {
      "id": 60,
      "key": "y",
      "old": 6.011543693524245,
      "next": 6.011549836383726,
      "pileClock": 28.458333333333762,
      "state": "RESOLVING",
      "phase": "SETTLE",
      "d": 0.992353790037462,
      "stack": "at Object.set [as y] (evalmachine.<anonymous>:8129:423) <- at shift (evalmachine.<anonymous>:2016:18) <- at solvePair (evalmachine.<anonymous>:2032:9) <- at resolveVisualContacts (evalmachine.<anonymous>:2059:43) <- at resolveVisualContacts (evalmachine.<anonymous>:3590:9) <- at evalmachine.<anonymous>:5385:68",
      "i": 97
    },
    {
      "id": 58,
      "key": "x",
      "old": 4.969314738338002,
      "next": 4.984607158263078,
      "pileClock": 28.458333333333762,
      "state": "RESOLVING",
      "phase": "SETTLE",
      "d": 0.9999999981634919,
      "stack": "at Object.set [as x] (evalmachine.<anonymous>:8129:423) <- at shift (evalmachine.<anonymous>:2013:14) <- at solvePair (evalmachine.<anonymous>:2033:9) <- at resolveVisualContacts (evalmachine.<anonymous>:2059:43) <- at resolveVisualContacts (evalmachine.<anonymous>:3590:9) <- at evalmachine.<anonymous>:5385:68",
      "i": 98
    },
    {
      "id": 58,
      "key": "x",
      "old": 4.984607158263078,
      "next": 4.984607161936093,
      "pileClock": 28.458333333333762,
      "state": "RESOLVING",
      "phase": "SETTLE",
      "d": 0.9999999999999993,
      "stack": "at Object.set [as x] (evalmachine.<anonymous>:8129:423) <- at shift (evalmachine.<anonymous>:2013:14) <- at solvePair (evalmachine.<anonymous>:2040:25) <- at resolveVisualContacts (evalmachine.<anonymous>:2059:43) <- at resolveVisualContacts (evalmachine.<anonymous>:3590:9) <- at evalmachine.<anonymous>:5385:68",
      "i": 99
    },
    {
      "id": 58,
      "key": "x",
      "old": 4.984607161936093,
      "next": 4.976303401837569,
      "pileClock": 28.458333333333762,
      "state": "RESOLVING",
      "phase": "SETTLE",
      "d": 0.9958481209444588,
      "stack": "at Object.set [as x] (evalmachine.<anonymous>:8129:423) <- at shift (evalmachine.<anonymous>:2013:14) <- at solvePair (evalmachine.<anonymous>:2032:9) <- at resolveVisualContacts (evalmachine.<anonymous>:2059:43) <- at resolveVisualContacts (evalmachine.<anonymous>:3590:9) <- at evalmachine.<anonymous>:5385:68",
      "i": 100
    },
    {
      "id": 58,
      "key": "x",
      "old": 4.976303401837569,
      "next": 4.972245791170371,
      "pileClock": 28.458333333333762,
      "state": "RESOLVING",
      "phase": "SETTLE",
      "d": 0.9938193160994593,
      "stack": "at Object.set [as x] (evalmachine.<anonymous>:8129:423) <- at shift (evalmachine.<anonymous>:2013:14) <- at solvePair (evalmachine.<anonymous>:2040:25) <- at resolveVisualContacts (evalmachine.<anonymous>:2059:43) <- at resolveVisualContacts (evalmachine.<anonymous>:3590:9) <- at evalmachine.<anonymous>:5385:68",
      "i": 101
    },
    {
      "id": 58,
      "key": "x",
      "old": 4.972245791170371,
      "next": 4.970272320076636,
      "pileClock": 28.458333333333762,
      "state": "RESOLVING",
      "phase": "SETTLE",
      "d": 0.99283258079095,
      "stack": "at Object.set [as x] (evalmachine.<anonymous>:8129:423) <- at shift (evalmachine.<anonymous>:2013:14) <- at solvePair (evalmachine.<anonymous>:2040:25) <- at resolveVisualContacts (evalmachine.<anonymous>:2059:43) <- at resolveVisualContacts (evalmachine.<anonymous>:3590:9) <- at evalmachine.<anonymous>:5385:68",
      "i": 102
    },
    {
      "id": 58,
      "key": "x",
      "old": 4.970272320076636,
      "next": 4.969314688623775,
      "pileClock": 28.458333333333762,
      "state": "RESOLVING",
      "phase": "SETTLE",
      "d": 0.9923537651803542,
      "stack": "at Object.set [as x] (evalmachine.<anonymous>:8129:423) <- at shift (evalmachine.<anonymous>:2013:14) <- at solvePair (evalmachine.<anonymous>:2040:25) <- at resolveVisualContacts (evalmachine.<anonymous>:2059:43) <- at resolveVisualContacts (evalmachine.<anonymous>:3590:9) <- at evalmachine.<anonymous>:5385:68",
      "i": 103
    },
    {
      "id": 60,
      "key": "x",
      "old": 2.9846076386338463,
      "next": 2.999898400748703,
      "pileClock": 28.458333333333762,
      "state": "RESOLVING",
      "phase": "SETTLE",
      "d": 0.984708385987751,
      "stack": "at Object.set [as x] (evalmachine.<anonymous>:8129:423) <- at shift (evalmachine.<anonymous>:2013:14) <- at solvePair (evalmachine.<anonymous>:2033:9) <- at resolveVisualContacts (evalmachine.<anonymous>:2059:43) <- at resolveVisualContacts (evalmachine.<anonymous>:3590:9) <- at evalmachine.<anonymous>:5385:68",
      "i": 104
    },
    {
      "id": 60,
      "key": "y",
      "old": 6.011549836383726,
      "next": 6.0116388241499585,
      "pileClock": 28.458333333333762,
      "state": "RESOLVING",
      "phase": "SETTLE",
      "d": 0.9847084430383812,
      "stack": "at Object.set [as y] (evalmachine.<anonymous>:8129:423) <- at shift (evalmachine.<anonymous>:2016:18) <- at solvePair (evalmachine.<anonymous>:2033:9) <- at resolveVisualContacts (evalmachine.<anonymous>:2059:43) <- at resolveVisualContacts (evalmachine.<anonymous>:3590:9) <- at evalmachine.<anonymous>:5385:68",
      "i": 105
    },
    {
      "id": 60,
      "key": "x",
      "old": 2.999898400748703,
      "next": 2.9846068484318273,
      "pileClock": 28.458333333333762,
      "state": "RESOLVING",
      "phase": "SETTLE",
      "d": 0.9923542168923415,
      "stack": "at Object.set [as x] (evalmachine.<anonymous>:8129:423) <- at shift (evalmachine.<anonymous>:2013:14) <- at solvePair (evalmachine.<anonymous>:2032:9) <- at resolveVisualContacts (evalmachine.<anonymous>:2059:43) <- at resolveVisualContacts (evalmachine.<anonymous>:3590:9) <- at evalmachine.<anonymous>:5385:68",
      "i": 106
    },
    {
      "id": 60,
      "key": "y",
      "old": 6.0116388241499585,
      "next": 6.011645705300098,
      "pileClock": 28.458333333333762,
      "state": "RESOLVING",
      "phase": "SETTLE",
      "d": 0.9923542215191905,
      "stack": "at Object.set [as y] (evalmachine.<anonymous>:8129:423) <- at shift (evalmachine.<anonymous>:2016:18) <- at solvePair (evalmachine.<anonymous>:2032:9) <- at resolveVisualContacts (evalmachine.<anonymous>:2059:43) <- at resolveVisualContacts (evalmachine.<anonymous>:3590:9) <- at evalmachine.<anonymous>:5385:68",
      "i": 107
    },
    {
      "id": 58,
      "key": "x",
      "old": 4.969314688623775,
      "next": 4.984606245585393,
      "pileClock": 28.458333333333762,
      "state": "RESOLVING",
      "phase": "SETTLE",
      "d": 0.9999999976953848,
      "stack": "at Object.set [as x] (evalmachine.<anonymous>:8129:423) <- at shift (evalmachine.<anonymous>:2013:14) <- at solvePair (evalmachine.<anonymous>:2033:9) <- at resolveVisualContacts (evalmachine.<anonymous>:2059:43) <- at resolveVisualContacts (evalmachine.<anonymous>:3590:9) <- at evalmachine.<anonymous>:5385:68",
      "i": 108
    },
    {
      "id": 58,
      "key": "x",
      "old": 4.984606245585393,
      "next": 4.9846062501946236,
      "pileClock": 28.458333333333762,
      "state": "RESOLVING",
      "phase": "SETTLE",
      "d": 0.9999999999999991,
      "stack": "at Object.set [as x] (evalmachine.<anonymous>:8129:423) <- at shift (evalmachine.<anonymous>:2013:14) <- at solvePair (evalmachine.<anonymous>:2040:25) <- at resolveVisualContacts (evalmachine.<anonymous>:2059:43) <- at resolveVisualContacts (evalmachine.<anonymous>:3590:9) <- at evalmachine.<anonymous>:5385:68",
      "i": 109
    },
    {
      "id": 58,
      "key": "x",
      "old": 4.9846062501946236,
      "next": 4.976302954914,
      "pileClock": 28.458333333333762,
      "state": "RESOLVING",
      "phase": "SETTLE",
      "d": 0.9958483536066997,
      "stack": "at Object.set [as x] (evalmachine.<anonymous>:8129:423) <- at shift (evalmachine.<anonymous>:2013:14) <- at solvePair (evalmachine.<anonymous>:2032:9) <- at resolveVisualContacts (evalmachine.<anonymous>:2059:43) <- at resolveVisualContacts (evalmachine.<anonymous>:3590:9) <- at evalmachine.<anonymous>:5385:68",
      "i": 110
    },
    {
      "id": 58,
      "key": "x",
      "old": 4.976302954914,
      "next": 4.972245573468954,
      "pileClock": 28.458333333333762,
      "state": "RESOLVING",
      "phase": "SETTLE",
      "d": 0.993819663497315,
      "stack": "at Object.set [as x] (evalmachine.<anonymous>:8129:423) <- at shift (evalmachine.<anonymous>:2013:14) <- at solvePair (evalmachine.<anonymous>:2040:25) <- at resolveVisualContacts (evalmachine.<anonymous>:2059:43) <- at resolveVisualContacts (evalmachine.<anonymous>:3590:9) <- at evalmachine.<anonymous>:5385:68",
      "i": 111
    },
    {
      "id": 58,
      "key": "x",
      "old": 4.972245573468954,
      "next": 4.970272214357498,
      "pileClock": 28.458333333333762,
      "state": "RESOLVING",
      "phase": "SETTLE",
      "d": 0.9928329842407004,
      "stack": "at Object.set [as x] (evalmachine.<anonymous>:8129:423) <- at shift (evalmachine.<anonymous>:2013:14) <- at solvePair (evalmachine.<anonymous>:2040:25) <- at resolveVisualContacts (evalmachine.<anonymous>:2059:43) <- at resolveVisualContacts (evalmachine.<anonymous>:3590:9) <- at evalmachine.<anonymous>:5385:68",
      "i": 112
    },
    {
      "id": 58,
      "key": "x",
      "old": 4.970272214357498,
      "next": 4.969314637361675,
      "pileClock": 28.458333333333762,
      "state": "RESOLVING",
      "phase": "SETTLE",
      "d": 0.9923541958881487,
      "stack": "at Object.set [as x] (evalmachine.<anonymous>:8129:423) <- at shift (evalmachine.<anonymous>:2013:14) <- at solvePair (evalmachine.<anonymous>:2040:25) <- at resolveVisualContacts (evalmachine.<anonymous>:2059:43) <- at resolveVisualContacts (evalmachine.<anonymous>:3590:9) <- at evalmachine.<anonymous>:5385:68",
      "i": 113
    },
    {
      "id": 60,
      "key": "x",
      "old": 2.9846068484318273,
      "next": 2.99989670715735,
      "pileClock": 28.458333333333762,
      "state": "RESOLVING",
      "phase": "SETTLE",
      "d": 0.9847092688655289,
      "stack": "at Object.set [as x] (evalmachine.<anonymous>:8129:423) <- at shift (evalmachine.<anonymous>:2013:14) <- at solvePair (evalmachine.<anonymous>:2033:9) <- at resolveVisualContacts (evalmachine.<anonymous>:2059:43) <- at resolveVisualContacts (evalmachine.<anonymous>:3590:9) <- at evalmachine.<anonymous>:5385:68",
      "i": 114
    },
    {
      "id": 60,
      "key": "y",
      "old": 6.011645705300098,
      "next": 6.01173542644005,
      "pileClock": 28.458333333333762,
      "state": "RESOLVING",
      "phase": "SETTLE",
      "d": 0.9847093329626109,
      "stack": "at Object.set [as y] (evalmachine.<anonymous>:8129:423) <- at shift (evalmachine.<anonymous>:2016:18) <- at solvePair (evalmachine.<anonymous>:2033:9) <- at resolveVisualContacts (evalmachine.<anonymous>:2059:43) <- at resolveVisualContacts (evalmachine.<anonymous>:3590:9) <- at evalmachine.<anonymous>:5385:68",
      "i": 115
    },
    {
      "id": 60,
      "key": "x",
      "old": 2.99989670715735,
      "next": 2.9846060458321357,
      "pileClock": 28.458333333333762,
      "state": "RESOLVING",
      "phase": "SETTLE",
      "d": 0.9923546607911358,
      "stack": "at Object.set [as x] (evalmachine.<anonymous>:8129:423) <- at shift (evalmachine.<anonymous>:2013:14) <- at solvePair (evalmachine.<anonymous>:2032:9) <- at resolveVisualContacts (evalmachine.<anonymous>:2059:43) <- at resolveVisualContacts (evalmachine.<anonymous>:3590:9) <- at evalmachine.<anonymous>:5385:68",
      "i": 116
    },
    {
      "id": 60,
      "key": "y",
      "old": 6.01173542644005,
      "next": 6.011743057208618,
      "pileClock": 28.458333333333762,
      "state": "RESOLVING",
      "phase": "SETTLE",
      "d": 0.9923546664813054,
      "stack": "at Object.set [as y] (evalmachine.<anonymous>:8129:423) <- at shift (evalmachine.<anonymous>:2016:18) <- at solvePair (evalmachine.<anonymous>:2032:9) <- at resolveVisualContacts (evalmachine.<anonymous>:2059:43) <- at resolveVisualContacts (evalmachine.<anonymous>:3590:9) <- at evalmachine.<anonymous>:5385:68",
      "i": 117
    },
    {
      "id": 58,
      "key": "x",
      "old": 4.969314637361675,
      "next": 4.984605304399064,
      "pileClock": 28.458333333333762,
      "state": "RESOLVING",
      "phase": "SETTLE",
      "d": 0.9999999971657485,
      "stack": "at Object.set [as x] (evalmachine.<anonymous>:8129:423) <- at shift (evalmachine.<anonymous>:2013:14) <- at solvePair (evalmachine.<anonymous>:2033:9) <- at resolveVisualContacts (evalmachine.<anonymous>:2059:43) <- at resolveVisualContacts (evalmachine.<anonymous>:3590:9) <- at evalmachine.<anonymous>:5385:68",
      "i": 118
    },
    {
      "id": 58,
      "key": "x",
      "old": 4.984605304399064,
      "next": 4.984605310067567,
      "pileClock": 28.458333333333762,
      "state": "RESOLVING",
      "phase": "SETTLE",
      "d": 0.9999999999999988,
      "stack": "at Object.set [as x] (evalmachine.<anonymous>:8129:423) <- at shift (evalmachine.<anonymous>:2013:14) <- at solvePair (evalmachine.<anonymous>:2040:25) <- at resolveVisualContacts (evalmachine.<anonymous>:2059:43) <- at resolveVisualContacts (evalmachine.<anonymous>:3590:9) <- at evalmachine.<anonymous>:5385:68",
      "i": 119
    },
    {
      "id": 58,
      "key": "x",
      "old": 4.984605310067567,
      "next": 4.976302494076517,
      "pileClock": 28.458333333333762,
      "state": "RESOLVING",
      "phase": "SETTLE",
      "d": 0.9958485935380696,
      "stack": "at Object.set [as x] (evalmachine.<anonymous>:8129:423) <- at shift (evalmachine.<anonymous>:2013:14) <- at solvePair (evalmachine.<anonymous>:2032:9) <- at resolveVisualContacts (evalmachine.<anonymous>:2059:43) <- at resolveVisualContacts (evalmachine.<anonymous>:3590:9) <- at evalmachine.<anonymous>:5385:68",
      "i": 120
    },
    {
      "id": 58,
      "key": "x",
      "old": 4.976302494076517,
      "next": 4.972245348989993,
      "pileClock": 28.458333333333762,
      "state": "RESOLVING",
      "phase": "SETTLE",
      "d": 0.9938200217488549,
      "stack": "at Object.set [as x] (evalmachine.<anonymous>:8129:423) <- at shift (evalmachine.<anonymous>:2013:14) <- at solvePair (evalmachine.<anonymous>:2040:25) <- at resolveVisualContacts (evalmachine.<anonymous>:2059:43) <- at resolveVisualContacts (evalmachine.<anonymous>:3590:9) <- at evalmachine.<anonymous>:5385:68",
      "i": 121
    },
    {
      "id": 58,
      "key": "x",
      "old": 4.972245348989993,
      "next": 4.9702721053471,
      "pileClock": 28.458333333333762,
      "state": "RESOLVING",
      "phase": "SETTLE",
      "d": 0.9928334002952623,
      "stack": "at Object.set [as x] (evalmachine.<anonymous>:8129:423) <- at shift (evalmachine.<anonymous>:2013:14) <- at solvePair (evalmachine.<anonymous>:2040:25) <- at resolveVisualContacts (evalmachine.<anonymous>:2059:43) <- at resolveVisualContacts (evalmachine.<anonymous>:3590:9) <- at evalmachine.<anonymous>:5385:68",
      "i": 122
    },
    {
      "id": 58,
      "key": "x",
      "old": 4.9702721053471,
      "next": 4.969314584503683,
      "pileClock": 28.458333333333762,
      "state": "RESOLVING",
      "phase": "SETTLE",
      "d": 0.9923546400523188,
      "stack": "at Object.set [as x] (evalmachine.<anonymous>:8129:423) <- at shift (evalmachine.<anonymous>:2013:14) <- at solvePair (evalmachine.<anonymous>:2040:25) <- at resolveVisualContacts (evalmachine.<anonymous>:2059:43) <- at resolveVisualContacts (evalmachine.<anonymous>:3590:9) <- at evalmachine.<anonymous>:5385:68",
      "i": 123
    },
    {
      "id": 60,
      "key": "x",
      "old": 2.9846060458321357,
      "next": 2.999894973044266,
      "pileClock": 28.458333333333762,
      "state": "RESOLVING",
      "phase": "SETTLE",
      "d": 0.9847101793241861,
      "stack": "at Object.set [as x] (evalmachine.<anonymous>:8129:423) <- at shift (evalmachine.<anonymous>:2013:14) <- at solvePair (evalmachine.<anonymous>:2033:9) <- at resolveVisualContacts (evalmachine.<anonymous>:2059:43) <- at resolveVisualContacts (evalmachine.<anonymous>:3590:9) <- at evalmachine.<anonymous>:5385:68",
      "i": 124
    },
    {
      "id": 60,
      "key": "y",
      "old": 6.011743057208618,
      "next": 6.011833522894384,
      "pileClock": 28.458333333333762,
      "state": "RESOLVING",
      "phase": "SETTLE",
      "d": 0.984710250686581,
      "stack": "at Object.set [as y] (evalmachine.<anonymous>:8129:423) <- at shift (evalmachine.<anonymous>:2016:18) <- at solvePair (evalmachine.<anonymous>:2033:9) <- at resolveVisualContacts (evalmachine.<anonymous>:2059:43) <- at resolveVisualContacts (evalmachine.<anonymous>:3590:9) <- at evalmachine.<anonymous>:5385:68",
      "i": 125
    },
    {
      "id": 60,
      "key": "x",
      "old": 2.999894973044266,
      "next": 2.9846052306397617,
      "pileClock": 28.458333333333762,
      "state": "RESOLVING",
      "phase": "SETTLE",
      "d": 0.9923551184609896,
      "stack": "at Object.set [as x] (evalmachine.<anonymous>:8129:423) <- at shift (evalmachine.<anonymous>:2013:14) <- at solvePair (evalmachine.<anonymous>:2032:9) <- at resolveVisualContacts (evalmachine.<anonymous>:2059:43) <- at resolveVisualContacts (evalmachine.<anonymous>:3590:9) <- at evalmachine.<anonymous>:5385:68",
      "i": 126
    },
    {
      "id": 60,
      "key": "y",
      "old": 6.011833522894384,
      "next": 6.01184191477731,
      "pileClock": 28.458333333333762,
      "state": "RESOLVING",
      "phase": "SETTLE",
      "d": 0.9923551253432905,
      "stack": "at Object.set [as y] (evalmachine.<anonymous>:8129:423) <- at shift (evalmachine.<anonymous>:2016:18) <- at solvePair (evalmachine.<anonymous>:2032:9) <- at resolveVisualContacts (evalmachine.<anonymous>:2059:43) <- at resolveVisualContacts (evalmachine.<anonymous>:3590:9) <- at evalmachine.<anonymous>:5385:68",
      "i": 127
    },
    {
      "id": 58,
      "key": "x",
      "old": 4.969314584503683,
      "next": 4.984604333817101,
      "pileClock": 28.458333333333762,
      "state": "RESOLVING",
      "phase": "SETTLE",
      "d": 0.9999999965719514,
      "stack": "at Object.set [as x] (evalmachine.<anonymous>:8129:423) <- at shift (evalmachine.<anonymous>:2013:14) <- at solvePair (evalmachine.<anonymous>:2033:9) <- at resolveVisualContacts (evalmachine.<anonymous>:2059:43) <- at resolveVisualContacts (evalmachine.<anonymous>:3590:9) <- at evalmachine.<anonymous>:5385:68",
      "i": 128
    },
    {
      "id": 58,
      "key": "x",
      "old": 4.984604333817101,
      "next": 4.984604340673198,
      "pileClock": 28.458333333333762,
      "state": "RESOLVING",
      "phase": "SETTLE",
      "d": 0.9999999999999982,
      "stack": "at Object.set [as x] (evalmachine.<anonymous>:8129:423) <- at shift (evalmachine.<anonymous>:2013:14) <- at solvePair (evalmachine.<anonymous>:2040:25) <- at resolveVisualContacts (evalmachine.<anonymous>:2059:43) <- at resolveVisualContacts (evalmachine.<anonymous>:3590:9) <- at evalmachine.<anonymous>:5385:68",
      "i": 129
    },
    {
      "id": 58,
      "key": "x",
      "old": 4.984604340673198,
      "next": 4.97630201889294,
      "pileClock": 28.458333333333762,
      "state": "RESOLVING",
      "phase": "SETTLE",
      "d": 0.9958488409647664,
      "stack": "at Object.set [as x] (evalmachine.<anonymous>:8129:423) <- at shift (evalmachine.<anonymous>:2013:14) <- at solvePair (evalmachine.<anonymous>:2032:9) <- at resolveVisualContacts (evalmachine.<anonymous>:2059:43) <- at resolveVisualContacts (evalmachine.<anonymous>:3590:9) <- at evalmachine.<anonymous>:5385:68",
      "i": 130
    },
    {
      "id": 58,
      "key": "x",
      "old": 4.97630201889294,
      "next": 4.972245117522976,
      "pileClock": 28.458333333333762,
      "state": "RESOLVING",
      "phase": "SETTLE",
      "d": 0.9938203911918096,
      "stack": "at Object.set [as x] (evalmachine.<anonymous>:8129:423) <- at shift (evalmachine.<anonymous>:2013:14) <- at solvePair (evalmachine.<anonymous>:2040:25) <- at resolveVisualContacts (evalmachine.<anonymous>:2059:43) <- at resolveVisualContacts (evalmachine.<anonymous>:3590:9) <- at evalmachine.<anonymous>:5385:68",
      "i": 131
    },
    {
      "id": 58,
      "key": "x",
      "old": 4.972245117522976,
      "next": 4.970271992943214,
      "pileClock": 28.458333333333762,
      "state": "RESOLVING",
      "phase": "SETTLE",
      "d": 0.9928338293468505,
      "stack": "at Object.set [as x] (evalmachine.<anonymous>:8129:423) <- at shift (evalmachine.<anonymous>:2013:14) <- at solvePair (evalmachine.<anonymous>:2040:25) <- at resolveVisualContacts (evalmachine.<anonymous>:2059:43) <- at resolveVisualContacts (evalmachine.<anonymous>:3590:9) <- at evalmachine.<anonymous>:5385:68",
      "i": 132
    },
    {
      "id": 58,
      "key": "x",
      "old": 4.970271992943214,
      "next": 4.9693145300002275,
      "pileClock": 28.458333333333762,
      "state": "RESOLVING",
      "phase": "SETTLE",
      "d": 0.9923550980915753,
      "stack": "at Object.set [as x] (evalmachine.<anonymous>:8129:423) <- at shift (evalmachine.<anonymous>:2013:14) <- at solvePair (evalmachine.<anonymous>:2040:25) <- at resolveVisualContacts (evalmachine.<anonymous>:2059:43) <- at resolveVisualContacts (evalmachine.<anonymous>:3590:9) <- at evalmachine.<anonymous>:5385:68",
      "i": 133
    },
    {
      "id": 60,
      "key": "x",
      "old": 2.9846052306397617,
      "next": 2.999893197341041,
      "pileClock": 28.458333333333762,
      "state": "RESOLVING",
      "phase": "SETTLE",
      "d": 0.9847111182218029,
      "stack": "at Object.set [as x] (evalmachine.<anonymous>:8129:423) <- at shift (evalmachine.<anonymous>:2013:14) <- at solvePair (evalmachine.<anonymous>:2033:9) <- at resolveVisualContacts (evalmachine.<anonymous>:2059:43) <- at resolveVisualContacts (evalmachine.<anonymous>:3590:9) <- at evalmachine.<anonymous>:5385:68",
      "i": 134
    },
    {
      "id": 60,
      "key": "y",
      "old": 6.01184191477731,
      "next": 6.011933136344199,
      "pileClock": 28.458333333333762,
      "state": "RESOLVING",
      "phase": "SETTLE",
      "d": 0.98471119707512,
      "stack": "at Object.set [as y] (evalmachine.<anonymous>:8129:423) <- at shift (evalmachine.<anonymous>:2016:18) <- at solvePair (evalmachine.<anonymous>:2033:9) <- at resolveVisualContacts (evalmachine.<anonymous>:2059:43) <- at resolveVisualContacts (evalmachine.<anonymous>:3590:9) <- at evalmachine.<anonymous>:5385:68",
      "i": 135
    },
    {
      "id": 60,
      "key": "x",
      "old": 2.999893197341041,
      "next": 2.984604402656611,
      "pileClock": 28.458333333333762,
      "state": "RESOLVING",
      "phase": "SETTLE",
      "d": 0.9923555903288512,
      "stack": "at Object.set [as x] (evalmachine.<anonymous>:8129:423) <- at shift (evalmachine.<anonymous>:2013:14) <- at solvePair (evalmachine.<anonymous>:2032:9) <- at resolveVisualContacts (evalmachine.<anonymous>:2059:43) <- at resolveVisualContacts (evalmachine.<anonymous>:3590:9) <- at evalmachine.<anonymous>:5385:68",
      "i": 136
    },
    {
      "id": 60,
      "key": "y",
      "old": 6.011933136344199,
      "next": 6.011942301007786,
      "pileClock": 28.458333333333762,
      "state": "RESOLVING",
      "phase": "SETTLE",
      "d": 0.9923555985375601,
      "stack": "at Object.set [as y] (evalmachine.<anonymous>:8129:423) <- at shift (evalmachine.<anonymous>:2016:18) <- at solvePair (evalmachine.<anonymous>:2032:9) <- at resolveVisualContacts (evalmachine.<anonymous>:2059:43) <- at resolveVisualContacts (evalmachine.<anonymous>:3590:9) <- at evalmachine.<anonymous>:5385:68",
      "i": 137
    },
    {
      "id": 58,
      "key": "x",
      "old": 4.9693145300002275,
      "next": 4.984603332925108,
      "pileClock": 28.458333333333762,
      "state": "RESOLVING",
      "phase": "SETTLE",
      "d": 0.9999999959112719,
      "stack": "at Object.set [as x] (evalmachine.<anonymous>:8129:423) <- at shift (evalmachine.<anonymous>:2013:14) <- at solvePair (evalmachine.<anonymous>:2033:9) <- at resolveVisualContacts (evalmachine.<anonymous>:2059:43) <- at resolveVisualContacts (evalmachine.<anonymous>:3590:9) <- at evalmachine.<anonymous>:5385:68",
      "i": 138
    },
    {
      "id": 58,
      "key": "x",
      "old": 4.984603332925108,
      "next": 4.984603341102564,
      "pileClock": 28.458333333333762,
      "state": "RESOLVING",
      "phase": "SETTLE",
      "d": 0.9999999999999976,
      "stack": "at Object.set [as x] (evalmachine.<anonymous>:8129:423) <- at shift (evalmachine.<anonymous>:2013:14) <- at solvePair (evalmachine.<anonymous>:2040:25) <- at resolveVisualContacts (evalmachine.<anonymous>:2059:43) <- at resolveVisualContacts (evalmachine.<anonymous>:3590:9) <- at evalmachine.<anonymous>:5385:68",
      "i": 139
    },
    {
      "id": 58,
      "key": "x",
      "old": 4.984603341102564,
      "next": 4.976301528917745,
      "pileClock": 28.458333333333762,
      "state": "RESOLVING",
      "phase": "SETTLE",
      "d": 0.9958490961199769,
      "stack": "at Object.set [as x] (evalmachine.<anonymous>:8129:423) <- at shift (evalmachine.<anonymous>:2013:14) <- at solvePair (evalmachine.<anonymous>:2032:9) <- at resolveVisualContacts (evalmachine.<anonymous>:2059:43) <- at resolveVisualContacts (evalmachine.<anonymous>:3590:9) <- at evalmachine.<anonymous>:5385:68",
      "i": 140
    },
    {
      "id": 58,
      "key": "x",
      "old": 4.976301528917745,
      "next": 4.972244878850891,
      "pileClock": 28.458333333333762,
      "state": "RESOLVING",
      "phase": "SETTLE",
      "d": 0.9938207721743476,
      "stack": "at Object.set [as x] (evalmachine.<anonymous>:8129:423) <- at shift (evalmachine.<anonymous>:2013:14) <- at solvePair (evalmachine.<anonymous>:2040:25) <- at resolveVisualContacts (evalmachine.<anonymous>:2059:43) <- at resolveVisualContacts (evalmachine.<anonymous>:3590:9) <- at evalmachine.<anonymous>:5385:68",
      "i": 141
    },
    {
      "id": 58,
      "key": "x",
      "old": 4.972244878850891,
      "next": 4.97027187704046,
      "pileClock": 28.458333333333762,
      "state": "RESOLVING",
      "phase": "SETTLE",
      "d": 0.9928342717998027,
      "stack": "at Object.set [as x] (evalmachine.<anonymous>:8129:423) <- at shift (evalmachine.<anonymous>:2013:14) <- at solvePair (evalmachine.<anonymous>:2040:25) <- at resolveVisualContacts (evalmachine.<anonymous>:2059:43) <- at resolveVisualContacts (evalmachine.<anonymous>:3590:9) <- at evalmachine.<anonymous>:5385:68",
      "i": 142
    },
    {
      "id": 58,
      "key": "x",
      "old": 4.97027187704046,
      "next": 4.969314473800213,
      "pileClock": 28.458333333333762,
      "state": "RESOLVING",
      "phase": "SETTLE",
      "d": 0.9923555704375682,
      "stack": "at Object.set [as x] (evalmachine.<anonymous>:8129:423) <- at shift (evalmachine.<anonymous>:2013:14) <- at solvePair (evalmachine.<anonymous>:2040:25) <- at resolveVisualContacts (evalmachine.<anonymous>:2059:43) <- at resolveVisualContacts (evalmachine.<anonymous>:3590:9) <- at evalmachine.<anonymous>:5385:68",
      "i": 143
    },
    {
      "id": 60,
      "key": "x",
      "old": 2.984604402656611,
      "next": 2.9998913789493007,
      "pileClock": 28.458333333333762,
      "state": "RESOLVING",
      "phase": "SETTLE",
      "d": 0.9847120864429345,
      "stack": "at Object.set [as x] (evalmachine.<anonymous>:8129:423) <- at shift (evalmachine.<anonymous>:2013:14) <- at solvePair (evalmachine.<anonymous>:2033:9) <- at resolveVisualContacts (evalmachine.<anonymous>:2059:43) <- at resolveVisualContacts (evalmachine.<anonymous>:3590:9) <- at evalmachine.<anonymous>:5385:68",
      "i": 144
    },
    {
      "id": 60,
      "key": "y",
      "old": 6.011942301007786,
      "next": 6.012034289956386,
      "pileClock": 28.458333333333762,
      "state": "RESOLVING",
      "phase": "SETTLE",
      "d": 0.9847121730197349,
      "stack": "at Object.set [as y] (evalmachine.<anonymous>:8129:423) <- at shift (evalmachine.<anonymous>:2016:18) <- at solvePair (evalmachine.<anonymous>:2033:9) <- at resolveVisualContacts (evalmachine.<anonymous>:2059:43) <- at resolveVisualContacts (evalmachine.<anonymous>:3590:9) <- at evalmachine.<anonymous>:5385:68",
      "i": 145
    },
    {
      "id": 60,
      "key": "x",
      "old": 2.9998913789493007,
      "next": 2.984603561681495,
      "pileClock": 28.458333333333762,
      "state": "RESOLVING",
      "phase": "SETTLE",
      "d": 0.9923560768348174,
      "stack": "at Object.set [as x] (evalmachine.<anonymous>:8129:423) <- at shift (evalmachine.<anonymous>:2013:14) <- at solvePair (evalmachine.<anonymous>:2032:9) <- at resolveVisualContacts (evalmachine.<anonymous>:2059:43) <- at resolveVisualContacts (evalmachine.<anonymous>:3590:9) <- at evalmachine.<anonymous>:5385:68",
      "i": 146
    },
    {
      "id": 60,
      "key": "y",
      "old": 6.012034289956386,
      "next": 6.012044239239545,
      "pileClock": 28.458333333333762,
      "state": "RESOLVING",
      "phase": "SETTLE",
      "d": 0.9923560865098675,
      "stack": "at Object.set [as y] (evalmachine.<anonymous>:8129:423) <- at shift (evalmachine.<anonymous>:2016:18) <- at solvePair (evalmachine.<anonymous>:2032:9) <- at resolveVisualContacts (evalmachine.<anonymous>:2059:43) <- at resolveVisualContacts (evalmachine.<anonymous>:3590:9) <- at evalmachine.<anonymous>:5385:68",
      "i": 147
    },
    {
      "id": 58,
      "key": "x",
      "old": 4.969314473800213,
      "next": 4.9846023007804785,
      "pileClock": 28.458333333333762,
      "state": "RESOLVING",
      "phase": "SETTLE",
      "d": 0.999999995180891,
      "stack": "at Object.set [as x] (evalmachine.<anonymous>:8129:423) <- at shift (evalmachine.<anonymous>:2013:14) <- at solvePair (evalmachine.<anonymous>:2033:9) <- at resolveVisualContacts (evalmachine.<anonymous>:2059:43) <- at resolveVisualContacts (evalmachine.<anonymous>:3590:9) <- at evalmachine.<anonymous>:5385:68",
      "i": 148
    },
    {
      "id": 58,
      "key": "x",
      "old": 4.9846023007804785,
      "next": 4.984602310418697,
      "pileClock": 28.458333333333762,
      "state": "RESOLVING",
      "phase": "SETTLE",
      "d": 0.9999999999999969,
      "stack": "at Object.set [as x] (evalmachine.<anonymous>:8129:423) <- at shift (evalmachine.<anonymous>:2013:14) <- at solvePair (evalmachine.<anonymous>:2040:25) <- at resolveVisualContacts (evalmachine.<anonymous>:2059:43) <- at resolveVisualContacts (evalmachine.<anonymous>:3590:9) <- at evalmachine.<anonymous>:5385:68",
      "i": 149
    },
    {
      "id": 58,
      "key": "x",
      "old": 4.984602310418697,
      "next": 4.976301023691677,
      "pileClock": 28.458333333333762,
      "state": "RESOLVING",
      "phase": "SETTLE",
      "d": 0.9958493592440834,
      "stack": "at Object.set [as x] (evalmachine.<anonymous>:8129:423) <- at shift (evalmachine.<anonymous>:2013:14) <- at solvePair (evalmachine.<anonymous>:2032:9) <- at resolveVisualContacts (evalmachine.<anonymous>:2059:43) <- at resolveVisualContacts (evalmachine.<anonymous>:3590:9) <- at evalmachine.<anonymous>:5385:68",
      "i": 150
    },
    {
      "id": 58,
      "key": "x",
      "old": 4.976301023691677,
      "next": 4.972244632750036,
      "pileClock": 28.458333333333762,
      "state": "RESOLVING",
      "phase": "SETTLE",
      "d": 0.9938211650553761,
      "stack": "at Object.set [as x] (evalmachine.<anonymous>:8129:423) <- at shift (evalmachine.<anonymous>:2013:14) <- at solvePair (evalmachine.<anonymous>:2040:25) <- at resolveVisualContacts (evalmachine.<anonymous>:2059:43) <- at resolveVisualContacts (evalmachine.<anonymous>:3590:9) <- at evalmachine.<anonymous>:5385:68",
      "i": 151
    },
    {
      "id": 58,
      "key": "x",
      "old": 4.972244632750036,
      "next": 4.970271757530205,
      "pileClock": 28.458333333333762,
      "state": "RESOLVING",
      "phase": "SETTLE",
      "d": 0.9928347280709255,
      "stack": "at Object.set [as x] (evalmachine.<anonymous>:8129:423) <- at shift (evalmachine.<anonymous>:2013:14) <- at solvePair (evalmachine.<anonymous>:2040:25) <- at resolveVisualContacts (evalmachine.<anonymous>:2059:43) <- at resolveVisualContacts (evalmachine.<anonymous>:3590:9) <- at evalmachine.<anonymous>:5385:68",
      "i": 152
    },
    {
      "id": 58,
      "key": "x",
      "old": 4.970271757530205,
      "next": 4.969314415850965,
      "pileClock": 28.458333333333762,
      "state": "RESOLVING",
      "phase": "SETTLE",
      "d": 0.9923560575352618,
      "stack": "at Object.set [as x] (evalmachine.<anonymous>:8129:423) <- at shift (evalmachine.<anonymous>:2013:14) <- at solvePair (evalmachine.<anonymous>:2040:25) <- at resolveVisualContacts (evalmachine.<anonymous>:2059:43) <- at resolveVisualContacts (evalmachine.<anonymous>:3590:9) <- at evalmachine.<anonymous>:5385:68",
      "i": 153
    },
    {
      "id": 60,
      "key": "x",
      "old": 2.984603561681495,
      "next": 2.9998895167398447,
      "pileClock": 28.458333333333762,
      "state": "RESOLVING",
      "phase": "SETTLE",
      "d": 0.9847130848994099,
      "stack": "at Object.set [as x] (evalmachine.<anonymous>:8129:423) <- at shift (evalmachine.<anonymous>:2013:14) <- at solvePair (evalmachine.<anonymous>:2033:9) <- at resolveVisualContacts (evalmachine.<anonymous>:2059:43) <- at resolveVisualContacts (evalmachine.<anonymous>:3590:9) <- at evalmachine.<anonymous>:5385:68",
      "i": 154
    },
    {
      "id": 60,
      "key": "y",
      "old": 6.012044239239545,
      "next": 6.01213700723779,
      "pileClock": 28.458333333333762,
      "state": "RESOLVING",
      "phase": "SETTLE",
      "d": 0.9847131794394167,
      "stack": "at Object.set [as y] (evalmachine.<anonymous>:8129:423) <- at shift (evalmachine.<anonymous>:2016:18) <- at solvePair (evalmachine.<anonymous>:2033:9) <- at resolveVisualContacts (evalmachine.<anonymous>:2059:43) <- at resolveVisualContacts (evalmachine.<anonymous>:3590:9) <- at evalmachine.<anonymous>:5385:68",
      "i": 155
    },
    {
      "id": 60,
      "key": "x",
      "old": 2.9998895167398447,
      "next": 2.984602707510077,
      "pileClock": 28.458333333333762,
      "state": "RESOLVING",
      "phase": "SETTLE",
      "d": 0.9923565784325336,
      "stack": "at Object.set [as x] (evalmachine.<anonymous>:8129:423) <- at shift (evalmachine.<anonymous>:2013:14) <- at solvePair (evalmachine.<anonymous>:2032:9) <- at resolveVisualContacts (evalmachine.<anonymous>:2059:43) <- at resolveVisualContacts (evalmachine.<anonymous>:3590:9) <- at evalmachine.<anonymous>:5385:68",
      "i": 156
    },
    {
      "id": 60,
      "key": "y",
      "old": 6.01213700723779,
      "next": 6.01214775315429,
      "pileClock": 28.458333333333762,
      "state": "RESOLVING",
      "phase": "SETTLE",
      "d": 0.9923565897197084,
      "stack": "at Object.set [as y] (evalmachine.<anonymous>:8129:423) <- at shift (evalmachine.<anonymous>:2016:18) <- at solvePair (evalmachine.<anonymous>:2032:9) <- at resolveVisualContacts (evalmachine.<anonymous>:2059:43) <- at resolveVisualContacts (evalmachine.<anonymous>:3590:9) <- at evalmachine.<anonymous>:5385:68",
      "i": 157
    },
    {
      "id": 58,
      "key": "x",
      "old": 4.969314415850965,
      "next": 4.984601236411549,
      "pileClock": 28.458333333333762,
      "state": "RESOLVING",
      "phase": "SETTLE",
      "d": 0.9999999943778954,
      "stack": "at Object.set [as x] (evalmachine.<anonymous>:8129:423) <- at shift (evalmachine.<anonymous>:2013:14) <- at solvePair (evalmachine.<anonymous>:2033:9) <- at resolveVisualContacts (evalmachine.<anonymous>:2059:43) <- at resolveVisualContacts (evalmachine.<anonymous>:3590:9) <- at evalmachine.<anonymous>:5385:68",
      "i": 158
    },
    {
      "id": 58,
      "key": "x",
      "old": 4.984601236411549,
      "next": 4.984601247655758,
      "pileClock": 28.458333333333762,
      "state": "RESOLVING",
      "phase": "SETTLE",
      "d": 0.9999999999999959,
      "stack": "at Object.set [as x] (evalmachine.<anonymous>:8129:423) <- at shift (evalmachine.<anonymous>:2013:14) <- at solvePair (evalmachine.<anonymous>:2040:25) <- at resolveVisualContacts (evalmachine.<anonymous>:2059:43) <- at resolveVisualContacts (evalmachine.<anonymous>:3590:9) <- at evalmachine.<anonymous>:5385:68",
      "i": 159
    },
    {
      "id": 58,
      "key": "x",
      "old": 4.984601247655758,
      "next": 4.976300502741335,
      "pileClock": 28.458333333333762,
      "state": "RESOLVING",
      "phase": "SETTLE",
      "d": 0.9958496305848801,
      "stack": "at Object.set [as x] (evalmachine.<anonymous>:8129:423) <- at shift (evalmachine.<anonymous>:2013:14) <- at solvePair (evalmachine.<anonymous>:2032:9) <- at resolveVisualContacts (evalmachine.<anonymous>:2059:43) <- at resolveVisualContacts (evalmachine.<anonymous>:3590:9) <- at evalmachine.<anonymous>:5385:68",
      "i": 160
    },
    {
      "id": 58,
      "key": "x",
      "old": 4.976300502741335,
      "next": 4.972244378989824,
      "pileClock": 28.458333333333762,
      "state": "RESOLVING",
      "phase": "SETTLE",
      "d": 0.993821570204873,
      "stack": "at Object.set [as x] (evalmachine.<anonymous>:8129:423) <- at shift (evalmachine.<anonymous>:2013:14) <- at solvePair (evalmachine.<anonymous>:2040:25) <- at resolveVisualContacts (evalmachine.<anonymous>:2059:43) <- at resolveVisualContacts (evalmachine.<anonymous>:3590:9) <- at evalmachine.<anonymous>:5385:68",
      "i": 161
    },
    {
      "id": 58,
      "key": "x",
      "old": 4.972244378989824,
      "next": 4.970271634300476,
      "pileClock": 28.458333333333762,
      "state": "RESOLVING",
      "phase": "SETTLE",
      "d": 0.9928351985898827,
      "stack": "at Object.set [as x] (evalmachine.<anonymous>:8129:423) <- at shift (evalmachine.<anonymous>:2013:14) <- at solvePair (evalmachine.<anonymous>:2040:25) <- at resolveVisualContacts (evalmachine.<anonymous>:2059:43) <- at resolveVisualContacts (evalmachine.<anonymous>:3590:9) <- at evalmachine.<anonymous>:5385:68",
      "i": 162
    },
    {
      "id": 58,
      "key": "x",
      "old": 4.970271634300476,
      "next": 4.96931435609819,
      "pileClock": 28.458333333333762,
      "state": "RESOLVING",
      "phase": "SETTLE",
      "d": 0.992356559843343,
      "stack": "at Object.set [as x] (evalmachine.<anonymous>:8129:423) <- at shift (evalmachine.<anonymous>:2013:14) <- at solvePair (evalmachine.<anonymous>:2040:25) <- at resolveVisualContacts (evalmachine.<anonymous>:2059:43) <- at resolveVisualContacts (evalmachine.<anonymous>:3590:9) <- at evalmachine.<anonymous>:5385:68",
      "i": 163
    },
    {
      "id": 60,
      "key": "x",
      "old": 2.984602707510077,
      "next": 2.9998876095517595,
      "pileClock": 28.458333333333762,
      "state": "RESOLVING",
      "phase": "SETTLE",
      "d": 0.9847141145311633,
      "stack": "at Object.set [as x] (evalmachine.<anonymous>:8129:423) <- at shift (evalmachine.<anonymous>:2013:14) <- at solvePair (evalmachine.<anonymous>:2033:9) <- at resolveVisualContacts (evalmachine.<anonymous>:2059:43) <- at resolveVisualContacts (evalmachine.<anonymous>:3590:9) <- at evalmachine.<anonymous>:5385:68",
      "i": 164
    },
    {
      "id": 60,
      "key": "y",
      "old": 6.01214775315429,
      "next": 6.012241312039546,
      "pileClock": 28.458333333333762,
      "state": "RESOLVING",
      "phase": "SETTLE",
      "d": 0.9847142172814798,
      "stack": "at Object.set [as y] (evalmachine.<anonymous>:8129:423) <- at shift (evalmachine.<anonymous>:2016:18) <- at solvePair (evalmachine.<anonymous>:2033:9) <- at resolveVisualContacts (evalmachine.<anonymous>:2059:43) <- at resolveVisualContacts (evalmachine.<anonymous>:3590:9) <- at evalmachine.<anonymous>:5385:68",
      "i": 165
    },
    {
      "id": 60,
      "key": "x",
      "old": 2.9998876095517595,
      "next": 2.984601839934834,
      "pileClock": 28.458333333333762,
      "state": "RESOLVING",
      "phase": "SETTLE",
      "d": 0.9923570955896029,
      "stack": "at Object.set [as x] (evalmachine.<anonymous>:8129:423) <- at shift (evalmachine.<anonymous>:2013:14) <- at solvePair (evalmachine.<anonymous>:2032:9) <- at resolveVisualContacts (evalmachine.<anonymous>:2059:43) <- at resolveVisualContacts (evalmachine.<anonymous>:3590:9) <- at evalmachine.<anonymous>:5385:68",
      "i": 166
    },
    {
      "id": 60,
      "key": "y",
      "old": 6.012241312039546,
      "next": 6.01225286678027,
      "pileClock": 28.458333333333762,
      "state": "RESOLVING",
      "phase": "SETTLE",
      "d": 0.9923571086407399,
      "stack": "at Object.set [as y] (evalmachine.<anonymous>:8129:423) <- at shift (evalmachine.<anonymous>:2016:18) <- at solvePair (evalmachine.<anonymous>:2032:9) <- at resolveVisualContacts (evalmachine.<anonymous>:2059:43) <- at resolveVisualContacts (evalmachine.<anonymous>:3590:9) <- at evalmachine.<anonymous>:5385:68",
      "i": 167
    },
    {
      "id": 58,
      "key": "x",
      "old": 4.96931435609819,
      "next": 4.98460013881671,
      "pileClock": 28.458333333333762,
      "state": "RESOLVING",
      "phase": "SETTLE",
      "d": 0.9999999934992692,
      "stack": "at Object.set [as x] (evalmachine.<anonymous>:8129:423) <- at shift (evalmachine.<anonymous>:2013:14) <- at solvePair (evalmachine.<anonymous>:2033:9) <- at resolveVisualContacts (evalmachine.<anonymous>:2059:43) <- at resolveVisualContacts (evalmachine.<anonymous>:3590:9) <- at evalmachine.<anonymous>:5385:68",
      "i": 168
    },
    {
      "id": 58,
      "key": "x",
      "old": 4.98460013881671,
      "next": 4.984600151818171,
      "pileClock": 28.458333333333762,
      "state": "RESOLVING",
      "phase": "SETTLE",
      "d": 0.9999999999999943,
      "stack": "at Object.set [as x] (evalmachine.<anonymous>:8129:423) <- at shift (evalmachine.<anonymous>:2013:14) <- at solvePair (evalmachine.<anonymous>:2040:25) <- at resolveVisualContacts (evalmachine.<anonymous>:2059:43) <- at resolveVisualContacts (evalmachine.<anonymous>:3590:9) <- at evalmachine.<anonymous>:5385:68",
      "i": 169
    },
    {
      "id": 58,
      "key": "x",
      "old": 4.984600151818171,
      "next": 4.976299965578739,
      "pileClock": 28.458333333333762,
      "state": "RESOLVING",
      "phase": "SETTLE",
      "d": 0.9958499103977968,
      "stack": "at Object.set [as x] (evalmachine.<anonymous>:8129:423) <- at shift (evalmachine.<anonymous>:2013:14) <- at solvePair (evalmachine.<anonymous>:2032:9) <- at resolveVisualContacts (evalmachine.<anonymous>:2059:43) <- at resolveVisualContacts (evalmachine.<anonymous>:3590:9) <- at evalmachine.<anonymous>:5385:68",
      "i": 170
    },
    {
      "id": 58,
      "key": "x",
      "old": 4.976299965578739,
      "next": 4.972244117332562,
      "pileClock": 28.458333333333762,
      "state": "RESOLVING",
      "phase": "SETTLE",
      "d": 0.993821988004213,
      "stack": "at Object.set [as x] (evalmachine.<anonymous>:8129:423) <- at shift (evalmachine.<anonymous>:2013:14) <- at solvePair (evalmachine.<anonymous>:2040:25) <- at resolveVisualContacts (evalmachine.<anonymous>:2059:43) <- at resolveVisualContacts (evalmachine.<anonymous>:3590:9) <- at evalmachine.<anonymous>:5385:68",
      "i": 171
    },
    {
      "id": 58,
      "key": "x",
      "old": 4.972244117332562,
      "next": 4.970271507235845,
      "pileClock": 28.458333333333762,
      "state": "RESOLVING",
      "phase": "SETTLE",
      "d": 0.9928356837995731,
      "stack": "at Object.set [as x] (evalmachine.<anonymous>:8129:423) <- at shift (evalmachine.<anonymous>:2013:14) <- at solvePair (evalmachine.<anonymous>:2040:25) <- at resolveVisualContacts (evalmachine.<anonymous>:2059:43) <- at resolveVisualContacts (evalmachine.<anonymous>:3590:9) <- at evalmachine.<anonymous>:5385:68",
      "i": 172
    },
    {
      "id": 58,
      "key": "x",
      "old": 4.970271507235845,
      "next": 4.969314294485917,
      "pileClock": 28.458333333333762,
      "state": "RESOLVING",
      "phase": "SETTLE",
      "d": 0.9923570778346299,
      "stack": "at Object.set [as x] (evalmachine.<anonymous>:8129:423) <- at shift (evalmachine.<anonymous>:2013:14) <- at solvePair (evalmachine.<anonymous>:2040:25) <- at resolveVisualContacts (evalmachine.<anonymous>:2059:43) <- at resolveVisualContacts (evalmachine.<anonymous>:3590:9) <- at evalmachine.<anonymous>:5385:68",
      "i": 173
    },
    {
      "id": 60,
      "key": "x",
      "old": 2.984601839934834,
      "next": 2.9998856561915126,
      "pileClock": 28.458333333333762,
      "state": "RESOLVING",
      "phase": "SETTLE",
      "d": 0.984715176307077,
      "stack": "at Object.set [as x] (evalmachine.<anonymous>:8129:423) <- at shift (evalmachine.<anonymous>:2013:14) <- at solvePair (evalmachine.<anonymous>:2033:9) <- at resolveVisualContacts (evalmachine.<anonymous>:2059:43) <- at resolveVisualContacts (evalmachine.<anonymous>:3590:9) <- at evalmachine.<anonymous>:5385:68",
      "i": 174
    },
    {
      "id": 60,
      "key": "y",
      "old": 6.01225286678027,
      "next": 6.012347228561419,
      "pileClock": 28.458333333333762,
      "state": "RESOLVING",
      "phase": "SETTLE",
      "d": 0.984715287522408,
      "stack": "at Object.set [as y] (evalmachine.<anonymous>:8129:423) <- at shift (evalmachine.<anonymous>:2016:18) <- at solvePair (evalmachine.<anonymous>:2033:9) <- at resolveVisualContacts (evalmachine.<anonymous>:2059:43) <- at resolveVisualContacts (evalmachine.<anonymous>:3590:9) <- at evalmachine.<anonymous>:5385:68",
      "i": 175
    },
    {
      "id": 60,
      "key": "x",
      "old": 2.9998856561915126,
      "next": 2.984600958745003,
      "pileClock": 28.458333333333762,
      "state": "RESOLVING",
      "phase": "SETTLE",
      "d": 0.9923576287880076,
      "stack": "at Object.set [as x] (evalmachine.<anonymous>:8129:423) <- at shift (evalmachine.<anonymous>:2013:14) <- at solvePair (evalmachine.<anonymous>:2032:9) <- at resolveVisualContacts (evalmachine.<anonymous>:2059:43) <- at resolveVisualContacts (evalmachine.<anonymous>:3590:9) <- at evalmachine.<anonymous>:5385:68",
      "i": 176
    },
    {
      "id": 60,
      "key": "y",
      "old": 6.012347228561419,
      "next": 6.0123596044966465,
      "pileClock": 28.458333333333762,
      "state": "RESOLVING",
      "phase": "SETTLE",
      "d": 0.9923576437612041,
      "stack": "at Object.set [as y] (evalmachine.<anonymous>:8129:423) <- at shift (evalmachine.<anonymous>:2016:18) <- at solvePair (evalmachine.<anonymous>:2032:9) <- at resolveVisualContacts (evalmachine.<anonymous>:2059:43) <- at resolveVisualContacts (evalmachine.<anonymous>:3590:9) <- at evalmachine.<anonymous>:5385:68",
      "i": 177
    },
    {
      "id": 58,
      "key": "x",
      "old": 4.969314294485917,
      "next": 4.984599006963509,
      "pileClock": 28.458333333333762,
      "state": "RESOLVING",
      "phase": "SETTLE",
      "d": 0.9999999925418951,
      "stack": "at Object.set [as x] (evalmachine.<anonymous>:8129:423) <- at shift (evalmachine.<anonymous>:2013:14) <- at solvePair (evalmachine.<anonymous>:2033:9) <- at resolveVisualContacts (evalmachine.<anonymous>:2059:43) <- at resolveVisualContacts (evalmachine.<anonymous>:3590:9) <- at evalmachine.<anonymous>:5385:68",
      "i": 178
    },
    {
      "id": 58,
      "key": "x",
      "old": 4.984599006963509,
      "next": 4.984599021879719,
      "pileClock": 28.458333333333762,
      "state": "RESOLVING",
      "phase": "SETTLE",
      "d": 0.9999999999999927,
      "stack": "at Object.set [as x] (evalmachine.<anonymous>:8129:423) <- at shift (evalmachine.<anonymous>:2013:14) <- at solvePair (evalmachine.<anonymous>:2040:25) <- at resolveVisualContacts (evalmachine.<anonymous>:2059:43) <- at resolveVisualContacts (evalmachine.<anonymous>:3590:9) <- at evalmachine.<anonymous>:5385:68",
      "i": 179
    },
    {
      "id": 58,
      "key": "x",
      "old": 4.984599021879719,
      "next": 4.976299411700895,
      "pileClock": 28.458333333333762,
      "state": "RESOLVING",
      "phase": "SETTLE",
      "d": 0.9958501989461342,
      "stack": "at Object.set [as x] (evalmachine.<anonymous>:8129:423) <- at shift (evalmachine.<anonymous>:2013:14) <- at solvePair (evalmachine.<anonymous>:2032:9) <- at resolveVisualContacts (evalmachine.<anonymous>:2059:43) <- at resolveVisualContacts (evalmachine.<anonymous>:3590:9) <- at evalmachine.<anonymous>:5385:68",
      "i": 180
    },
    {
      "id": 58,
      "key": "x",
      "old": 4.976299411700895,
      "next": 4.972243847533249,
      "pileClock": 28.458333333333762,
      "state": "RESOLVING",
      "phase": "SETTLE",
      "d": 0.9938224188465223,
      "stack": "at Object.set [as x] (evalmachine.<anonymous>:8129:423) <- at shift (evalmachine.<anonymous>:2013:14) <- at solvePair (evalmachine.<anonymous>:2040:25) <- at resolveVisualContacts (evalmachine.<anonymous>:2059:43) <- at resolveVisualContacts (evalmachine.<anonymous>:3590:9) <- at evalmachine.<anonymous>:5385:68",
      "i": 181
    },
    {
      "id": 58,
      "key": "x",
      "old": 4.972243847533249,
      "next": 4.97027137621734,
      "pileClock": 28.458333333333762,
      "state": "RESOLVING",
      "phase": "SETTLE",
      "d": 0.9928361841565424,
      "stack": "at Object.set [as x] (evalmachine.<anonymous>:8129:423) <- at shift (evalmachine.<anonymous>:2013:14) <- at solvePair (evalmachine.<anonymous>:2040:25) <- at resolveVisualContacts (evalmachine.<anonymous>:2059:43) <- at resolveVisualContacts (evalmachine.<anonymous>:3590:9) <- at evalmachine.<anonymous>:5385:68",
      "i": 182
    },
    {
      "id": 58,
      "key": "x",
      "old": 4.97027137621734,
      "next": 4.96931423095646,
      "pileClock": 28.458333333333762,
      "state": "RESOLVING",
      "phase": "SETTLE",
      "d": 0.9923576119965066,
      "stack": "at Object.set [as x] (evalmachine.<anonymous>:8129:423) <- at shift (evalmachine.<anonymous>:2013:14) <- at solvePair (evalmachine.<anonymous>:2040:25) <- at resolveVisualContacts (evalmachine.<anonymous>:2059:43) <- at resolveVisualContacts (evalmachine.<anonymous>:3590:9) <- at evalmachine.<anonymous>:5385:68",
      "i": 183
    },
    {
      "id": 60,
      "key": "x",
      "old": 2.984600958745003,
      "next": 2.9998836554320127,
      "pileClock": 28.458333333333762,
      "state": "RESOLVING",
      "phase": "SETTLE",
      "d": 0.9847162712258647,
      "stack": "at Object.set [as x] (evalmachine.<anonymous>:8129:423) <- at shift (evalmachine.<anonymous>:2013:14) <- at solvePair (evalmachine.<anonymous>:2033:9) <- at resolveVisualContacts (evalmachine.<anonymous>:2059:43) <- at resolveVisualContacts (evalmachine.<anonymous>:3590:9) <- at evalmachine.<anonymous>:5385:68",
      "i": 184
    },
    {
      "id": 60,
      "key": "y",
      "old": 6.0123596044966465,
      "next": 6.012454781356187,
      "pileClock": 28.458333333333762,
      "state": "RESOLVING",
      "phase": "SETTLE",
      "d": 0.9847163911687467,
      "stack": "at Object.set [as y] (evalmachine.<anonymous>:8129:423) <- at shift (evalmachine.<anonymous>:2016:18) <- at solvePair (evalmachine.<anonymous>:2033:9) <- at resolveVisualContacts (evalmachine.<anonymous>:2059:43) <- at resolveVisualContacts (evalmachine.<anonymous>:3590:9) <- at evalmachine.<anonymous>:5385:68",
      "i": 185
    },
    {
      "id": 60,
      "key": "x",
      "old": 2.9998836554320127,
      "next": 2.984600063726537,
      "pileClock": 28.458333333333762,
      "state": "RESOLVING",
      "phase": "SETTLE",
      "d": 0.9923581785245451,
      "stack": "at Object.set [as x] (evalmachine.<anonymous>:8129:423) <- at shift (evalmachine.<anonymous>:2013:14) <- at solvePair (evalmachine.<anonymous>:2032:9) <- at resolveVisualContacts (evalmachine.<anonymous>:2059:43) <- at resolveVisualContacts (evalmachine.<anonymous>:3590:9) <- at evalmachine.<anonymous>:5385:68",
      "i": 186
    },
    {
      "id": 60,
      "key": "y",
      "old": 6.012454781356187,
      "next": 6.012467991037876,
      "pileClock": 28.458333333333762,
      "state": "RESOLVING",
      "phase": "SETTLE",
      "d": 0.9923581955843732,
      "stack": "at Object.set [as y] (evalmachine.<anonymous>:8129:423) <- at shift (evalmachine.<anonymous>:2016:18) <- at solvePair (evalmachine.<anonymous>:2032:9) <- at resolveVisualContacts (evalmachine.<anonymous>:2059:43) <- at resolveVisualContacts (evalmachine.<anonymous>:3590:9) <- at evalmachine.<anonymous>:5385:68",
      "i": 187
    },
    {
      "id": 58,
      "key": "x",
      "old": 4.96931423095646,
      "next": 4.984597839787713,
      "pileClock": 28.458333333333762,
      "state": "RESOLVING",
      "phase": "SETTLE",
      "d": 0.999999991502547,
      "stack": "at Object.set [as x] (evalmachine.<anonymous>:8129:423) <- at shift (evalmachine.<anonymous>:2013:14) <- at solvePair (evalmachine.<anonymous>:2033:9) <- at resolveVisualContacts (evalmachine.<anonymous>:2059:43) <- at resolveVisualContacts (evalmachine.<anonymous>:3590:9) <- at evalmachine.<anonymous>:5385:68",
      "i": 188
    },
    {
      "id": 58,
      "key": "x",
      "old": 4.984597839787713,
      "next": 4.984597856782619,
      "pileClock": 28.458333333333762,
      "state": "RESOLVING",
      "phase": "SETTLE",
      "d": 0.9999999999999907,
      "stack": "at Object.set [as x] (evalmachine.<anonymous>:8129:423) <- at shift (evalmachine.<anonymous>:2013:14) <- at solvePair (evalmachine.<anonymous>:2040:25) <- at resolveVisualContacts (evalmachine.<anonymous>:2059:43) <- at resolveVisualContacts (evalmachine.<anonymous>:3590:9) <- at evalmachine.<anonymous>:5385:68",
      "i": 189
    },
    {
      "id": 58,
      "key": "x",
      "old": 4.984597856782619,
      "next": 4.976298840589338,
      "pileClock": 28.458333333333762,
      "state": "RESOLVING",
      "phase": "SETTLE",
      "d": 0.9958504965012951,
      "stack": "at Object.set [as x] (evalmachine.<anonymous>:8129:423) <- at shift (evalmachine.<anonymous>:2013:14) <- at solvePair (evalmachine.<anonymous>:2032:9) <- at resolveVisualContacts (evalmachine.<anonymous>:2059:43) <- at resolveVisualContacts (evalmachine.<anonymous>:3590:9) <- at evalmachine.<anonymous>:5385:68",
      "i": 190
    },
    {
      "id": 58,
      "key": "x",
      "old": 4.976298840589338,
      "next": 4.972243569339343,
      "pileClock": 28.458333333333762,
      "state": "RESOLVING",
      "phase": "SETTLE",
      "d": 0.9938228631370246,
      "stack": "at Object.set [as x] (evalmachine.<anonymous>:8129:423) <- at shift (evalmachine.<anonymous>:2013:14) <- at solvePair (evalmachine.<anonymous>:2040:25) <- at resolveVisualContacts (evalmachine.<anonymous>:2059:43) <- at resolveVisualContacts (evalmachine.<anonymous>:3590:9) <- at evalmachine.<anonymous>:5385:68",
      "i": 191
    },
    {
      "id": 58,
      "key": "x",
      "old": 4.972243569339343,
      "next": 4.970271241122328,
      "pileClock": 28.458333333333762,
      "state": "RESOLVING",
      "phase": "SETTLE",
      "d": 0.9928367001313853,
      "stack": "at Object.set [as x] (evalmachine.<anonymous>:8129:423) <- at shift (evalmachine.<anonymous>:2013:14) <- at solvePair (evalmachine.<anonymous>:2040:25) <- at resolveVisualContacts (evalmachine.<anonymous>:2059:43) <- at resolveVisualContacts (evalmachine.<anonymous>:3590:9) <- at evalmachine.<anonymous>:5385:68",
      "i": 192
    },
    {
      "id": 58,
      "key": "x",
      "old": 4.970271241122328,
      "next": 4.969314165450355,
      "pileClock": 28.458333333333762,
      "state": "RESOLVING",
      "phase": "SETTLE",
      "d": 0.9923581628313578,
      "stack": "at Object.set [as x] (evalmachine.<anonymous>:8129:423) <- at shift (evalmachine.<anonymous>:2013:14) <- at solvePair (evalmachine.<anonymous>:2040:25) <- at resolveVisualContacts (evalmachine.<anonymous>:2059:43) <- at resolveVisualContacts (evalmachine.<anonymous>:3590:9) <- at evalmachine.<anonymous>:5385:68",
      "i": 193
    },
    {
      "id": 60,
      "key": "x",
      "old": 2.984600063726537,
      "next": 2.999881606011651,
      "pileClock": 28.458333333333762,
      "state": "RESOLVING",
      "phase": "SETTLE",
      "d": 0.9847174003169655,
      "stack": "at Object.set [as x] (evalmachine.<anonymous>:8129:423) <- at shift (evalmachine.<anonymous>:2013:14) <- at solvePair (evalmachine.<anonymous>:2033:9) <- at resolveVisualContacts (evalmachine.<anonymous>:2059:43) <- at resolveVisualContacts (evalmachine.<anonymous>:3590:9) <- at evalmachine.<anonymous>:5385:68",
      "i": 194
    },
    {
      "id": 60,
      "key": "y",
      "old": 6.012467991037876,
      "next": 6.012563995334025,
      "pileClock": 28.458333333333762,
      "state": "RESOLVING",
      "phase": "SETTLE",
      "d": 0.9847175292580029,
      "stack": "at Object.set [as y] (evalmachine.<anonymous>:8129:423) <- at shift (evalmachine.<anonymous>:2016:18) <- at solvePair (evalmachine.<anonymous>:2033:9) <- at resolveVisualContacts (evalmachine.<anonymous>:2059:43) <- at resolveVisualContacts (evalmachine.<anonymous>:3590:9) <- at evalmachine.<anonymous>:5385:68",
      "i": 195
    },
    {
      "id": 60,
      "key": "x",
      "old": 2.999881606011651,
      "next": 2.9845991546620554,
      "pileClock": 28.458333333333762,
      "state": "RESOLVING",
      "phase": "SETTLE",
      "d": 0.9923587453112732,
      "stack": "at Object.set [as x] (evalmachine.<anonymous>:8129:423) <- at shift (evalmachine.<anonymous>:2013:14) <- at solvePair (evalmachine.<anonymous>:2032:9) <- at resolveVisualContacts (evalmachine.<anonymous>:2059:43) <- at resolveVisualContacts (evalmachine.<anonymous>:3590:9) <- at evalmachine.<anonymous>:5385:68",
      "i": 196
    },
    {
      "id": 60,
      "key": "y",
      "old": 6.012563995334025,
      "next": 6.012578051498112,
      "pileClock": 28.458333333333762,
      "state": "RESOLVING",
      "phase": "SETTLE",
      "d": 0.9923587646290015,
      "stack": "at Object.set [as y] (evalmachine.<anonymous>:8129:423) <- at shift (evalmachine.<anonymous>:2016:18) <- at solvePair (evalmachine.<anonymous>:2032:9) <- at resolveVisualContacts (evalmachine.<anonymous>:2059:43) <- at resolveVisualContacts (evalmachine.<anonymous>:3590:9) <- at evalmachine.<anonymous>:5385:68",
      "i": 197
    },
    {
      "id": 58,
      "key": "x",
      "old": 4.969314165450355,
      "next": 4.984596636192353,
      "pileClock": 28.458333333333762,
      "state": "RESOLVING",
      "phase": "SETTLE",
      "d": 0.9999999903778903,
      "stack": "at Object.set [as x] (evalmachine.<anonymous>:8129:423) <- at shift (evalmachine.<anonymous>:2013:14) <- at solvePair (evalmachine.<anonymous>:2033:9) <- at resolveVisualContacts (evalmachine.<anonymous>:2059:43) <- at resolveVisualContacts (evalmachine.<anonymous>:3590:9) <- at evalmachine.<anonymous>:5385:68",
      "i": 198
    },
    {
      "id": 58,
      "key": "x",
      "old": 4.984596636192353,
      "next": 4.984596655436572,
      "pileClock": 28.458333333333762,
      "state": "RESOLVING",
      "phase": "SETTLE",
      "d": 0.9999999999999881,
      "stack": "at Object.set [as x] (evalmachine.<anonymous>:8129:423) <- at shift (evalmachine.<anonymous>:2013:14) <- at solvePair (evalmachine.<anonymous>:2040:25) <- at resolveVisualContacts (evalmachine.<anonymous>:2059:43) <- at resolveVisualContacts (evalmachine.<anonymous>:3590:9) <- at evalmachine.<anonymous>:5385:68",
      "i": 199
    },
    {
      "id": 58,
      "key": "x",
      "old": 4.984596655436572,
      "next": 4.976298251709667,
      "pileClock": 28.458333333333762,
      "state": "RESOLVING",
      "phase": "SETTLE",
      "d": 0.9958508033430337,
      "stack": "at Object.set [as x] (evalmachine.<anonymous>:8129:423) <- at shift (evalmachine.<anonymous>:2013:14) <- at solvePair (evalmachine.<anonymous>:2032:9) <- at resolveVisualContacts (evalmachine.<anonymous>:2059:43) <- at resolveVisualContacts (evalmachine.<anonymous>:3590:9) <- at evalmachine.<anonymous>:5385:68",
      "i": 200
    },
    {
      "id": 58,
      "key": "x",
      "old": 4.976298251709667,
      "next": 4.972243282490546,
      "pileClock": 28.458333333333762,
      "state": "RESOLVING",
      "phase": "SETTLE",
      "d": 0.9938233212934118,
      "stack": "at Object.set [as x] (evalmachine.<anonymous>:8129:423) <- at shift (evalmachine.<anonymous>:2013:14) <- at solvePair (evalmachine.<anonymous>:2040:25) <- at resolveVisualContacts (evalmachine.<anonymous>:2059:43) <- at resolveVisualContacts (evalmachine.<anonymous>:3590:9) <- at evalmachine.<anonymous>:5385:68",
      "i": 201
    },
    {
      "id": 58,
      "key": "x",
      "old": 4.972243282490546,
      "next": 4.9702711018244035,
      "pileClock": 28.458333333333762,
      "state": "RESOLVING",
      "phase": "SETTLE",
      "d": 0.992837232209175,
      "stack": "at Object.set [as x] (evalmachine.<anonymous>:8129:423) <- at shift (evalmachine.<anonymous>:2013:14) <- at solvePair (evalmachine.<anonymous>:2040:25) <- at resolveVisualContacts (evalmachine.<anonymous>:2059:43) <- at resolveVisualContacts (evalmachine.<anonymous>:3590:9) <- at evalmachine.<anonymous>:5385:68",
      "i": 202
    },
    {
      "id": 58,
      "key": "x",
      "old": 4.9702711018244035,
      "next": 4.96931409790631,
      "pileClock": 28.458333333333762,
      "state": "RESOLVING",
      "phase": "SETTLE",
      "d": 0.9923587308570219,
      "stack": "at Object.set [as x] (evalmachine.<anonymous>:8129:423) <- at shift (evalmachine.<anonymous>:2013:14) <- at solvePair (evalmachine.<anonymous>:2040:25) <- at resolveVisualContacts (evalmachine.<anonymous>:2059:43) <- at resolveVisualContacts (evalmachine.<anonymous>:3590:9) <- at evalmachine.<anonymous>:5385:68",
      "i": 203
    },
    {
      "id": 60,
      "key": "x",
      "old": 2.9845991546620554,
      "next": 2.9998795066333104,
      "pileClock": 28.458333333333762,
      "state": "RESOLVING",
      "phase": "SETTLE",
      "d": 0.9847185646414714,
      "stack": "at Object.set [as x] (evalmachine.<anonymous>:8129:423) <- at shift (evalmachine.<anonymous>:2013:14) <- at solvePair (evalmachine.<anonymous>:2033:9) <- at resolveVisualContacts (evalmachine.<anonymous>:2059:43) <- at resolveVisualContacts (evalmachine.<anonymous>:3590:9) <- at evalmachine.<anonymous>:5385:68",
      "i": 204
    },
    {
      "id": 60,
      "key": "y",
      "old": 6.012578051498112,
      "next": 6.012674895766916,
      "pileClock": 28.458333333333762,
      "state": "RESOLVING",
      "phase": "SETTLE",
      "d": 0.9847187028595786,
      "stack": "at Object.set [as y] (evalmachine.<anonymous>:8129:423) <- at shift (evalmachine.<anonymous>:2016:18) <- at solvePair (evalmachine.<anonymous>:2033:9) <- at resolveVisualContacts (evalmachine.<anonymous>:2059:43) <- at resolveVisualContacts (evalmachine.<anonymous>:3590:9) <- at evalmachine.<anonymous>:5385:68",
      "i": 205
    },
    {
      "id": 60,
      "key": "x",
      "old": 2.9998795066333104,
      "next": 2.9845982313307946,
      "pileClock": 28.458333333333762,
      "state": "RESOLVING",
      "phase": "SETTLE",
      "d": 0.9923593296759694,
      "stack": "at Object.set [as x] (evalmachine.<anonymous>:8129:423) <- at shift (evalmachine.<anonymous>:2013:14) <- at solvePair (evalmachine.<anonymous>:2032:9) <- at resolveVisualContacts (evalmachine.<anonymous>:2059:43) <- at resolveVisualContacts (evalmachine.<anonymous>:3590:9) <- at evalmachine.<anonymous>:5385:68",
      "i": 206
    },
    {
      "id": 60,
      "key": "y",
      "old": 6.012674895766916,
      "next": 6.012689811335626,
      "pileClock": 28.458333333333762,
      "state": "RESOLVING",
      "phase": "SETTLE",
      "d": 0.9923593514297893,
      "stack": "at Object.set [as y] (evalmachine.<anonymous>:8129:423) <- at shift (evalmachine.<anonymous>:2016:18) <- at solvePair (evalmachine.<anonymous>:2032:9) <- at resolveVisualContacts (evalmachine.<anonymous>:2059:43) <- at resolveVisualContacts (evalmachine.<anonymous>:3590:9) <- at evalmachine.<anonymous>:5385:68",
      "i": 207
    },
    {
      "id": 58,
      "key": "x",
      "old": 4.96931409790631,
      "next": 4.984595395046732,
      "pileClock": 28.458333333333762,
      "state": "RESOLVING",
      "phase": "SETTLE",
      "d": 0.9999999891644751,
      "stack": "at Object.set [as x] (evalmachine.<anonymous>:8129:423) <- at shift (evalmachine.<anonymous>:2013:14) <- at solvePair (evalmachine.<anonymous>:2033:9) <- at resolveVisualContacts (evalmachine.<anonymous>:2059:43) <- at resolveVisualContacts (evalmachine.<anonymous>:3590:9) <- at evalmachine.<anonymous>:5385:68",
      "i": 208
    },
    {
      "id": 58,
      "key": "x",
      "old": 4.984595395046732,
      "next": 4.984595416717782,
      "pileClock": 28.458333333333762,
      "state": "RESOLVING",
      "phase": "SETTLE",
      "d": 0.9999999999999848,
      "stack": "at Object.set [as x] (evalmachine.<anonymous>:8129:423) <- at shift (evalmachine.<anonymous>:2013:14) <- at solvePair (evalmachine.<anonymous>:2040:25) <- at resolveVisualContacts (evalmachine.<anonymous>:2059:43) <- at resolveVisualContacts (evalmachine.<anonymous>:3590:9) <- at evalmachine.<anonymous>:5385:68",
      "i": 209
    },
    {
      "id": 58,
      "key": "x",
      "old": 4.984595416717782,
      "next": 4.976297644511067,
      "pileClock": 28.458333333333762,
      "state": "RESOLVING",
      "phase": "SETTLE",
      "d": 0.9958511197597073,
      "stack": "at Object.set [as x] (evalmachine.<anonymous>:8129:423) <- at shift (evalmachine.<anonymous>:2013:14) <- at solvePair (evalmachine.<anonymous>:2032:9) <- at resolveVisualContacts (evalmachine.<anonymous>:2059:43) <- at resolveVisualContacts (evalmachine.<anonymous>:3590:9) <- at evalmachine.<anonymous>:5385:68",
      "i": 210
    },
    {
      "id": 58,
      "key": "x",
      "old": 4.976297644511067,
      "next": 4.972242986718561,
      "pileClock": 28.458333333333762,
      "state": "RESOLVING",
      "phase": "SETTLE",
      "d": 0.9938237937462179,
      "stack": "at Object.set [as x] (evalmachine.<anonymous>:8129:423) <- at shift (evalmachine.<anonymous>:2013:14) <- at solvePair (evalmachine.<anonymous>:2040:25) <- at resolveVisualContacts (evalmachine.<anonymous>:2059:43) <- at resolveVisualContacts (evalmachine.<anonymous>:3590:9) <- at evalmachine.<anonymous>:5385:68",
      "i": 211
    },
    {
      "id": 58,
      "key": "x",
      "old": 4.972242986718561,
      "next": 4.9702709581932805,
      "pileClock": 28.458333333333762,
      "state": "RESOLVING",
      "phase": "SETTLE",
      "d": 0.992837780889898,
      "stack": "at Object.set [as x] (evalmachine.<anonymous>:8129:423) <- at shift (evalmachine.<anonymous>:2013:14) <- at solvePair (evalmachine.<anonymous>:2040:25) <- at resolveVisualContacts (evalmachine.<anonymous>:2059:43) <- at resolveVisualContacts (evalmachine.<anonymous>:3590:9) <- at evalmachine.<anonymous>:5385:68",
      "i": 212
    },
    {
      "id": 58,
      "key": "x",
      "old": 4.9702709581932805,
      "next": 4.969314028261152,
      "pileClock": 28.458333333333762,
      "state": "RESOLVING",
      "phase": "SETTLE",
      "d": 0.9923593166072601,
      "stack": "at Object.set [as x] (evalmachine.<anonymous>:8129:423) <- at shift (evalmachine.<anonymous>:2013:14) <- at solvePair (evalmachine.<anonymous>:2040:25) <- at resolveVisualContacts (evalmachine.<anonymous>:2059:43) <- at resolveVisualContacts (evalmachine.<anonymous>:3590:9) <- at evalmachine.<anonymous>:5385:68",
      "i": 213
    },
    {
      "id": 60,
      "key": "x",
      "old": 2.9845982313307946,
      "next": 2.999877355963351,
      "pileClock": 28.458333333333762,
      "state": "RESOLVING",
      "phase": "SETTLE",
      "d": 0.9847197652930814,
      "stack": "at Object.set [as x] (evalmachine.<anonymous>:8129:423) <- at shift (evalmachine.<anonymous>:2013:14) <- at solvePair (evalmachine.<anonymous>:2033:9) <- at resolveVisualContacts (evalmachine.<anonymous>:2059:43) <- at resolveVisualContacts (evalmachine.<anonymous>:3590:9) <- at evalmachine.<anonymous>:5385:68",
      "i": 214
    },
    {
      "id": 60,
      "key": "y",
      "old": 6.012689811335626,
      "next": 6.0127875082930755,
      "pileClock": 28.458333333333762,
      "state": "RESOLVING",
      "phase": "SETTLE",
      "d": 0.984719913075734,
      "stack": "at Object.set [as y] (evalmachine.<anonymous>:8129:423) <- at shift (evalmachine.<anonymous>:2016:18) <- at solvePair (evalmachine.<anonymous>:2033:9) <- at resolveVisualContacts (evalmachine.<anonymous>:2059:43) <- at resolveVisualContacts (evalmachine.<anonymous>:3590:9) <- at evalmachine.<anonymous>:5385:68",
      "i": 215
    },
    {
      "id": 60,
      "key": "x",
      "old": 2.999877355963351,
      "next": 2.9845972935085596,
      "pileClock": 28.458333333333762,
      "state": "RESOLVING",
      "phase": "SETTLE",
      "d": 0.992359932162605,
      "stack": "at Object.set [as x] (evalmachine.<anonymous>:8129:423) <- at shift (evalmachine.<anonymous>:2013:14) <- at solvePair (evalmachine.<anonymous>:2032:9) <- at resolveVisualContacts (evalmachine.<anonymous>:2059:43) <- at resolveVisualContacts (evalmachine.<anonymous>:3590:9) <- at evalmachine.<anonymous>:5385:68",
      "i": 216
    },
    {
      "id": 60,
      "key": "y",
      "old": 6.0127875082930755,
      "next": 6.01280329637724,
      "pileClock": 28.458333333333762,
      "state": "RESOLVING",
      "phase": "SETTLE",
      "d": 0.9923599565378671,
      "stack": "at Object.set [as y] (evalmachine.<anonymous>:8129:423) <- at shift (evalmachine.<anonymous>:2016:18) <- at solvePair (evalmachine.<anonymous>:2032:9) <- at resolveVisualContacts (evalmachine.<anonymous>:2059:43) <- at resolveVisualContacts (evalmachine.<anonymous>:3590:9) <- at evalmachine.<anonymous>:5385:68",
      "i": 217
    },
    {
      "id": 58,
      "key": "x",
      "old": 4.969314028261152,
      "next": 4.984594115185418,
      "pileClock": 28.458333333333762,
      "state": "RESOLVING",
      "phase": "SETTLE",
      "d": 0.9999999878587363,
      "stack": "at Object.set [as x] (evalmachine.<anonymous>:8129:423) <- at shift (evalmachine.<anonymous>:2013:14) <- at solvePair (evalmachine.<anonymous>:2033:9) <- at resolveVisualContacts (evalmachine.<anonymous>:2059:43) <- at resolveVisualContacts (evalmachine.<anonymous>:3590:9) <- at evalmachine.<anonymous>:5385:68",
      "i": 218
    },
    {
      "id": 58,
      "key": "x",
      "old": 4.984594115185418,
      "next": 4.984594139467945,
      "pileClock": 28.458333333333762,
      "state": "RESOLVING",
      "phase": "SETTLE",
      "d": 0.9999999999999808,
      "stack": "at Object.set [as x] (evalmachine.<anonymous>:8129:423) <- at shift (evalmachine.<anonymous>:2013:14) <- at solvePair (evalmachine.<anonymous>:2040:25) <- at resolveVisualContacts (evalmachine.<anonymous>:2059:43) <- at resolveVisualContacts (evalmachine.<anonymous>:3590:9) <- at evalmachine.<anonymous>:5385:68",
      "i": 219
    },
    {
      "id": 58,
      "key": "x",
      "old": 4.984594139467945,
      "next": 4.976297018425809,
      "pileClock": 28.458333333333762,
      "state": "RESOLVING",
      "phase": "SETTLE",
      "d": 0.9958514460485313,
      "stack": "at Object.set [as x] (evalmachine.<anonymous>:8129:423) <- at shift (evalmachine.<anonymous>:2013:14) <- at solvePair (evalmachine.<anonymous>:2032:9) <- at resolveVisualContacts (evalmachine.<anonymous>:2059:43) <- at resolveVisualContacts (evalmachine.<anonymous>:3590:9) <- at evalmachine.<anonymous>:5385:68",
      "i": 220
    },
    {
      "id": 58,
      "key": "x",
      "old": 4.976297018425809,
      "next": 4.972242681746854,
      "pileClock": 28.458333333333762,
      "state": "RESOLVING",
      "phase": "SETTLE",
      "d": 0.9938242809392055,
      "stack": "at Object.set [as x] (evalmachine.<anonymous>:8129:423) <- at shift (evalmachine.<anonymous>:2013:14) <- at solvePair (evalmachine.<anonymous>:2040:25) <- at resolveVisualContacts (evalmachine.<anonymous>:2059:43) <- at resolveVisualContacts (evalmachine.<anonymous>:3590:9) <- at evalmachine.<anonymous>:5385:68",
      "i": 221
    },
    {
      "id": 58,
      "key": "x",
      "old": 4.972242681746854,
      "next": 4.970270810094675,
      "pileClock": 28.458333333333762,
      "state": "RESOLVING",
      "phase": "SETTLE",
      "d": 0.9928383466889039,
      "stack": "at Object.set [as x] (evalmachine.<anonymous>:8129:423) <- at shift (evalmachine.<anonymous>:2013:14) <- at solvePair (evalmachine.<anonymous>:2040:25) <- at resolveVisualContacts (evalmachine.<anonymous>:2059:43) <- at resolveVisualContacts (evalmachine.<anonymous>:3590:9) <- at evalmachine.<anonymous>:5385:68",
      "i": 222
    },
    {
      "id": 58,
      "key": "x",
      "old": 4.970270810094675,
      "next": 4.96931395644977,
      "pileClock": 28.458333333333762,
      "state": "RESOLVING",
      "phase": "SETTLE",
      "d": 0.9923599206322331,
      "stack": "at Object.set [as x] (evalmachine.<anonymous>:8129:423) <- at shift (evalmachine.<anonymous>:2013:14) <- at solvePair (evalmachine.<anonymous>:2040:25) <- at resolveVisualContacts (evalmachine.<anonymous>:2059:43) <- at resolveVisualContacts (evalmachine.<anonymous>:3590:9) <- at evalmachine.<anonymous>:5385:68",
      "i": 223
    },
    {
      "id": 60,
      "key": "x",
      "old": 2.9845972935085596,
      "next": 2.999875152630563,
      "pileClock": 28.458333333333762,
      "state": "RESOLVING",
      "phase": "SETTLE",
      "d": 0.9847210033990824,
      "stack": "at Object.set [as x] (evalmachine.<anonymous>:8129:423) <- at shift (evalmachine.<anonymous>:2013:14) <- at solvePair (evalmachine.<anonymous>:2033:9) <- at resolveVisualContacts (evalmachine.<anonymous>:2059:43) <- at resolveVisualContacts (evalmachine.<anonymous>:3590:9) <- at evalmachine.<anonymous>:5385:68",
      "i": 224
    },
    {
      "id": 60,
      "key": "y",
      "old": 6.01280329637724,
      "next": 6.012901858921383,
      "pileClock": 28.458333333333762,
      "state": "RESOLVING",
      "phase": "SETTLE",
      "d": 0.9847211610425727,
      "stack": "at Object.set [as y] (evalmachine.<anonymous>:8129:423) <- at shift (evalmachine.<anonymous>:2016:18) <- at solvePair (evalmachine.<anonymous>:2033:9) <- at resolveVisualContacts (evalmachine.<anonymous>:2059:43) <- at resolveVisualContacts (evalmachine.<anonymous>:3590:9) <- at evalmachine.<anonymous>:5385:68",
      "i": 225
    },
    {
      "id": 60,
      "key": "x",
      "old": 2.999875152630563,
      "next": 2.984596340967674,
      "pileClock": 28.458333333333762,
      "state": "RESOLVING",
      "phase": "SETTLE",
      "d": 0.9923605533318319,
      "stack": "at Object.set [as x] (evalmachine.<anonymous>:8129:423) <- at shift (evalmachine.<anonymous>:2013:14) <- at solvePair (evalmachine.<anonymous>:2032:9) <- at resolveVisualContacts (evalmachine.<anonymous>:2059:43) <- at resolveVisualContacts (evalmachine.<anonymous>:3590:9) <- at evalmachine.<anonymous>:5385:68",
      "i": 226
    },
    {
      "id": 60,
      "key": "y",
      "old": 6.012901858921383,
      "next": 6.012918532822767,
      "pileClock": 28.458333333333762,
      "state": "RESOLVING",
      "phase": "SETTLE",
      "d": 0.9923605805212864,
      "stack": "at Object.set [as y] (evalmachine.<anonymous>:8129:423) <- at shift (evalmachine.<anonymous>:2016:18) <- at solvePair (evalmachine.<anonymous>:2032:9) <- at resolveVisualContacts (evalmachine.<anonymous>:2059:43) <- at resolveVisualContacts (evalmachine.<anonymous>:3590:9) <- at evalmachine.<anonymous>:5385:68",
      "i": 227
    },
    {
      "id": 58,
      "key": "x",
      "old": 4.96931395644977,
      "next": 4.984592795407197,
      "pileClock": 28.458333333333762,
      "state": "RESOLVING",
      "phase": "SETTLE",
      "d": 0.9999999864569881,
      "stack": "at Object.set [as x] (evalmachine.<anonymous>:8129:423) <- at shift (evalmachine.<anonymous>:2013:14) <- at solvePair (evalmachine.<anonymous>:2033:9) <- at resolveVisualContacts (evalmachine.<anonymous>:2059:43) <- at resolveVisualContacts (evalmachine.<anonymous>:3590:9) <- at evalmachine.<anonymous>:5385:68",
      "i": 228
    },
    {
      "id": 58,
      "key": "x",
      "old": 4.984592795407197,
      "next": 4.984592822493221,
      "pileClock": 28.458333333333762,
      "state": "RESOLVING",
      "phase": "SETTLE",
      "d": 0.9999999999999761,
      "stack": "at Object.set [as x] (evalmachine.<anonymous>:8129:423) <- at shift (evalmachine.<anonymous>:2013:14) <- at solvePair (evalmachine.<anonymous>:2040:25) <- at resolveVisualContacts (evalmachine.<anonymous>:2059:43) <- at resolveVisualContacts (evalmachine.<anonymous>:3590:9) <- at evalmachine.<anonymous>:5385:68",
      "i": 229
    },
    {
      "id": 58,
      "key": "x",
      "old": 4.984592822493221,
      "next": 4.976296372868749,
      "pileClock": 28.458333333333762,
      "state": "RESOLVING",
      "phase": "SETTLE",
      "d": 0.99585178251585,
      "stack": "at Object.set [as x] (evalmachine.<anonymous>:8129:423) <- at shift (evalmachine.<anonymous>:2013:14) <- at solvePair (evalmachine.<anonymous>:2032:9) <- at resolveVisualContacts (evalmachine.<anonymous>:2059:43) <- at resolveVisualContacts (evalmachine.<anonymous>:3590:9) <- at evalmachine.<anonymous>:5385:68",
      "i": 230
    },
    {
      "id": 58,
      "key": "x",
      "old": 4.976296372868749,
      "next": 4.972242367290411,
      "pileClock": 28.458333333333762,
      "state": "RESOLVING",
      "phase": "SETTLE",
      "d": 0.993824783329764,
      "stack": "at Object.set [as x] (evalmachine.<anonymous>:8129:423) <- at shift (evalmachine.<anonymous>:2013:14) <- at solvePair (evalmachine.<anonymous>:2040:25) <- at resolveVisualContacts (evalmachine.<anonymous>:2059:43) <- at resolveVisualContacts (evalmachine.<anonymous>:3590:9) <- at evalmachine.<anonymous>:5385:68",
      "i": 231
    },
    {
      "id": 58,
      "key": "x",
      "old": 4.972242367290411,
      "next": 4.970270657390183,
      "pileClock": 28.458333333333762,
      "state": "RESOLVING",
      "phase": "SETTLE",
      "d": 0.9928389301373663,
      "stack": "at Object.set [as x] (evalmachine.<anonymous>:8129:423) <- at shift (evalmachine.<anonymous>:2013:14) <- at solvePair (evalmachine.<anonymous>:2040:25) <- at resolveVisualContacts (evalmachine.<anonymous>:2059:43) <- at resolveVisualContacts (evalmachine.<anonymous>:3590:9) <- at evalmachine.<anonymous>:5385:68",
      "i": 232
    },
    {
      "id": 58,
      "key": "x",
      "old": 4.970270657390183,
      "next": 4.969313882405052,
      "pileClock": 28.458333333333762,
      "state": "RESOLVING",
      "phase": "SETTLE",
      "d": 0.9923605434989935,
      "stack": "at Object.set [as x] (evalmachine.<anonymous>:8129:423) <- at shift (evalmachine.<anonymous>:2013:14) <- at solvePair (evalmachine.<anonymous>:2040:25) <- at resolveVisualContacts (evalmachine.<anonymous>:2059:43) <- at resolveVisualContacts (evalmachine.<anonymous>:3590:9) <- at evalmachine.<anonymous>:5385:68",
      "i": 233
    },
    {
      "id": 60,
      "key": "x",
      "old": 2.984596340967674,
      "next": 2.999872895225096,
      "pileClock": 28.458333333333762,
      "state": "RESOLVING",
      "phase": "SETTLE",
      "d": 0.9847222801213549,
      "stack": "at Object.set [as x] (evalmachine.<anonymous>:8129:423) <- at shift (evalmachine.<anonymous>:2013:14) <- at solvePair (evalmachine.<anonymous>:2033:9) <- at resolveVisualContacts (evalmachine.<anonymous>:2059:43) <- at resolveVisualContacts (evalmachine.<anonymous>:3590:9) <- at evalmachine.<anonymous>:5385:68",
      "i": 234
    },
    {
      "id": 60,
      "key": "y",
      "old": 6.012918532822767,
      "next": 6.013017974035834,
      "pileClock": 28.458333333333762,
      "state": "RESOLVING",
      "phase": "SETTLE",
      "d": 0.9847224479310569,
      "stack": "at Object.set [as y] (evalmachine.<anonymous>:8129:423) <- at shift (evalmachine.<anonymous>:2016:18) <- at solvePair (evalmachine.<anonymous>:2033:9) <- at resolveVisualContacts (evalmachine.<anonymous>:2059:43) <- at resolveVisualContacts (evalmachine.<anonymous>:3590:9) <- at evalmachine.<anonymous>:5385:68",
      "i": 235
    },
    {
      "id": 60,
      "key": "x",
      "old": 2.999872895225096,
      "next": 2.9845953734769277,
      "pileClock": 28.458333333333762,
      "state": "RESOLVING",
      "phase": "SETTLE",
      "d": 0.9923611937614815,
      "stack": "at Object.set [as x] (evalmachine.<anonymous>:8129:423) <- at shift (evalmachine.<anonymous>:2013:14) <- at solvePair (evalmachine.<anonymous>:2032:9) <- at resolveVisualContacts (evalmachine.<anonymous>:2059:43) <- at resolveVisualContacts (evalmachine.<anonymous>:3590:9) <- at evalmachine.<anonymous>:5385:68",
      "i": 236
    },
    {
      "id": 60,
      "key": "y",
      "old": 6.013017974035834,
      "next": 6.013035547249471,
      "pileClock": 28.458333333333762,
      "state": "RESOLVING",
      "phase": "SETTLE",
      "d": 0.9923612239655285,
      "stack": "at Object.set [as y] (evalmachine.<anonymous>:8129:423) <- at shift (evalmachine.<anonymous>:2016:18) <- at solvePair (evalmachine.<anonymous>:2032:9) <- at resolveVisualContacts (evalmachine.<anonymous>:2059:43) <- at resolveVisualContacts (evalmachine.<anonymous>:3590:9) <- at evalmachine.<anonymous>:5385:68",
      "i": 237
    },
    {
      "id": 58,
      "key": "x",
      "old": 4.969313882405052,
      "next": 4.9845914344739946,
      "pileClock": 28.458333333333762,
      "state": "RESOLVING",
      "phase": "SETTLE",
      "d": 0.9999999849554191,
      "stack": "at Object.set [as x] (evalmachine.<anonymous>:8129:423) <- at shift (evalmachine.<anonymous>:2013:14) <- at solvePair (evalmachine.<anonymous>:2033:9) <- at resolveVisualContacts (evalmachine.<anonymous>:2059:43) <- at resolveVisualContacts (evalmachine.<anonymous>:3590:9) <- at evalmachine.<anonymous>:5385:68",
      "i": 238
    },
    {
      "id": 58,
      "key": "x",
      "old": 4.9845914344739946,
      "next": 4.984591464563156,
      "pileClock": 28.458333333333762,
      "state": "RESOLVING",
      "phase": "SETTLE",
      "d": 0.9999999999999704,
      "stack": "at Object.set [as x] (evalmachine.<anonymous>:8129:423) <- at shift (evalmachine.<anonymous>:2013:14) <- at solvePair (evalmachine.<anonymous>:2040:25) <- at resolveVisualContacts (evalmachine.<anonymous>:2059:43) <- at resolveVisualContacts (evalmachine.<anonymous>:3590:9) <- at evalmachine.<anonymous>:5385:68",
      "i": 239
    },
    {
      "id": 58,
      "key": "x",
      "old": 4.984591464563156,
      "next": 4.976295707236801,
      "pileClock": 28.458333333333762,
      "state": "RESOLVING",
      "phase": "SETTLE",
      "d": 0.9958521294774091,
      "stack": "at Object.set [as x] (evalmachine.<anonymous>:8129:423) <- at shift (evalmachine.<anonymous>:2013:14) <- at solvePair (evalmachine.<anonymous>:2032:9) <- at resolveVisualContacts (evalmachine.<anonymous>:2059:43) <- at resolveVisualContacts (evalmachine.<anonymous>:3590:9) <- at evalmachine.<anonymous>:5385:68",
      "i": 240
    },
    {
      "id": 58,
      "key": "x",
      "old": 4.976295707236801,
      "next": 4.972242043055478,
      "pileClock": 28.458333333333762,
      "state": "RESOLVING",
      "phase": "SETTLE",
      "d": 0.9938253013893179,
      "stack": "at Object.set [as x] (evalmachine.<anonymous>:8129:423) <- at shift (evalmachine.<anonymous>:2013:14) <- at solvePair (evalmachine.<anonymous>:2040:25) <- at resolveVisualContacts (evalmachine.<anonymous>:2059:43) <- at resolveVisualContacts (evalmachine.<anonymous>:3590:9) <- at evalmachine.<anonymous>:5385:68",
      "i": 241
    },
    {
      "id": 58,
      "key": "x",
      "old": 4.972242043055478,
      "next": 4.970270499937156,
      "pileClock": 28.458333333333762,
      "state": "RESOLVING",
      "phase": "SETTLE",
      "d": 0.9928395317827567,
      "stack": "at Object.set [as x] (evalmachine.<anonymous>:8129:423) <- at shift (evalmachine.<anonymous>:2013:14) <- at solvePair (evalmachine.<anonymous>:2040:25) <- at resolveVisualContacts (evalmachine.<anonymous>:2059:43) <- at resolveVisualContacts (evalmachine.<anonymous>:3590:9) <- at evalmachine.<anonymous>:5385:68",
      "i": 242
    },
    {
      "id": 58,
      "key": "x",
      "old": 4.970270499937156,
      "next": 4.96931380605783,
      "pileClock": 28.458333333333762,
      "state": "RESOLVING",
      "phase": "SETTLE",
      "d": 0.9923611857919933,
      "stack": "at Object.set [as x] (evalmachine.<anonymous>:8129:423) <- at shift (evalmachine.<anonymous>:2013:14) <- at solvePair (evalmachine.<anonymous>:2040:25) <- at resolveVisualContacts (evalmachine.<anonymous>:2059:43) <- at resolveVisualContacts (evalmachine.<anonymous>:3590:9) <- at evalmachine.<anonymous>:5385:68",
      "i": 243
    },
    {
      "id": 60,
      "key": "x",
      "old": 2.9845953734769277,
      "next": 2.999870582297352,
      "pileClock": 28.458333333333762,
      "state": "RESOLVING",
      "phase": "SETTLE",
      "d": 0.9847235966574115,
      "stack": "at Object.set [as x] (evalmachine.<anonymous>:8129:423) <- at shift (evalmachine.<anonymous>:2013:14) <- at solvePair (evalmachine.<anonymous>:2033:9) <- at resolveVisualContacts (evalmachine.<anonymous>:2059:43) <- at resolveVisualContacts (evalmachine.<anonymous>:3590:9) <- at evalmachine.<anonymous>:5385:68",
      "i": 244
    },
    {
      "id": 60,
      "key": "y",
      "old": 6.013035547249471,
      "next": 6.013135880399989,
      "pileClock": 28.458333333333762,
      "state": "RESOLVING",
      "phase": "SETTLE",
      "d": 0.9847237749480536,
      "stack": "at Object.set [as y] (evalmachine.<anonymous>:8129:423) <- at shift (evalmachine.<anonymous>:2016:18) <- at solvePair (evalmachine.<anonymous>:2033:9) <- at resolveVisualContacts (evalmachine.<anonymous>:2059:43) <- at resolveVisualContacts (evalmachine.<anonymous>:3590:9) <- at evalmachine.<anonymous>:5385:68",
      "i": 245
    },
    {
      "id": 60,
      "key": "x",
      "old": 2.999870582297352,
      "next": 2.9845943908015276,
      "pileClock": 28.458333333333762,
      "state": "RESOLVING",
      "phase": "SETTLE",
      "d": 0.9923618540470802,
      "stack": "at Object.set [as x] (evalmachine.<anonymous>:8129:423) <- at shift (evalmachine.<anonymous>:2013:14) <- at solvePair (evalmachine.<anonymous>:2032:9) <- at resolveVisualContacts (evalmachine.<anonymous>:2059:43) <- at resolveVisualContacts (evalmachine.<anonymous>:3590:9) <- at evalmachine.<anonymous>:5385:68",
      "i": 246
    },
    {
      "id": 60,
      "key": "y",
      "old": 6.013135880399989,
      "next": 6.01315436661652,
      "pileClock": 28.458333333333762,
      "state": "RESOLVING",
      "phase": "SETTLE",
      "d": 0.9923618874740268,
      "stack": "at Object.set [as y] (evalmachine.<anonymous>:8129:423) <- at shift (evalmachine.<anonymous>:2016:18) <- at solvePair (evalmachine.<anonymous>:2032:9) <- at resolveVisualContacts (evalmachine.<anonymous>:2059:43) <- at resolveVisualContacts (evalmachine.<anonymous>:3590:9) <- at evalmachine.<anonymous>:5385:68",
      "i": 247
    },
    {
      "id": 58,
      "key": "x",
      "old": 4.96931380605783,
      "next": 4.984590031109776,
      "pileClock": 28.458333333333762,
      "state": "RESOLVING",
      "phase": "SETTLE",
      "d": 0.9999999833500913,
      "stack": "at Object.set [as x] (evalmachine.<anonymous>:8129:423) <- at shift (evalmachine.<anonymous>:2013:14) <- at solvePair (evalmachine.<anonymous>:2033:9) <- at resolveVisualContacts (evalmachine.<anonymous>:2059:43) <- at resolveVisualContacts (evalmachine.<anonymous>:3590:9) <- at evalmachine.<anonymous>:5385:68",
      "i": 248
    },
    {
      "id": 58,
      "key": "x",
      "old": 4.984590031109776,
      "next": 4.984590064409593,
      "pileClock": 28.458333333333762,
      "state": "RESOLVING",
      "phase": "SETTLE",
      "d": 0.9999999999999639,
      "stack": "at Object.set [as x] (evalmachine.<anonymous>:8129:423) <- at shift (evalmachine.<anonymous>:2013:14) <- at solvePair (evalmachine.<anonymous>:2040:25) <- at resolveVisualContacts (evalmachine.<anonymous>:2059:43) <- at resolveVisualContacts (evalmachine.<anonymous>:3590:9) <- at evalmachine.<anonymous>:5385:68",
      "i": 249
    },
    {
      "id": 58,
      "key": "x",
      "old": 4.984590064409593,
      "next": 4.9762950209084,
      "pileClock": 28.458333333333762,
      "state": "RESOLVING",
      "phase": "SETTLE",
      "d": 0.9958524872586356,
      "stack": "at Object.set [as x] (evalmachine.<anonymous>:8129:423) <- at shift (evalmachine.<anonymous>:2013:14) <- at solvePair (evalmachine.<anonymous>:2032:9) <- at resolveVisualContacts (evalmachine.<anonymous>:2059:43) <- at resolveVisualContacts (evalmachine.<anonymous>:3590:9) <- at evalmachine.<anonymous>:5385:68",
      "i": 250
    },
    {
      "id": 58,
      "key": "x",
      "old": 4.9762950209084,
      "next": 4.972241708739299,
      "pileClock": 28.458333333333762,
      "state": "RESOLVING",
      "phase": "SETTLE",
      "d": 0.9938258356037476,
      "stack": "at Object.set [as x] (evalmachine.<anonymous>:8129:423) <- at shift (evalmachine.<anonymous>:2013:14) <- at solvePair (evalmachine.<anonymous>:2040:25) <- at resolveVisualContacts (evalmachine.<anonymous>:2059:43) <- at resolveVisualContacts (evalmachine.<anonymous>:3590:9) <- at evalmachine.<anonymous>:5385:68",
      "i": 251
    },
    {
      "id": 58,
      "key": "x",
      "old": 4.972241708739299,
      "next": 4.970270337588574,
      "pileClock": 28.458333333333762,
      "state": "RESOLVING",
      "phase": "SETTLE",
      "d": 0.9928401521893349,
      "stack": "at Object.set [as x] (evalmachine.<anonymous>:8129:423) <- at shift (evalmachine.<anonymous>:2013:14) <- at solvePair (evalmachine.<anonymous>:2040:25) <- at resolveVisualContacts (evalmachine.<anonymous>:2059:43) <- at resolveVisualContacts (evalmachine.<anonymous>:3590:9) <- at evalmachine.<anonymous>:5385:68",
      "i": 252
    },
    {
      "id": 58,
      "key": "x",
      "old": 4.970270337588574,
      "next": 4.969313727336818,
      "pileClock": 28.458333333333762,
      "state": "RESOLVING",
      "phase": "SETTLE",
      "d": 0.9923618481136071,
      "stack": "at Object.set [as x] (evalmachine.<anonymous>:8129:423) <- at shift (evalmachine.<anonymous>:2013:14) <- at solvePair (evalmachine.<anonymous>:2040:25) <- at resolveVisualContacts (evalmachine.<anonymous>:2059:43) <- at resolveVisualContacts (evalmachine.<anonymous>:3590:9) <- at evalmachine.<anonymous>:5385:68",
      "i": 253
    },
    {
      "id": 60,
      "key": "x",
      "old": 2.9845943908015276,
      "next": 2.999868212356857,
      "pileClock": 28.458333333333762,
      "state": "RESOLVING",
      "phase": "SETTLE",
      "d": 0.9847249542414641,
      "stack": "at Object.set [as x] (evalmachine.<anonymous>:8129:423) <- at shift (evalmachine.<anonymous>:2013:14) <- at solvePair (evalmachine.<anonymous>:2033:9) <- at resolveVisualContacts (evalmachine.<anonymous>:2059:43) <- at resolveVisualContacts (evalmachine.<anonymous>:3590:9) <- at evalmachine.<anonymous>:5385:68",
      "i": 254
    },
    {
      "id": 60,
      "key": "y",
      "old": 6.01315436661652,
      "next": 6.0132556051614365,
      "pileClock": 28.458333333333762,
      "state": "RESOLVING",
      "phase": "SETTLE",
      "d": 0.9847251433374071,
      "stack": "at Object.set [as y] (evalmachine.<anonymous>:8129:423) <- at shift (evalmachine.<anonymous>:2016:18) <- at solvePair (evalmachine.<anonymous>:2033:9) <- at resolveVisualContacts (evalmachine.<anonymous>:2059:43) <- at resolveVisualContacts (evalmachine.<anonymous>:3590:9) <- at evalmachine.<anonymous>:5385:68",
      "i": 255
    },
    {
      "id": 60,
      "key": "x",
      "old": 2.999868212356857,
      "next": 2.9845933927030455,
      "pileClock": 28.458333333333762,
      "state": "RESOLVING",
      "phase": "SETTLE",
      "d": 0.99236253480238,
      "stack": "at Object.set [as x] (evalmachine.<anonymous>:8129:423) <- at shift (evalmachine.<anonymous>:2013:14) <- at solvePair (evalmachine.<anonymous>:2032:9) <- at resolveVisualContacts (evalmachine.<anonymous>:2059:43) <- at resolveVisualContacts (evalmachine.<anonymous>:3590:9) <- at evalmachine.<anonymous>:5385:68",
      "i": 256
    },
    {
      "id": 60,
      "key": "y",
      "old": 6.0132556051614365,
      "next": 6.013275018269459,
      "pileClock": 28.458333333333762,
      "state": "RESOLVING",
      "phase": "SETTLE",
      "d": 0.9923625716687037,
      "stack": "at Object.set [as y] (evalmachine.<anonymous>:8129:423) <- at shift (evalmachine.<anonymous>:2016:18) <- at solvePair (evalmachine.<anonymous>:2032:9) <- at resolveVisualContacts (evalmachine.<anonymous>:2059:43) <- at resolveVisualContacts (evalmachine.<anonymous>:3590:9) <- at evalmachine.<anonymous>:5385:68",
      "i": 257
    },
    {
      "id": 58,
      "key": "x",
      "old": 4.969313727336818,
      "next": 4.984588583999411,
      "pileClock": 28.458333333333762,
      "state": "RESOLVING",
      "phase": "SETTLE",
      "d": 0.9999999816369354,
      "stack": "at Object.set [as x] (evalmachine.<anonymous>:8129:423) <- at shift (evalmachine.<anonymous>:2013:14) <- at solvePair (evalmachine.<anonymous>:2033:9) <- at resolveVisualContacts (evalmachine.<anonymous>:2059:43) <- at resolveVisualContacts (evalmachine.<anonymous>:3590:9) <- at evalmachine.<anonymous>:5385:68",
      "i": 258
    },
    {
      "id": 58,
      "key": "x",
      "old": 4.984588583999411,
      "next": 4.984588620725541,
      "pileClock": 28.458333333333762,
      "state": "RESOLVING",
      "phase": "SETTLE",
      "d": 0.9999999999999563,
      "stack": "at Object.set [as x] (evalmachine.<anonymous>:8129:423) <- at shift (evalmachine.<anonymous>:2013:14) <- at solvePair (evalmachine.<anonymous>:2040:25) <- at resolveVisualContacts (evalmachine.<anonymous>:2059:43) <- at resolveVisualContacts (evalmachine.<anonymous>:3590:9) <- at evalmachine.<anonymous>:5385:68",
      "i": 259
    },
    {
      "id": 58,
      "key": "x",
      "old": 4.984588620725541,
      "next": 4.976294313242952,
      "pileClock": 28.458333333333762,
      "state": "RESOLVING",
      "phase": "SETTLE",
      "d": 0.995852856194931,
      "stack": "at Object.set [as x] (evalmachine.<anonymous>:8129:423) <- at shift (evalmachine.<anonymous>:2013:14) <- at solvePair (evalmachine.<anonymous>:2032:9) <- at resolveVisualContacts (evalmachine.<anonymous>:2059:43) <- at resolveVisualContacts (evalmachine.<anonymous>:3590:9) <- at evalmachine.<anonymous>:5385:68",
      "i": 260
    },
    {
      "id": 58,
      "key": "x",
      "old": 4.976294313242952,
      "next": 4.97224136402985,
      "pileClock": 28.458333333333762,
      "state": "RESOLVING",
      "phase": "SETTLE",
      "d": 0.9938263864738222,
      "stack": "at Object.set [as x] (evalmachine.<anonymous>:8129:423) <- at shift (evalmachine.<anonymous>:2013:14) <- at solvePair (evalmachine.<anonymous>:2040:25) <- at resolveVisualContacts (evalmachine.<anonymous>:2059:43) <- at resolveVisualContacts (evalmachine.<anonymous>:3590:9) <- at evalmachine.<anonymous>:5385:68",
      "i": 261
    },
    {
      "id": 58,
      "key": "x",
      "old": 4.97224136402985,
      "next": 4.97027017019292,
      "pileClock": 28.458333333333762,
      "state": "RESOLVING",
      "phase": "SETTLE",
      "d": 0.992840791938651,
      "stack": "at Object.set [as x] (evalmachine.<anonymous>:8129:423) <- at shift (evalmachine.<anonymous>:2013:14) <- at solvePair (evalmachine.<anonymous>:2040:25) <- at resolveVisualContacts (evalmachine.<anonymous>:2059:43) <- at resolveVisualContacts (evalmachine.<anonymous>:3590:9) <- at evalmachine.<anonymous>:5385:68",
      "i": 262
    },
    {
      "id": 58,
      "key": "x",
      "old": 4.97027017019292,
      "next": 4.969313646168548,
      "pileClock": 28.458333333333762,
      "state": "RESOLVING",
      "phase": "SETTLE",
      "d": 0.9923625310846668,
      "stack": "at Object.set [as x] (evalmachine.<anonymous>:8129:423) <- at shift (evalmachine.<anonymous>:2013:14) <- at solvePair (evalmachine.<anonymous>:2040:25) <- at resolveVisualContacts (evalmachine.<anonymous>:2059:43) <- at resolveVisualContacts (evalmachine.<anonymous>:3590:9) <- at evalmachine.<anonymous>:5385:68",
      "i": 263
    },
    {
      "id": 60,
      "key": "x",
      "old": 2.9845933927030455,
      "next": 2.999865783871091,
      "pileClock": 28.458333333333762,
      "state": "RESOLVING",
      "phase": "SETTLE",
      "d": 0.984726354145521,
      "stack": "at Object.set [as x] (evalmachine.<anonymous>:8129:423) <- at shift (evalmachine.<anonymous>:2013:14) <- at solvePair (evalmachine.<anonymous>:2033:9) <- at resolveVisualContacts (evalmachine.<anonymous>:2059:43) <- at resolveVisualContacts (evalmachine.<anonymous>:3590:9) <- at evalmachine.<anonymous>:5385:68",
      "i": 264
    },
    {
      "id": 60,
      "key": "y",
      "old": 6.013275018269459,
      "next": 6.013377175856257,
      "pileClock": 28.458333333333762,
      "state": "RESOLVING",
      "phase": "SETTLE",
      "d": 0.9847265543810468,
      "stack": "at Object.set [as y] (evalmachine.<anonymous>:8129:423) <- at shift (evalmachine.<anonymous>:2016:18) <- at solvePair (evalmachine.<anonymous>:2033:9) <- at resolveVisualContacts (evalmachine.<anonymous>:2059:43) <- at resolveVisualContacts (evalmachine.<anonymous>:3590:9) <- at evalmachine.<anonymous>:5385:68",
      "i": 265
    },
    {
      "id": 60,
      "key": "x",
      "old": 2.999865783871091,
      "next": 2.984592378939368,
      "pileClock": 28.458333333333762,
      "state": "RESOLVING",
      "phase": "SETTLE",
      "d": 0.9923632366599002,
      "stack": "at Object.set [as x] (evalmachine.<anonymous>:8129:423) <- at shift (evalmachine.<anonymous>:2013:14) <- at solvePair (evalmachine.<anonymous>:2032:9) <- at resolveVisualContacts (evalmachine.<anonymous>:2059:43) <- at resolveVisualContacts (evalmachine.<anonymous>:3590:9) <- at evalmachine.<anonymous>:5385:68",
      "i": 266
    },
    {
      "id": 60,
      "key": "y",
      "old": 6.013377175856257,
      "next": 6.013397529944668,
      "pileClock": 28.458333333333762,
      "state": "RESOLVING",
      "phase": "SETTLE",
      "d": 0.9923632771905234,
      "stack": "at Object.set [as y] (evalmachine.<anonymous>:8129:423) <- at shift (evalmachine.<anonymous>:2016:18) <- at solvePair (evalmachine.<anonymous>:2032:9) <- at resolveVisualContacts (evalmachine.<anonymous>:2059:43) <- at resolveVisualContacts (evalmachine.<anonymous>:3590:9) <- at evalmachine.<anonymous>:5385:68",
      "i": 267
    },
    {
      "id": 58,
      "key": "x",
      "old": 4.969313646168548,
      "next": 4.984587091787501,
      "pileClock": 28.458333333333762,
      "state": "RESOLVING",
      "phase": "SETTLE",
      "d": 0.9999999798117432,
      "stack": "at Object.set [as x] (evalmachine.<anonymous>:8129:423) <- at shift (evalmachine.<anonymous>:2013:14) <- at solvePair (evalmachine.<anonymous>:2033:9) <- at resolveVisualContacts (evalmachine.<anonymous>:2059:43) <- at resolveVisualContacts (evalmachine.<anonymous>:3590:9) <- at evalmachine.<anonymous>:5385:68",
      "i": 268
    },
    {
      "id": 58,
      "key": "x",
      "old": 4.984587091787501,
      "next": 4.984587132164014,
      "pileClock": 28.458333333333762,
      "state": "RESOLVING",
      "phase": "SETTLE",
      "d": 0.999999999999947,
      "stack": "at Object.set [as x] (evalmachine.<anonymous>:8129:423) <- at shift (evalmachine.<anonymous>:2013:14) <- at solvePair (evalmachine.<anonymous>:2040:25) <- at resolveVisualContacts (evalmachine.<anonymous>:2059:43) <- at resolveVisualContacts (evalmachine.<anonymous>:3590:9) <- at evalmachine.<anonymous>:5385:68",
      "i": 269
    },
    {
      "id": 58,
      "key": "x",
      "old": 4.984587132164014,
      "next": 4.9762935835802615,
      "pileClock": 28.458333333333762,
      "state": "RESOLVING",
      "phase": "SETTLE",
      "d": 0.9958532366319657,
      "stack": "at Object.set [as x] (evalmachine.<anonymous>:8129:423) <- at shift (evalmachine.<anonymous>:2013:14) <- at solvePair (evalmachine.<anonymous>:2032:9) <- at resolveVisualContacts (evalmachine.<anonymous>:2059:43) <- at resolveVisualContacts (evalmachine.<anonymous>:3590:9) <- at evalmachine.<anonymous>:5385:68",
      "i": 270
    },
    {
      "id": 58,
      "key": "x",
      "old": 4.9762935835802615,
      "next": 4.972241008605566,
      "pileClock": 28.458333333333762,
      "state": "RESOLVING",
      "phase": "SETTLE",
      "d": 0.9938269545156464,
      "stack": "at Object.set [as x] (evalmachine.<anonymous>:8129:423) <- at shift (evalmachine.<anonymous>:2013:14) <- at solvePair (evalmachine.<anonymous>:2040:25) <- at resolveVisualContacts (evalmachine.<anonymous>:2059:43) <- at resolveVisualContacts (evalmachine.<anonymous>:3590:9) <- at evalmachine.<anonymous>:5385:68",
      "i": 271
    },
    {
      "id": 58,
      "key": "x",
      "old": 4.972241008605566,
      "next": 4.97026999759404,
      "pileClock": 28.458333333333762,
      "state": "RESOLVING",
      "phase": "SETTLE",
      "d": 0.9928414516300615,
      "stack": "at Object.set [as x] (evalmachine.<anonymous>:8129:423) <- at shift (evalmachine.<anonymous>:2013:14) <- at solvePair (evalmachine.<anonymous>:2040:25) <- at resolveVisualContacts (evalmachine.<anonymous>:2059:43) <- at resolveVisualContacts (evalmachine.<anonymous>:3590:9) <- at evalmachine.<anonymous>:5385:68",
      "i": 272
    },
    {
      "id": 58,
      "key": "x",
      "old": 4.97026999759404,
      "next": 4.969313562477302,
      "pileClock": 28.458333333333762,
      "state": "RESOLVING",
      "phase": "SETTLE",
      "d": 0.992363235345012,
      "stack": "at Object.set [as x] (evalmachine.<anonymous>:8129:423) <- at shift (evalmachine.<anonymous>:2013:14) <- at solvePair (evalmachine.<anonymous>:2040:25) <- at resolveVisualContacts (evalmachine.<anonymous>:2059:43) <- at resolveVisualContacts (evalmachine.<anonymous>:3590:9) <- at evalmachine.<anonymous>:5385:68",
      "i": 273
    },
    {
      "id": 60,
      "key": "x",
      "old": 2.984592378939368,
      "next": 2.9998632952642925,
      "pileClock": 28.458333333333762,
      "state": "RESOLVING",
      "phase": "SETTLE",
      "d": 0.9847277976805132,
      "stack": "at Object.set [as x] (evalmachine.<anonymous>:8129:423) <- at shift (evalmachine.<anonymous>:2013:14) <- at solvePair (evalmachine.<anonymous>:2033:9) <- at resolveVisualContacts (evalmachine.<anonymous>:2059:43) <- at resolveVisualContacts (evalmachine.<anonymous>:3590:9) <- at evalmachine.<anonymous>:5385:68",
      "i": 274
    },
    {
      "id": 60,
      "key": "y",
      "old": 6.013397529944668,
      "next": 6.01350062041348,
      "pileClock": 28.458333333333762,
      "state": "RESOLVING",
      "phase": "SETTLE",
      "d": 0.9847280094001203,
      "stack": "at Object.set [as y] (evalmachine.<anonymous>:8129:423) <- at shift (evalmachine.<anonymous>:2016:18) <- at solvePair (evalmachine.<anonymous>:2033:9) <- at resolveVisualContacts (evalmachine.<anonymous>:2059:43) <- at resolveVisualContacts (evalmachine.<anonymous>:3590:9) <- at evalmachine.<anonymous>:5385:68",
      "i": 275
    },
    {
      "id": 60,
      "key": "x",
      "old": 2.9998632952642925,
      "next": 2.9845913492646403,
      "pileClock": 28.458333333333762,
      "state": "RESOLVING",
      "phase": "SETTLE",
      "d": 0.9923639602714903,
      "stack": "at Object.set [as x] (evalmachine.<anonymous>:8129:423) <- at shift (evalmachine.<anonymous>:2013:14) <- at solvePair (evalmachine.<anonymous>:2032:9) <- at resolveVisualContacts (evalmachine.<anonymous>:2059:43) <- at resolveVisualContacts (evalmachine.<anonymous>:3590:9) <- at evalmachine.<anonymous>:5385:68",
      "i": 276
    },
    {
      "id": 60,
      "key": "y",
      "old": 6.01350062041348,
      "next": 6.013521929773829,
      "pileClock": 28.458333333333762,
      "state": "RESOLVING",
      "phase": "SETTLE",
      "d": 0.99236400470006,
      "stack": "at Object.set [as y] (evalmachine.<anonymous>:8129:423) <- at shift (evalmachine.<anonymous>:2016:18) <- at solvePair (evalmachine.<anonymous>:2032:9) <- at resolveVisualContacts (evalmachine.<anonymous>:2059:43) <- at resolveVisualContacts (evalmachine.<anonymous>:3590:9) <- at evalmachine.<anonymous>:5385:68",
      "i": 277
    },
    {
      "id": 58,
      "key": "x",
      "old": 4.969313562477302,
      "next": 4.984585553077181,
      "pileClock": 28.458333333333762,
      "state": "RESOLVING",
      "phase": "SETTLE",
      "d": 0.9999999778701694,
      "stack": "at Object.set [as x] (evalmachine.<anonymous>:8129:423) <- at shift (evalmachine.<anonymous>:2013:14) <- at solvePair (evalmachine.<anonymous>:2033:9) <- at resolveVisualContacts (evalmachine.<anonymous>:2059:43) <- at resolveVisualContacts (evalmachine.<anonymous>:3590:9) <- at evalmachine.<anonymous>:5385:68",
      "i": 278
    },
    {
      "id": 58,
      "key": "x",
      "old": 4.984585553077181,
      "next": 4.984585597336843,
      "pileClock": 28.458333333333762,
      "state": "RESOLVING",
      "phase": "SETTLE",
      "d": 0.9999999999999367,
      "stack": "at Object.set [as x] (evalmachine.<anonymous>:8129:423) <- at shift (evalmachine.<anonymous>:2013:14) <- at solvePair (evalmachine.<anonymous>:2040:25) <- at resolveVisualContacts (evalmachine.<anonymous>:2059:43) <- at resolveVisualContacts (evalmachine.<anonymous>:3590:9) <- at evalmachine.<anonymous>:5385:68",
      "i": 279
    },
    {
      "id": 58,
      "key": "x",
      "old": 4.984585597336843,
      "next": 4.976292831239952,
      "pileClock": 28.458333333333762,
      "state": "RESOLVING",
      "phase": "SETTLE",
      "d": 0.9958536289259898,
      "stack": "at Object.set [as x] (evalmachine.<anonymous>:8129:423) <- at shift (evalmachine.<anonymous>:2013:14) <- at solvePair (evalmachine.<anonymous>:2032:9) <- at resolveVisualContacts (evalmachine.<anonymous>:2059:43) <- at resolveVisualContacts (evalmachine.<anonymous>:3590:9) <- at evalmachine.<anonymous>:5385:68",
      "i": 280
    },
    {
      "id": 58,
      "key": "x",
      "old": 4.976292831239952,
      "next": 4.972240642135045,
      "pileClock": 28.458333333333762,
      "state": "RESOLVING",
      "phase": "SETTLE",
      "d": 0.993827540261113,
      "stack": "at Object.set [as x] (evalmachine.<anonymous>:8129:423) <- at shift (evalmachine.<anonymous>:2013:14) <- at solvePair (evalmachine.<anonymous>:2040:25) <- at resolveVisualContacts (evalmachine.<anonymous>:2059:43) <- at resolveVisualContacts (evalmachine.<anonymous>:3590:9) <- at evalmachine.<anonymous>:5385:68",
      "i": 281
    },
    {
      "id": 58,
      "key": "x",
      "old": 4.972240642135045,
      "next": 4.970269819631006,
      "pileClock": 28.458333333333762,
      "state": "RESOLVING",
      "phase": "SETTLE",
      "d": 0.9928421318812607,
      "stack": "at Object.set [as x] (evalmachine.<anonymous>:8129:423) <- at shift (evalmachine.<anonymous>:2013:14) <- at solvePair (evalmachine.<anonymous>:2040:25) <- at resolveVisualContacts (evalmachine.<anonymous>:2059:43) <- at resolveVisualContacts (evalmachine.<anonymous>:3590:9) <- at evalmachine.<anonymous>:5385:68",
      "i": 282
    },
    {
      "id": 58,
      "key": "x",
      "old": 4.970269819631006,
      "next": 4.969313476185049,
      "pileClock": 28.458333333333762,
      "state": "RESOLVING",
      "phase": "SETTLE",
      "d": 0.9923639615540597,
      "stack": "at Object.set [as x] (evalmachine.<anonymous>:8129:423) <- at shift (evalmachine.<anonymous>:2013:14) <- at solvePair (evalmachine.<anonymous>:2040:25) <- at resolveVisualContacts (evalmachine.<anonymous>:2059:43) <- at resolveVisualContacts (evalmachine.<anonymous>:3590:9) <- at evalmachine.<anonymous>:5385:68",
      "i": 283
    },
    {
      "id": 60,
      "key": "x",
      "old": 2.9845913492646403,
      "next": 2.999860744916231,
      "pileClock": 28.458333333333762,
      "state": "RESOLVING",
      "phase": "SETTLE",
      "d": 0.9847292861974561,
      "stack": "at Object.set [as x] (evalmachine.<anonymous>:8129:423) <- at shift (evalmachine.<anonymous>:2013:14) <- at solvePair (evalmachine.<anonymous>:2033:9) <- at resolveVisualContacts (evalmachine.<anonymous>:2059:43) <- at resolveVisualContacts (evalmachine.<anonymous>:3590:9) <- at evalmachine.<anonymous>:5385:68",
      "i": 284
    },
    {
      "id": 60,
      "key": "y",
      "old": 6.013521929773829,
      "next": 6.013625967159544,
      "pileClock": 28.458333333333762,
      "state": "RESOLVING",
      "phase": "SETTLE",
      "d": 0.9847295097561631,
      "stack": "at Object.set [as y] (evalmachine.<anonymous>:8129:423) <- at shift (evalmachine.<anonymous>:2016:18) <- at solvePair (evalmachine.<anonymous>:2033:9) <- at resolveVisualContacts (evalmachine.<anonymous>:2059:43) <- at resolveVisualContacts (evalmachine.<anonymous>:3590:9) <- at evalmachine.<anonymous>:5385:68",
      "i": 285
    },
    {
      "id": 60,
      "key": "x",
      "old": 2.999860744916231,
      "next": 2.984590303429215,
      "pileClock": 28.458333333333762,
      "state": "RESOLVING",
      "phase": "SETTLE",
      "d": 0.9923647063089043,
      "stack": "at Object.set [as x] (evalmachine.<anonymous>:8129:423) <- at shift (evalmachine.<anonymous>:2013:14) <- at solvePair (evalmachine.<anonymous>:2032:9) <- at resolveVisualContacts (evalmachine.<anonymous>:2059:43) <- at resolveVisualContacts (evalmachine.<anonymous>:3590:9) <- at evalmachine.<anonymous>:5385:68",
      "i": 286
    },
    {
      "id": 60,
      "key": "y",
      "old": 6.013625967159544,
      "next": 6.013648246288383,
      "pileClock": 28.458333333333762,
      "state": "RESOLVING",
      "phase": "SETTLE",
      "d": 0.9923647548780817,
      "stack": "at Object.set [as y] (evalmachine.<anonymous>:8129:423) <- at shift (evalmachine.<anonymous>:2016:18) <- at solvePair (evalmachine.<anonymous>:2032:9) <- at resolveVisualContacts (evalmachine.<anonymous>:2059:43) <- at resolveVisualContacts (evalmachine.<anonymous>:3590:9) <- at evalmachine.<anonymous>:5385:68",
      "i": 287
    },
    {
      "id": 58,
      "key": "x",
      "old": 4.969313476185049,
      "next": 4.984583966428886,
      "pileClock": 28.458333333333762,
      "state": "RESOLVING",
      "phase": "SETTLE",
      "d": 0.9999999758077244,
      "stack": "at Object.set [as x] (evalmachine.<anonymous>:8129:423) <- at shift (evalmachine.<anonymous>:2013:14) <- at solvePair (evalmachine.<anonymous>:2033:9) <- at resolveVisualContacts (evalmachine.<anonymous>:2059:43) <- at resolveVisualContacts (evalmachine.<anonymous>:3590:9) <- at evalmachine.<anonymous>:5385:68",
      "i": 288
    },
    {
      "id": 58,
      "key": "x",
      "old": 4.984583966428886,
      "next": 4.9845840148134375,
      "pileClock": 28.458333333333762,
      "state": "RESOLVING",
      "phase": "SETTLE",
      "d": 0.9999999999999241,
      "stack": "at Object.set [as x] (evalmachine.<anonymous>:8129:423) <- at shift (evalmachine.<anonymous>:2013:14) <- at solvePair (evalmachine.<anonymous>:2040:25) <- at resolveVisualContacts (evalmachine.<anonymous>:2059:43) <- at resolveVisualContacts (evalmachine.<anonymous>:3590:9) <- at evalmachine.<anonymous>:5385:68",
      "i": 289
    },
    {
      "id": 58,
      "key": "x",
      "old": 4.9845840148134375,
      "next": 4.97629205552086,
      "pileClock": 28.458333333333762,
      "state": "RESOLVING",
      "phase": "SETTLE",
      "d": 0.9958540334441441,
      "stack": "at Object.set [as x] (evalmachine.<anonymous>:8129:423) <- at shift (evalmachine.<anonymous>:2013:14) <- at solvePair (evalmachine.<anonymous>:2032:9) <- at resolveVisualContacts (evalmachine.<anonymous>:2059:43) <- at resolveVisualContacts (evalmachine.<anonymous>:3590:9) <- at evalmachine.<anonymous>:5385:68",
      "i": 290
    },
    {
      "id": 58,
      "key": "x",
      "old": 4.97629205552086,
      "next": 4.972240264276765,
      "pileClock": 28.458333333333762,
      "state": "RESOLVING",
      "phase": "SETTLE",
      "d": 0.9938281442583803,
      "stack": "at Object.set [as x] (evalmachine.<anonymous>:8129:423) <- at shift (evalmachine.<anonymous>:2013:14) <- at solvePair (evalmachine.<anonymous>:2040:25) <- at resolveVisualContacts (evalmachine.<anonymous>:2059:43) <- at resolveVisualContacts (evalmachine.<anonymous>:3590:9) <- at evalmachine.<anonymous>:5385:68",
      "i": 291
    },
    {
      "id": 58,
      "key": "x",
      "old": 4.972240264276765,
      "next": 4.9702696361379735,
      "pileClock": 28.458333333333762,
      "state": "RESOLVING",
      "phase": "SETTLE",
      "d": 0.9928428333288275,
      "stack": "at Object.set [as x] (evalmachine.<anonymous>:8129:423) <- at shift (evalmachine.<anonymous>:2013:14) <- at solvePair (evalmachine.<anonymous>:2040:25) <- at resolveVisualContacts (evalmachine.<anonymous>:2059:43) <- at resolveVisualContacts (evalmachine.<anonymous>:3590:9) <- at evalmachine.<anonymous>:5385:68",
      "i": 292
    },
    {
      "id": 58,
      "key": "x",
      "old": 4.9702696361379735,
      "next": 4.969313387211376,
      "pileClock": 28.458333333333762,
      "state": "RESOLVING",
      "phase": "SETTLE",
      "d": 0.9923647103913872,
      "stack": "at Object.set [as x] (evalmachine.<anonymous>:8129:423) <- at shift (evalmachine.<anonymous>:2013:14) <- at solvePair (evalmachine.<anonymous>:2040:25) <- at resolveVisualContacts (evalmachine.<anonymous>:2059:43) <- at resolveVisualContacts (evalmachine.<anonymous>:3590:9) <- at evalmachine.<anonymous>:5385:68",
      "i": 293
    },
    {
      "id": 60,
      "key": "x",
      "old": 2.984590303429215,
      "next": 2.9998581311609422,
      "pileClock": 28.458333333333762,
      "state": "RESOLVING",
      "phase": "SETTLE",
      "d": 0.984730821088641,
      "stack": "at Object.set [as x] (evalmachine.<anonymous>:8129:423) <- at shift (evalmachine.<anonymous>:2013:14) <- at solvePair (evalmachine.<anonymous>:2033:9) <- at resolveVisualContacts (evalmachine.<anonymous>:2059:43) <- at resolveVisualContacts (evalmachine.<anonymous>:3590:9) <- at evalmachine.<anonymous>:5385:68",
      "i": 294
    },
    {
      "id": 60,
      "key": "y",
      "old": 6.013648246288383,
      "next": 6.013753244822746,
      "pileClock": 28.458333333333762,
      "state": "RESOLVING",
      "phase": "SETTLE",
      "d": 0.9847310568522996,
      "stack": "at Object.set [as y] (evalmachine.<anonymous>:8129:423) <- at shift (evalmachine.<anonymous>:2016:18) <- at solvePair (evalmachine.<anonymous>:2033:9) <- at resolveVisualContacts (evalmachine.<anonymous>:2059:43) <- at resolveVisualContacts (evalmachine.<anonymous>:3590:9) <- at evalmachine.<anonymous>:5385:68",
      "i": 295
    },
    {
      "id": 60,
      "key": "x",
      "old": 2.9998581311609422,
      "next": 2.984589241179602,
      "pileClock": 28.458333333333762,
      "state": "RESOLVING",
      "phase": "SETTLE",
      "d": 0.9923654754643904,
      "stack": "at Object.set [as x] (evalmachine.<anonymous>:8129:423) <- at shift (evalmachine.<anonymous>:2013:14) <- at solvePair (evalmachine.<anonymous>:2032:9) <- at resolveVisualContacts (evalmachine.<anonymous>:2059:43) <- at resolveVisualContacts (evalmachine.<anonymous>:3590:9) <- at evalmachine.<anonymous>:5385:68",
      "i": 296
    },
    {
      "id": 60,
      "key": "y",
      "old": 6.013753244822746,
      "next": 6.01377650842398,
      "pileClock": 28.458333333333762,
      "state": "RESOLVING",
      "phase": "SETTLE",
      "d": 0.9923655284261498,
      "stack": "at Object.set [as y] (evalmachine.<anonymous>:8129:423) <- at shift (evalmachine.<anonymous>:2016:18) <- at solvePair (evalmachine.<anonymous>:2032:9) <- at resolveVisualContacts (evalmachine.<anonymous>:2059:43) <- at resolveVisualContacts (evalmachine.<anonymous>:3590:9) <- at evalmachine.<anonymous>:5385:68",
      "i": 297
    },
    {
      "id": 58,
      "key": "x",
      "old": 4.969313387211376,
      "next": 4.984582330359077,
      "pileClock": 28.458333333333762,
      "state": "RESOLVING",
      "phase": "SETTLE",
      "d": 0.999999973619768,
      "stack": "at Object.set [as x] (evalmachine.<anonymous>:8129:423) <- at shift (evalmachine.<anonymous>:2013:14) <- at solvePair (evalmachine.<anonymous>:2033:9) <- at resolveVisualContacts (evalmachine.<anonymous>:2059:43) <- at resolveVisualContacts (evalmachine.<anonymous>:3590:9) <- at evalmachine.<anonymous>:5385:68",
      "i": 298
    },
    {
      "id": 58,
      "key": "x",
      "old": 4.984582330359077,
      "next": 4.98458238311954,
      "pileClock": 28.458333333333762,
      "state": "RESOLVING",
      "phase": "SETTLE",
      "d": 0.9999999999999095,
      "stack": "at Object.set [as x] (evalmachine.<anonymous>:8129:423) <- at shift (evalmachine.<anonymous>:2013:14) <- at solvePair (evalmachine.<anonymous>:2040:25) <- at resolveVisualContacts (evalmachine.<anonymous>:2059:43) <- at resolveVisualContacts (evalmachine.<anonymous>:3590:9) <- at evalmachine.<anonymous>:5385:68",
      "i": 299
    },
    {
      "id": 58,
      "key": "x",
      "old": 4.98458238311954,
      "next": 4.976291255700418,
      "pileClock": 28.458333333333762,
      "state": "RESOLVING",
      "phase": "SETTLE",
      "d": 0.9958544505647858,
      "stack": "at Object.set [as x] (evalmachine.<anonymous>:8129:423) <- at shift (evalmachine.<anonymous>:2013:14) <- at solvePair (evalmachine.<anonymous>:2032:9) <- at resolveVisualContacts (evalmachine.<anonymous>:2059:43) <- at resolveVisualContacts (evalmachine.<anonymous>:3590:9) <- at evalmachine.<anonymous>:5385:68",
      "i": 300
    },
    {
      "id": 58,
      "key": "x",
      "old": 4.976291255700418,
      "next": 4.972239874678779,
      "pileClock": 28.458333333333762,
      "state": "RESOLVING",
      "phase": "SETTLE",
      "d": 0.9938287670723475,
      "stack": "at Object.set [as x] (evalmachine.<anonymous>:8129:423) <- at shift (evalmachine.<anonymous>:2013:14) <- at solvePair (evalmachine.<anonymous>:2040:25) <- at resolveVisualContacts (evalmachine.<anonymous>:2059:43) <- at resolveVisualContacts (evalmachine.<anonymous>:3590:9) <- at evalmachine.<anonymous>:5385:68",
      "i": 301
    },
    {
      "id": 58,
      "key": "x",
      "old": 4.972239874678779,
      "next": 4.970269446944037,
      "pileClock": 28.458333333333762,
      "state": "RESOLVING",
      "phase": "SETTLE",
      "d": 0.9928435566287848,
      "stack": "at Object.set [as x] (evalmachine.<anonymous>:8129:423) <- at shift (evalmachine.<anonymous>:2013:14) <- at solvePair (evalmachine.<anonymous>:2040:25) <- at resolveVisualContacts (evalmachine.<anonymous>:2059:43) <- at resolveVisualContacts (evalmachine.<anonymous>:3590:9) <- at evalmachine.<anonymous>:5385:68",
      "i": 302
    },
    {
      "id": 58,
      "key": "x",
      "old": 4.970269446944037,
      "next": 4.969313295473413,
      "pileClock": 28.458333333333762,
      "state": "RESOLVING",
      "phase": "SETTLE",
      "d": 0.9923654825573278,
      "stack": "at Object.set [as x] (evalmachine.<anonymous>:8129:423) <- at shift (evalmachine.<anonymous>:2013:14) <- at solvePair (evalmachine.<anonymous>:2040:25) <- at resolveVisualContacts (evalmachine.<anonymous>:2059:43) <- at resolveVisualContacts (evalmachine.<anonymous>:3590:9) <- at evalmachine.<anonymous>:5385:68",
      "i": 303
    },
    {
      "id": 60,
      "key": "x",
      "old": 2.984589241179602,
      "next": 2.999855452285433,
      "pileClock": 28.458333333333762,
      "state": "RESOLVING",
      "phase": "SETTLE",
      "d": 0.9847324037888593,
      "stack": "at Object.set [as x] (evalmachine.<anonymous>:8129:423) <- at shift (evalmachine.<anonymous>:2013:14) <- at solvePair (evalmachine.<anonymous>:2033:9) <- at resolveVisualContacts (evalmachine.<anonymous>:2059:43) <- at resolveVisualContacts (evalmachine.<anonymous>:3590:9) <- at evalmachine.<anonymous>:5385:68",
      "i": 304
    },
    {
      "id": 60,
      "key": "y",
      "old": 6.01377650842398,
      "next": 6.013882482537685,
      "pileClock": 28.458333333333762,
      "state": "RESOLVING",
      "phase": "SETTLE",
      "d": 0.9847326521344748,
      "stack": "at Object.set [as y] (evalmachine.<anonymous>:8129:423) <- at shift (evalmachine.<anonymous>:2016:18) <- at solvePair (evalmachine.<anonymous>:2033:9) <- at resolveVisualContacts (evalmachine.<anonymous>:2059:43) <- at resolveVisualContacts (evalmachine.<anonymous>:3590:9) <- at evalmachine.<anonymous>:5385:68",
      "i": 305
    },
    {
      "id": 60,
      "key": "x",
      "old": 2.999855452285433,
      "next": 2.9845881622584076,
      "pileClock": 28.458333333333762,
      "state": "RESOLVING",
      "phase": "SETTLE",
      "d": 0.9923662684513033,
      "stack": "at Object.set [as x] (evalmachine.<anonymous>:8129:423) <- at shift (evalmachine.<anonymous>:2013:14) <- at solvePair (evalmachine.<anonymous>:2032:9) <- at resolveVisualContacts (evalmachine.<anonymous>:2059:43) <- at resolveVisualContacts (evalmachine.<anonymous>:3590:9) <- at evalmachine.<anonymous>:5385:68",
      "i": 306
    },
    {
      "id": 60,
      "key": "y",
      "old": 6.013882482537685,
      "next": 6.0139067455249124,
      "pileClock": 28.458333333333762,
      "state": "RESOLVING",
      "phase": "SETTLE",
      "d": 0.9923663260672373,
      "stack": "at Object.set [as y] (evalmachine.<anonymous>:8129:423) <- at shift (evalmachine.<anonymous>:2016:18) <- at solvePair (evalmachine.<anonymous>:2032:9) <- at resolveVisualContacts (evalmachine.<anonymous>:2059:43) <- at resolveVisualContacts (evalmachine.<anonymous>:3590:9) <- at evalmachine.<anonymous>:5385:68",
      "i": 307
    },
    {
      "id": 58,
      "key": "x",
      "old": 4.969313295473413,
      "next": 4.984580643338939,
      "pileClock": 28.458333333333762,
      "state": "RESOLVING",
      "phase": "SETTLE",
      "d": 0.9999999713015097,
      "stack": "at Object.set [as x] (evalmachine.<anonymous>:8129:423) <- at shift (evalmachine.<anonymous>:2013:14) <- at solvePair (evalmachine.<anonymous>:2033:9) <- at resolveVisualContacts (evalmachine.<anonymous>:2059:43) <- at resolveVisualContacts (evalmachine.<anonymous>:3590:9) <- at evalmachine.<anonymous>:5385:68",
      "i": 308
    },
    {
      "id": 58,
      "key": "x",
      "old": 4.984580643338939,
      "next": 4.984580700735919,
      "pileClock": 28.458333333333762,
      "state": "RESOLVING",
      "phase": "SETTLE",
      "d": 0.999999999999893,
      "stack": "at Object.set [as x] (evalmachine.<anonymous>:8129:423) <- at shift (evalmachine.<anonymous>:2013:14) <- at solvePair (evalmachine.<anonymous>:2040:25) <- at resolveVisualContacts (evalmachine.<anonymous>:2059:43) <- at resolveVisualContacts (evalmachine.<anonymous>:3590:9) <- at evalmachine.<anonymous>:5385:68",
      "i": 309
    },
    {
      "id": 58,
      "key": "x",
      "old": 4.984580700735919,
      "next": 4.976290431034026,
      "pileClock": 28.458333333333762,
      "state": "RESOLVING",
      "phase": "SETTLE",
      "d": 0.9958548806778236,
      "stack": "at Object.set [as x] (evalmachine.<anonymous>:8129:423) <- at shift (evalmachine.<anonymous>:2013:14) <- at solvePair (evalmachine.<anonymous>:2032:9) <- at resolveVisualContacts (evalmachine.<anonymous>:2059:43) <- at resolveVisualContacts (evalmachine.<anonymous>:3590:9) <- at evalmachine.<anonymous>:5385:68",
      "i": 310
    },
    {
      "id": 58,
      "key": "x",
      "old": 4.976290431034026,
      "next": 4.9722394729784085,
      "pileClock": 28.458333333333762,
      "state": "RESOLVING",
      "phase": "SETTLE",
      "d": 0.9938294092851601,
      "stack": "at Object.set [as x] (evalmachine.<anonymous>:8129:423) <- at shift (evalmachine.<anonymous>:2013:14) <- at solvePair (evalmachine.<anonymous>:2040:25) <- at resolveVisualContacts (evalmachine.<anonymous>:2059:43) <- at resolveVisualContacts (evalmachine.<anonymous>:3590:9) <- at evalmachine.<anonymous>:5385:68",
      "i": 311
    },
    {
      "id": 58,
      "key": "x",
      "old": 4.9722394729784085,
      "next": 4.970269251873082,
      "pileClock": 28.458333333333762,
      "state": "RESOLVING",
      "phase": "SETTLE",
      "d": 0.992844302457181,
      "stack": "at Object.set [as x] (evalmachine.<anonymous>:8129:423) <- at shift (evalmachine.<anonymous>:2013:14) <- at solvePair (evalmachine.<anonymous>:2040:25) <- at resolveVisualContacts (evalmachine.<anonymous>:2059:43) <- at resolveVisualContacts (evalmachine.<anonymous>:3590:9) <- at evalmachine.<anonymous>:5385:68",
      "i": 312
    },
    {
      "id": 58,
      "key": "x",
      "old": 4.970269251873082,
      "next": 4.9693132008857654,
      "pileClock": 28.458333333333762,
      "state": "RESOLVING",
      "phase": "SETTLE",
      "d": 0.9923662787735924,
      "stack": "at Object.set [as x] (evalmachine.<anonymous>:8129:423) <- at shift (evalmachine.<anonymous>:2013:14) <- at solvePair (evalmachine.<anonymous>:2040:25) <- at resolveVisualContacts (evalmachine.<anonymous>:2059:43) <- at resolveVisualContacts (evalmachine.<anonymous>:3590:9) <- at evalmachine.<anonymous>:5385:68",
      "i": 313
    },
    {
      "id": 60,
      "key": "x",
      "old": 2.9845881622584076,
      "next": 2.9998527065283453,
      "pileClock": 28.458333333333762,
      "state": "RESOLVING",
      "phase": "SETTLE",
      "d": 0.9847340357766655,
      "stack": "at Object.set [as x] (evalmachine.<anonymous>:8129:423) <- at shift (evalmachine.<anonymous>:2013:14) <- at solvePair (evalmachine.<anonymous>:2033:9) <- at resolveVisualContacts (evalmachine.<anonymous>:2059:43) <- at resolveVisualContacts (evalmachine.<anonymous>:3590:9) <- at evalmachine.<anonymous>:5385:68",
      "i": 314
    },
    {
      "id": 60,
      "key": "y",
      "old": 6.0139067455249124,
      "next": 6.014013709849679,
      "pileClock": 28.458333333333762,
      "state": "RESOLVING",
      "phase": "SETTLE",
      "d": 0.9847342970927275,
      "stack": "at Object.set [as y] (evalmachine.<anonymous>:8129:423) <- at shift (evalmachine.<anonymous>:2016:18) <- at solvePair (evalmachine.<anonymous>:2033:9) <- at resolveVisualContacts (evalmachine.<anonymous>:2059:43) <- at resolveVisualContacts (evalmachine.<anonymous>:3590:9) <- at evalmachine.<anonymous>:5385:68",
      "i": 315
    },
    {
      "id": 60,
      "key": "x",
      "old": 2.9998527065283453,
      "next": 2.984587066404287,
      "pileClock": 28.458333333333762,
      "state": "RESOLVING",
      "phase": "SETTLE",
      "d": 0.9923670860047267,
      "stack": "at Object.set [as x] (evalmachine.<anonymous>:8129:423) <- at shift (evalmachine.<anonymous>:2013:14) <- at solvePair (evalmachine.<anonymous>:2032:9) <- at resolveVisualContacts (evalmachine.<anonymous>:2059:43) <- at resolveVisualContacts (evalmachine.<anonymous>:3590:9) <- at evalmachine.<anonymous>:5385:68",
      "i": 316
    },
    {
      "id": 60,
      "key": "y",
      "old": 6.014013709849679,
      "next": 6.014038987348538,
      "pileClock": 28.458333333333762,
      "state": "RESOLVING",
      "phase": "SETTLE",
      "d": 0.9923671485463639,
      "stack": "at Object.set [as y] (evalmachine.<anonymous>:8129:423) <- at shift (evalmachine.<anonymous>:2016:18) <- at solvePair (evalmachine.<anonymous>:2032:9) <- at resolveVisualContacts (evalmachine.<anonymous>:2059:43) <- at resolveVisualContacts (evalmachine.<anonymous>:3590:9) <- at evalmachine.<anonymous>:5385:68",
      "i": 317
    },
    {
      "id": 58,
      "key": "x",
      "old": 4.9693132008857654,
      "next": 4.984578903793038,
      "pileClock": 28.458333333333762,
      "state": "RESOLVING",
      "phase": "SETTLE",
      "d": 0.9999999688479998,
      "stack": "at Object.set [as x] (evalmachine.<anonymous>:8129:423) <- at shift (evalmachine.<anonymous>:2013:14) <- at solvePair (evalmachine.<anonymous>:2033:9) <- at resolveVisualContacts (evalmachine.<anonymous>:2059:43) <- at resolveVisualContacts (evalmachine.<anonymous>:3590:9) <- at evalmachine.<anonymous>:5385:68",
      "i": 318
    },
    {
      "id": 58,
      "key": "x",
      "old": 4.984578903793038,
      "next": 4.984578966097038,
      "pileClock": 28.458333333333762,
      "state": "RESOLVING",
      "phase": "SETTLE",
      "d": 0.9999999999998739,
      "stack": "at Object.set [as x] (evalmachine.<anonymous>:8129:423) <- at shift (evalmachine.<anonymous>:2013:14) <- at solvePair (evalmachine.<anonymous>:2040:25) <- at resolveVisualContacts (evalmachine.<anonymous>:2059:43) <- at resolveVisualContacts (evalmachine.<anonymous>:3590:9) <- at evalmachine.<anonymous>:5385:68",
      "i": 319
    },
    {
      "id": 58,
      "key": "x",
      "old": 4.984578966097038,
      "next": 4.976289580754388,
      "pileClock": 28.458333333333762,
      "state": "RESOLVING",
      "phase": "SETTLE",
      "d": 0.9958553241850552,
      "stack": "at Object.set [as x] (evalmachine.<anonymous>:8129:423) <- at shift (evalmachine.<anonymous>:2013:14) <- at solvePair (evalmachine.<anonymous>:2032:9) <- at resolveVisualContacts (evalmachine.<anonymous>:2059:43) <- at resolveVisualContacts (evalmachine.<anonymous>:3590:9) <- at evalmachine.<anonymous>:5385:68",
      "i": 320
    },
    {
      "id": 58,
      "key": "x",
      "old": 4.976289580754388,
      "next": 4.972239058801923,
      "pileClock": 28.458333333333762,
      "state": "RESOLVING",
      "phase": "SETTLE",
      "d": 0.9938300714967153,
      "stack": "at Object.set [as x] (evalmachine.<anonymous>:8129:423) <- at shift (evalmachine.<anonymous>:2013:14) <- at solvePair (evalmachine.<anonymous>:2040:25) <- at resolveVisualContacts (evalmachine.<anonymous>:2059:43) <- at resolveVisualContacts (evalmachine.<anonymous>:3590:9) <- at evalmachine.<anonymous>:5385:68",
      "i": 321
    },
    {
      "id": 58,
      "key": "x",
      "old": 4.972239058801923,
      "next": 4.970269050743625,
      "pileClock": 28.458333333333762,
      "state": "RESOLVING",
      "phase": "SETTLE",
      "d": 0.9928450715106794,
      "stack": "at Object.set [as x] (evalmachine.<anonymous>:8129:423) <- at shift (evalmachine.<anonymous>:2013:14) <- at solvePair (evalmachine.<anonymous>:2040:25) <- at resolveVisualContacts (evalmachine.<anonymous>:2059:43) <- at resolveVisualContacts (evalmachine.<anonymous>:3590:9) <- at evalmachine.<anonymous>:5385:68",
      "i": 322
    },
    {
      "id": 58,
      "key": "x",
      "old": 4.970269050743625,
      "next": 4.9693131033604345,
      "pileClock": 28.458333333333762,
      "state": "RESOLVING",
      "phase": "SETTLE",
      "d": 0.9923670997838988,
      "stack": "at Object.set [as x] (evalmachine.<anonymous>:8129:423) <- at shift (evalmachine.<anonymous>:2013:14) <- at solvePair (evalmachine.<anonymous>:2040:25) <- at resolveVisualContacts (evalmachine.<anonymous>:2059:43) <- at resolveVisualContacts (evalmachine.<anonymous>:3590:9) <- at evalmachine.<anonymous>:5385:68",
      "i": 323
    },
    {
      "id": 60,
      "key": "x",
      "old": 2.984587066404287,
      "next": 2.9998498920785925,
      "pileClock": 28.458333333333762,
      "state": "RESOLVING",
      "phase": "SETTLE",
      "d": 0.984735718575669,
      "stack": "at Object.set [as x] (evalmachine.<anonymous>:8129:423) <- at shift (evalmachine.<anonymous>:2013:14) <- at solvePair (evalmachine.<anonymous>:2033:9) <- at resolveVisualContacts (evalmachine.<anonymous>:2059:43) <- at resolveVisualContacts (evalmachine.<anonymous>:3590:9) <- at evalmachine.<anonymous>:5385:68",
      "i": 324
    },
    {
      "id": 60,
      "key": "y",
      "old": 6.014038987348538,
      "next": 6.0141469567191805,
      "pileClock": 28.458333333333762,
      "state": "RESOLVING",
      "phase": "SETTLE",
      "d": 0.9847359932624902,
      "stack": "at Object.set [as y] (evalmachine.<anonymous>:8129:423) <- at shift (evalmachine.<anonymous>:2016:18) <- at solvePair (evalmachine.<anonymous>:2033:9) <- at resolveVisualContacts (evalmachine.<anonymous>:2059:43) <- at resolveVisualContacts (evalmachine.<anonymous>:3590:9) <- at evalmachine.<anonymous>:5385:68",
      "i": 325
    },
    {
      "id": 60,
      "key": "x",
      "old": 2.9998498920785925,
      "next": 2.984585953351885,
      "pileClock": 28.458333333333762,
      "state": "RESOLVING",
      "phase": "SETTLE",
      "d": 0.9923679288821168,
      "stack": "at Object.set [as x] (evalmachine.<anonymous>:8129:423) <- at shift (evalmachine.<anonymous>:2013:14) <- at solvePair (evalmachine.<anonymous>:2032:9) <- at resolveVisualContacts (evalmachine.<anonymous>:2059:43) <- at resolveVisualContacts (evalmachine.<anonymous>:3590:9) <- at evalmachine.<anonymous>:5385:68",
      "i": 326
    },
    {
      "id": 60,
      "key": "y",
      "old": 6.0141469567191805,
      "next": 6.01417326406968,
      "pileClock": 28.458333333333762,
      "state": "RESOLVING",
      "phase": "SETTLE",
      "d": 0.9923679966312452,
      "stack": "at Object.set [as y] (evalmachine.<anonymous>:8129:423) <- at shift (evalmachine.<anonymous>:2016:18) <- at solvePair (evalmachine.<anonymous>:2032:9) <- at resolveVisualContacts (evalmachine.<anonymous>:2059:43) <- at resolveVisualContacts (evalmachine.<anonymous>:3590:9) <- at evalmachine.<anonymous>:5385:68",
      "i": 327
    },
    {
      "id": 58,
      "key": "x",
      "old": 4.9693131033604345,
      "next": 4.984577110097945,
      "pileClock": 28.458333333333762,
      "state": "RESOLVING",
      "phase": "SETTLE",
      "d": 0.999999966254128,
      "stack": "at Object.set [as x] (evalmachine.<anonymous>:8129:423) <- at shift (evalmachine.<anonymous>:2013:14) <- at solvePair (evalmachine.<anonymous>:2033:9) <- at resolveVisualContacts (evalmachine.<anonymous>:2059:43) <- at resolveVisualContacts (evalmachine.<anonymous>:3590:9) <- at evalmachine.<anonymous>:5385:68",
      "i": 328
    },
    {
      "id": 58,
      "key": "x",
      "old": 4.984577110097945,
      "next": 4.9845771775896885,
      "pileClock": 28.458333333333762,
      "state": "RESOLVING",
      "phase": "SETTLE",
      "d": 0.9999999999998518,
      "stack": "at Object.set [as x] (evalmachine.<anonymous>:8129:423) <- at shift (evalmachine.<anonymous>:2013:14) <- at solvePair (evalmachine.<anonymous>:2040:25) <- at resolveVisualContacts (evalmachine.<anonymous>:2059:43) <- at resolveVisualContacts (evalmachine.<anonymous>:3590:9) <- at evalmachine.<anonymous>:5385:68",
      "i": 329
    },
    {
      "id": 58,
      "key": "x",
      "old": 4.9845771775896885,
      "next": 4.976288704070852,
      "pileClock": 28.458333333333762,
      "state": "RESOLVING",
      "phase": "SETTLE",
      "d": 0.9958557815005247,
      "stack": "at Object.set [as x] (evalmachine.<anonymous>:8129:423) <- at shift (evalmachine.<anonymous>:2013:14) <- at solvePair (evalmachine.<anonymous>:2032:9) <- at resolveVisualContacts (evalmachine.<anonymous>:2059:43) <- at resolveVisualContacts (evalmachine.<anonymous>:3590:9) <- at evalmachine.<anonymous>:5385:68",
      "i": 330
    },
    {
      "id": 58,
      "key": "x",
      "old": 4.976288704070852,
      "next": 4.972238631764213,
      "pileClock": 28.458333333333762,
      "state": "RESOLVING",
      "phase": "SETTLE",
      "d": 0.993830754325188,
      "stack": "at Object.set [as x] (evalmachine.<anonymous>:8129:423) <- at shift (evalmachine.<anonymous>:2013:14) <- at solvePair (evalmachine.<anonymous>:2040:25) <- at resolveVisualContacts (evalmachine.<anonymous>:2059:43) <- at resolveVisualContacts (evalmachine.<anonymous>:3590:9) <- at evalmachine.<anonymous>:5385:68",
      "i": 331
    },
    {
      "id": 58,
      "key": "x",
      "old": 4.972238631764213,
      "next": 4.970268843368657,
      "pileClock": 28.458333333333762,
      "state": "RESOLVING",
      "phase": "SETTLE",
      "d": 0.992845864507168,
      "stack": "at Object.set [as x] (evalmachine.<anonymous>:8129:423) <- at shift (evalmachine.<anonymous>:2013:14) <- at solvePair (evalmachine.<anonymous>:2040:25) <- at resolveVisualContacts (evalmachine.<anonymous>:2059:43) <- at resolveVisualContacts (evalmachine.<anonymous>:3590:9) <- at evalmachine.<anonymous>:5385:68",
      "i": 332
    },
    {
      "id": 58,
      "key": "x",
      "old": 4.970268843368657,
      "next": 4.969313002806743,
      "pileClock": 28.458333333333762,
      "state": "RESOLVING",
      "phase": "SETTLE",
      "d": 0.9923679463546234,
      "stack": "at Object.set [as x] (evalmachine.<anonymous>:8129:423) <- at shift (evalmachine.<anonymous>:2013:14) <- at solvePair (evalmachine.<anonymous>:2040:25) <- at resolveVisualContacts (evalmachine.<anonymous>:2059:43) <- at resolveVisualContacts (evalmachine.<anonymous>:3590:9) <- at evalmachine.<anonymous>:5385:68",
      "i": 333
    },
    {
      "id": 60,
      "key": "x",
      "old": 2.984585953351885,
      "next": 2.999847007073952,
      "pileClock": 28.458333333333762,
      "state": "RESOLVING",
      "phase": "SETTLE",
      "d": 0.9847374537558652,
      "stack": "at Object.set [as x] (evalmachine.<anonymous>:8129:423) <- at shift (evalmachine.<anonymous>:2013:14) <- at solvePair (evalmachine.<anonymous>:2033:9) <- at resolveVisualContacts (evalmachine.<anonymous>:2059:43) <- at resolveVisualContacts (evalmachine.<anonymous>:3590:9) <- at evalmachine.<anonymous>:5385:68",
      "i": 334
    },
    {
      "id": 60,
      "key": "y",
      "old": 6.01417326406968,
      "next": 6.014282253526155,
      "pileClock": 28.458333333333762,
      "state": "RESOLVING",
      "phase": "SETTLE",
      "d": 0.9847377422259306,
      "stack": "at Object.set [as y] (evalmachine.<anonymous>:8129:423) <- at shift (evalmachine.<anonymous>:2016:18) <- at solvePair (evalmachine.<anonymous>:2033:9) <- at resolveVisualContacts (evalmachine.<anonymous>:2059:43) <- at resolveVisualContacts (evalmachine.<anonymous>:3590:9) <- at evalmachine.<anonymous>:5385:68",
      "i": 335
    },
    {
      "id": 60,
      "key": "x",
      "old": 2.999847007073952,
      "next": 2.9845848228317835,
      "pileClock": 28.458333333333762,
      "state": "RESOLVING",
      "phase": "SETTLE",
      "d": 0.9923687978639613,
      "stack": "at Object.set [as x] (evalmachine.<anonymous>:8129:423) <- at shift (evalmachine.<anonymous>:2013:14) <- at solvePair (evalmachine.<anonymous>:2032:9) <- at resolveVisualContacts (evalmachine.<anonymous>:2059:43) <- at resolveVisualContacts (evalmachine.<anonymous>:3590:9) <- at evalmachine.<anonymous>:5385:68",
      "i": 336
    },
    {
      "id": 60,
      "key": "y",
      "old": 6.014282253526155,
      "next": 6.014309606285,
      "pileClock": 28.458333333333762,
      "state": "RESOLVING",
      "phase": "SETTLE",
      "d": 0.9923688711129653,
      "stack": "at Object.set [as y] (evalmachine.<anonymous>:8129:423) <- at shift (evalmachine.<anonymous>:2016:18) <- at solvePair (evalmachine.<anonymous>:2032:9) <- at resolveVisualContacts (evalmachine.<anonymous>:2059:43) <- at resolveVisualContacts (evalmachine.<anonymous>:3590:9) <- at evalmachine.<anonymous>:5385:68",
      "i": 337
    },
    {
      "id": 58,
      "key": "x",
      "old": 4.969313002806743,
      "next": 4.9845752605808125,
      "pileClock": 28.458333333333762,
      "state": "RESOLVING",
      "phase": "SETTLE",
      "d": 0.9999999635146145,
      "stack": "at Object.set [as x] (evalmachine.<anonymous>:8129:423) <- at shift (evalmachine.<anonymous>:2013:14) <- at solvePair (evalmachine.<anonymous>:2033:9) <- at resolveVisualContacts (evalmachine.<anonymous>:2059:43) <- at resolveVisualContacts (evalmachine.<anonymous>:3590:9) <- at evalmachine.<anonymous>:5385:68",
      "i": 338
    },
    {
      "id": 58,
      "key": "x",
      "old": 4.9845752605808125,
      "next": 4.984575333551583,
      "pileClock": 28.458333333333762,
      "state": "RESOLVING",
      "phase": "SETTLE",
      "d": 0.9999999999998268,
      "stack": "at Object.set [as x] (evalmachine.<anonymous>:8129:423) <- at shift (evalmachine.<anonymous>:2013:14) <- at solvePair (evalmachine.<anonymous>:2040:25) <- at resolveVisualContacts (evalmachine.<anonymous>:2059:43) <- at resolveVisualContacts (evalmachine.<anonymous>:3590:9) <- at evalmachine.<anonymous>:5385:68",
      "i": 339
    },
    {
      "id": 58,
      "key": "x",
      "old": 4.984575333551583,
      "next": 4.97628780016871,
      "pileClock": 28.458333333333762,
      "state": "RESOLVING",
      "phase": "SETTLE",
      "d": 0.9958562530508792,
      "stack": "at Object.set [as x] (evalmachine.<anonymous>:8129:423) <- at shift (evalmachine.<anonymous>:2013:14) <- at solvePair (evalmachine.<anonymous>:2032:9) <- at resolveVisualContacts (evalmachine.<anonymous>:2059:43) <- at resolveVisualContacts (evalmachine.<anonymous>:3590:9) <- at evalmachine.<anonymous>:5385:68",
      "i": 340
    },
    {
      "id": 58,
      "key": "x",
      "old": 4.97628780016871,
      "next": 4.972238191468459,
      "pileClock": 28.458333333333762,
      "state": "RESOLVING",
      "phase": "SETTLE",
      "d": 0.9938314584075729,
      "stack": "at Object.set [as x] (evalmachine.<anonymous>:8129:423) <- at shift (evalmachine.<anonymous>:2013:14) <- at solvePair (evalmachine.<anonymous>:2040:25) <- at resolveVisualContacts (evalmachine.<anonymous>:2059:43) <- at resolveVisualContacts (evalmachine.<anonymous>:3590:9) <- at evalmachine.<anonymous>:5385:68",
      "i": 341
    },
    {
      "id": 58,
      "key": "x",
      "old": 4.972238191468459,
      "next": 4.970268629555482,
      "pileClock": 28.458333333333762,
      "state": "RESOLVING",
      "phase": "SETTLE",
      "d": 0.99284668218639,
      "stack": "at Object.set [as x] (evalmachine.<anonymous>:8129:423) <- at shift (evalmachine.<anonymous>:2013:14) <- at solvePair (evalmachine.<anonymous>:2040:25) <- at resolveVisualContacts (evalmachine.<anonymous>:2059:43) <- at resolveVisualContacts (evalmachine.<anonymous>:3590:9) <- at evalmachine.<anonymous>:5385:68",
      "i": 342
    },
    {
      "id": 58,
      "key": "x",
      "old": 4.970268629555482,
      "next": 4.969312899131257,
      "pileClock": 28.458333333333762,
      "state": "RESOLVING",
      "phase": "SETTLE",
      "d": 0.9923688192754722,
      "stack": "at Object.set [as x] (evalmachine.<anonymous>:8129:423) <- at shift (evalmachine.<anonymous>:2013:14) <- at solvePair (evalmachine.<anonymous>:2040:25) <- at resolveVisualContacts (evalmachine.<anonymous>:2059:43) <- at resolveVisualContacts (evalmachine.<anonymous>:3590:9) <- at evalmachine.<anonymous>:5385:68",
      "i": 343
    },
    {
      "id": 60,
      "key": "x",
      "old": 2.9845848228317835,
      "next": 2.999844049599626,
      "pileClock": 28.458333333333762,
      "state": "RESOLVING",
      "phase": "SETTLE",
      "d": 0.9847392429350035,
      "stack": "at Object.set [as x] (evalmachine.<anonymous>:8129:423) <- at shift (evalmachine.<anonymous>:2013:14) <- at solvePair (evalmachine.<anonymous>:2033:9) <- at resolveVisualContacts (evalmachine.<anonymous>:2059:43) <- at resolveVisualContacts (evalmachine.<anonymous>:3590:9) <- at evalmachine.<anonymous>:5385:68",
      "i": 344
    },
    {
      "id": 60,
      "key": "y",
      "old": 6.014309606285,
      "next": 6.014419631074442,
      "pileClock": 28.458333333333762,
      "state": "RESOLVING",
      "phase": "SETTLE",
      "d": 0.9847395456133271,
      "stack": "at Object.set [as y] (evalmachine.<anonymous>:8129:423) <- at shift (evalmachine.<anonymous>:2016:18) <- at solvePair (evalmachine.<anonymous>:2033:9) <- at resolveVisualContacts (evalmachine.<anonymous>:2059:43) <- at resolveVisualContacts (evalmachine.<anonymous>:3590:9) <- at evalmachine.<anonymous>:5385:68",
      "i": 345
    },
    {
      "id": 60,
      "key": "x",
      "old": 2.999844049599626,
      "next": 2.9845836745704446,
      "pileClock": 28.458333333333762,
      "state": "RESOLVING",
      "phase": "SETTLE",
      "d": 0.9923696937544605,
      "stack": "at Object.set [as x] (evalmachine.<anonymous>:8129:423) <- at shift (evalmachine.<anonymous>:2013:14) <- at solvePair (evalmachine.<anonymous>:2032:9) <- at resolveVisualContacts (evalmachine.<anonymous>:2059:43) <- at resolveVisualContacts (evalmachine.<anonymous>:3590:9) <- at evalmachine.<anonymous>:5385:68",
      "i": 346
    },
    {
      "id": 60,
      "key": "y",
      "old": 6.014419631074442,
      "next": 6.014448045017342,
      "pileClock": 28.458333333333762,
      "state": "RESOLVING",
      "phase": "SETTLE",
      "d": 0.9923697728066635,
      "stack": "at Object.set [as y] (evalmachine.<anonymous>:8129:423) <- at shift (evalmachine.<anonymous>:2016:18) <- at solvePair (evalmachine.<anonymous>:2032:9) <- at resolveVisualContacts (evalmachine.<anonymous>:2059:43) <- at resolveVisualContacts (evalmachine.<anonymous>:3590:9) <- at evalmachine.<anonymous>:5385:68",
      "i": 347
    },
    {
      "id": 58,
      "key": "x",
      "old": 4.969312899131257,
      "next": 4.98457335351793,
      "pileClock": 28.458333333333762,
      "state": "RESOLVING",
      "phase": "SETTLE",
      "d": 0.9999999606240113,
      "stack": "at Object.set [as x] (evalmachine.<anonymous>:8129:423) <- at shift (evalmachine.<anonymous>:2013:14) <- at solvePair (evalmachine.<anonymous>:2033:9) <- at resolveVisualContacts (evalmachine.<anonymous>:2059:43) <- at resolveVisualContacts (evalmachine.<anonymous>:3590:9) <- at evalmachine.<anonymous>:5385:68",
      "i": 348
    },
    {
      "id": 58,
      "key": "x",
      "old": 4.98457335351793,
      "next": 4.984573432269907,
      "pileClock": 28.458333333333762,
      "state": "RESOLVING",
      "phase": "SETTLE",
      "d": 0.9999999999997984,
      "stack": "at Object.set [as x] (evalmachine.<anonymous>:8129:423) <- at shift (evalmachine.<anonymous>:2013:14) <- at solvePair (evalmachine.<anonymous>:2040:25) <- at resolveVisualContacts (evalmachine.<anonymous>:2059:43) <- at resolveVisualContacts (evalmachine.<anonymous>:3590:9) <- at evalmachine.<anonymous>:5385:68",
      "i": 349
    },
    {
      "id": 58,
      "key": "x",
      "old": 4.984573432269907,
      "next": 4.976286868208501,
      "pileClock": 28.458333333333762,
      "state": "RESOLVING",
      "phase": "SETTLE",
      "d": 0.9958567392757434,
      "stack": "at Object.set [as x] (evalmachine.<anonymous>:8129:423) <- at shift (evalmachine.<anonymous>:2013:14) <- at solvePair (evalmachine.<anonymous>:2032:9) <- at resolveVisualContacts (evalmachine.<anonymous>:2059:43) <- at resolveVisualContacts (evalmachine.<anonymous>:3590:9) <- at evalmachine.<anonymous>:5385:68",
      "i": 350
    },
    {
      "id": 58,
      "key": "x",
      "old": 4.976286868208501,
      "next": 4.972237737505779,
      "pileClock": 28.458333333333762,
      "state": "RESOLVING",
      "phase": "SETTLE",
      "d": 0.9938321844002356,
      "stack": "at Object.set [as x] (evalmachine.<anonymous>:8129:423) <- at shift (evalmachine.<anonymous>:2013:14) <- at solvePair (evalmachine.<anonymous>:2040:25) <- at resolveVisualContacts (evalmachine.<anonymous>:2059:43) <- at resolveVisualContacts (evalmachine.<anonymous>:3590:9) <- at evalmachine.<anonymous>:5385:68",
      "i": 351
    },
    {
      "id": 58,
      "key": "x",
      "old": 4.972237737505779,
      "next": 4.970268409105552,
      "pileClock": 28.458333333333762,
      "state": "RESOLVING",
      "phase": "SETTLE",
      "d": 0.9928475253105827,
      "stack": "at Object.set [as x] (evalmachine.<anonymous>:8129:423) <- at shift (evalmachine.<anonymous>:2013:14) <- at solvePair (evalmachine.<anonymous>:2040:25) <- at resolveVisualContacts (evalmachine.<anonymous>:2059:43) <- at resolveVisualContacts (evalmachine.<anonymous>:3590:9) <- at evalmachine.<anonymous>:5385:68",
      "i": 352
    },
    {
      "id": 58,
      "key": "x",
      "old": 4.970268409105552,
      "next": 4.969312792237705,
      "pileClock": 28.458333333333762,
      "state": "RESOLVING",
      "phase": "SETTLE",
      "d": 0.9923697193601656,
      "stack": "at Object.set [as x] (evalmachine.<anonymous>:8129:423) <- at shift (evalmachine.<anonymous>:2013:14) <- at solvePair (evalmachine.<anonymous>:2040:25) <- at resolveVisualContacts (evalmachine.<anonymous>:2059:43) <- at resolveVisualContacts (evalmachine.<anonymous>:3590:9) <- at evalmachine.<anonymous>:5385:68",
      "i": 353
    },
    {
      "id": 60,
      "key": "x",
      "old": 2.9845836745704446,
      "next": 2.999841017686758,
      "pileClock": 28.458333333333762,
      "state": "RESOLVING",
      "phase": "SETTLE",
      "d": 0.9847410877799923,
      "stack": "at Object.set [as x] (evalmachine.<anonymous>:8129:423) <- at shift (evalmachine.<anonymous>:2013:14) <- at solvePair (evalmachine.<anonymous>:2033:9) <- at resolveVisualContacts (evalmachine.<anonymous>:2059:43) <- at resolveVisualContacts (evalmachine.<anonymous>:3590:9) <- at evalmachine.<anonymous>:5385:68",
      "i": 354
    },
    {
      "id": 60,
      "key": "y",
      "old": 6.014448045017342,
      "next": 6.014559120596071,
      "pileClock": 28.458333333333762,
      "state": "RESOLVING",
      "phase": "SETTLE",
      "d": 0.9847414051044868,
      "stack": "at Object.set [as y] (evalmachine.<anonymous>:8129:423) <- at shift (evalmachine.<anonymous>:2016:18) <- at solvePair (evalmachine.<anonymous>:2033:9) <- at resolveVisualContacts (evalmachine.<anonymous>:2059:43) <- at resolveVisualContacts (evalmachine.<anonymous>:3590:9) <- at evalmachine.<anonymous>:5385:68",
      "i": 355
    },
    {
      "id": 60,
      "key": "x",
      "old": 2.999841017686758,
      "next": 2.9845825082901554,
      "pileClock": 28.458333333333762,
      "state": "RESOLVING",
      "phase": "SETTLE",
      "d": 0.9923706173822233,
      "stack": "at Object.set [as x] (evalmachine.<anonymous>:8129:423) <- at shift (evalmachine.<anonymous>:2013:14) <- at solvePair (evalmachine.<anonymous>:2032:9) <- at resolveVisualContacts (evalmachine.<anonymous>:2059:43) <- at resolveVisualContacts (evalmachine.<anonymous>:3590:9) <- at evalmachine.<anonymous>:5385:68",
      "i": 356
    },
    {
      "id": 60,
      "key": "y",
      "old": 6.014559120596071,
      "next": 6.014588611720044,
      "pileClock": 28.458333333333762,
      "state": "RESOLVING",
      "phase": "SETTLE",
      "d": 0.9923707025522435,
      "stack": "at Object.set [as y] (evalmachine.<anonymous>:8129:423) <- at shift (evalmachine.<anonymous>:2016:18) <- at solvePair (evalmachine.<anonymous>:2032:9) <- at resolveVisualContacts (evalmachine.<anonymous>:2059:43) <- at resolveVisualContacts (evalmachine.<anonymous>:3590:9) <- at evalmachine.<anonymous>:5385:68",
      "i": 357
    },
    {
      "id": 58,
      "key": "x",
      "old": 4.969312792237705,
      "next": 4.984571387133219,
      "pileClock": 28.458333333333762,
      "state": "RESOLVING",
      "phase": "SETTLE",
      "d": 0.999999957576692,
      "stack": "at Object.set [as x] (evalmachine.<anonymous>:8129:423) <- at shift (evalmachine.<anonymous>:2013:14) <- at solvePair (evalmachine.<anonymous>:2033:9) <- at resolveVisualContacts (evalmachine.<anonymous>:2059:43) <- at resolveVisualContacts (evalmachine.<anonymous>:3590:9) <- at evalmachine.<anonymous>:5385:68",
      "i": 358
    },
    {
      "id": 58,
      "key": "x",
      "old": 4.984571387133219,
      "next": 4.984571471979835,
      "pileClock": 28.458333333333762,
      "state": "RESOLVING",
      "phase": "SETTLE",
      "d": 0.9999999999997661,
      "stack": "at Object.set [as x] (evalmachine.<anonymous>:8129:423) <- at shift (evalmachine.<anonymous>:2013:14) <- at solvePair (evalmachine.<anonymous>:2040:25) <- at resolveVisualContacts (evalmachine.<anonymous>:2059:43) <- at resolveVisualContacts (evalmachine.<anonymous>:3590:9) <- at evalmachine.<anonymous>:5385:68",
      "i": 359
    },
    {
      "id": 58,
      "key": "x",
      "old": 4.984571471979835,
      "next": 4.976285907325273,
      "pileClock": 28.458333333333762,
      "state": "RESOLVING",
      "phase": "SETTLE",
      "d": 0.9958572406281001,
      "stack": "at Object.set [as x] (evalmachine.<anonymous>:8129:423) <- at shift (evalmachine.<anonymous>:2013:14) <- at solvePair (evalmachine.<anonymous>:2032:9) <- at resolveVisualContacts (evalmachine.<anonymous>:2059:43) <- at resolveVisualContacts (evalmachine.<anonymous>:3590:9) <- at evalmachine.<anonymous>:5385:68",
      "i": 360
    },
    {
      "id": 58,
      "key": "x",
      "old": 4.976285907325273,
      "next": 4.972237269454881,
      "pileClock": 28.458333333333762,
      "state": "RESOLVING",
      "phase": "SETTLE",
      "d": 0.9938329329794839,
      "stack": "at Object.set [as x] (evalmachine.<anonymous>:8129:423) <- at shift (evalmachine.<anonymous>:2013:14) <- at solvePair (evalmachine.<anonymous>:2040:25) <- at resolveVisualContacts (evalmachine.<anonymous>:2059:43) <- at resolveVisualContacts (evalmachine.<anonymous>:3590:9) <- at evalmachine.<anonymous>:5385:68",
      "i": 361
    },
    {
      "id": 58,
      "key": "x",
      "old": 4.972237269454881,
      "next": 4.970268181814287,
      "pileClock": 28.458333333333762,
      "state": "RESOLVING",
      "phase": "SETTLE",
      "d": 0.9928483946651417,
      "stack": "at Object.set [as x] (evalmachine.<anonymous>:8129:423) <- at shift (evalmachine.<anonymous>:2013:14) <- at solvePair (evalmachine.<anonymous>:2040:25) <- at resolveVisualContacts (evalmachine.<anonymous>:2059:43) <- at resolveVisualContacts (evalmachine.<anonymous>:3590:9) <- at evalmachine.<anonymous>:5385:68",
      "i": 362
    },
    {
      "id": 58,
      "key": "x",
      "old": 4.970268181814287,
      "next": 4.9693126820268905,
      "pileClock": 28.458333333333762,
      "state": "RESOLVING",
      "phase": "SETTLE",
      "d": 0.9923706474471448,
      "stack": "at Object.set [as x] (evalmachine.<anonymous>:8129:423) <- at shift (evalmachine.<anonymous>:2013:14) <- at solvePair (evalmachine.<anonymous>:2040:25) <- at resolveVisualContacts (evalmachine.<anonymous>:2059:43) <- at resolveVisualContacts (evalmachine.<anonymous>:3590:9) <- at evalmachine.<anonymous>:5385:68",
      "i": 363
    },
    {
      "id": 60,
      "key": "x",
      "old": 2.9845825082901554,
      "next": 2.999837909310916,
      "pileClock": 28.458333333333762,
      "state": "RESOLVING",
      "phase": "SETTLE",
      "d": 0.9847429900083384,
      "stack": "at Object.set [as x] (evalmachine.<anonymous>:8129:423) <- at shift (evalmachine.<anonymous>:2013:14) <- at solvePair (evalmachine.<anonymous>:2033:9) <- at resolveVisualContacts (evalmachine.<anonymous>:2059:43) <- at resolveVisualContacts (evalmachine.<anonymous>:3590:9) <- at evalmachine.<anonymous>:5385:68",
      "i": 364
    },
    {
      "id": 60,
      "key": "y",
      "old": 6.014588611720044,
      "next": 6.014700753755559,
      "pileClock": 28.458333333333762,
      "state": "RESOLVING",
      "phase": "SETTLE",
      "d": 0.9847433224301914,
      "stack": "at Object.set [as y] (evalmachine.<anonymous>:8129:423) <- at shift (evalmachine.<anonymous>:2016:18) <- at solvePair (evalmachine.<anonymous>:2033:9) <- at resolveVisualContacts (evalmachine.<anonymous>:2059:43) <- at resolveVisualContacts (evalmachine.<anonymous>:3590:9) <- at evalmachine.<anonymous>:5385:68",
      "i": 365
    },
    {
      "id": 60,
      "key": "x",
      "old": 2.999837909310916,
      "next": 2.984581323708971,
      "pileClock": 28.458333333333762,
      "state": "RESOLVING",
      "phase": "SETTLE",
      "d": 0.9923715696009814,
      "stack": "at Object.set [as x] (evalmachine.<anonymous>:8129:423) <- at shift (evalmachine.<anonymous>:2013:14) <- at solvePair (evalmachine.<anonymous>:2032:9) <- at resolveVisualContacts (evalmachine.<anonymous>:2059:43) <- at resolveVisualContacts (evalmachine.<anonymous>:3590:9) <- at evalmachine.<anonymous>:5385:68",
      "i": 366
    },
    {
      "id": 60,
      "key": "y",
      "old": 6.014700753755559,
      "next": 6.014731338281211,
      "pileClock": 28.458333333333762,
      "state": "RESOLVING",
      "phase": "SETTLE",
      "d": 0.9923716612150957,
      "stack": "at Object.set [as y] (evalmachine.<anonymous>:8129:423) <- at shift (evalmachine.<anonymous>:2016:18) <- at solvePair (evalmachine.<anonymous>:2032:9) <- at resolveVisualContacts (evalmachine.<anonymous>:2059:43) <- at resolveVisualContacts (evalmachine.<anonymous>:3590:9) <- at evalmachine.<anonymous>:5385:68",
      "i": 367
    },
    {
      "id": 58,
      "key": "x",
      "old": 4.9693126820268905,
      "next": 4.9845693595967,
      "pileClock": 28.458333333333762,
      "state": "RESOLVING",
      "phase": "SETTLE",
      "d": 0.9999999543668483,
      "stack": "at Object.set [as x] (evalmachine.<anonymous>:8129:423) <- at shift (evalmachine.<anonymous>:2013:14) <- at solvePair (evalmachine.<anonymous>:2033:9) <- at resolveVisualContacts (evalmachine.<anonymous>:2059:43) <- at resolveVisualContacts (evalmachine.<anonymous>:3590:9) <- at evalmachine.<anonymous>:5385:68",
      "i": 368
    },
    {
      "id": 58,
      "key": "x",
      "old": 4.9845693595967,
      "next": 4.9845694508630025,
      "pileClock": 28.458333333333762,
      "state": "RESOLVING",
      "phase": "SETTLE",
      "d": 0.9999999999997289,
      "stack": "at Object.set [as x] (evalmachine.<anonymous>:8129:423) <- at shift (evalmachine.<anonymous>:2013:14) <- at solvePair (evalmachine.<anonymous>:2040:25) <- at resolveVisualContacts (evalmachine.<anonymous>:2059:43) <- at resolveVisualContacts (evalmachine.<anonymous>:3590:9) <- at evalmachine.<anonymous>:5385:68",
      "i": 369
    },
    {
      "id": 58,
      "key": "x",
      "old": 4.9845694508630025,
      "next": 4.976284916627845,
      "pileClock": 28.458333333333762,
      "state": "RESOLVING",
      "phase": "SETTLE",
      "d": 0.9958577575746816,
      "stack": "at Object.set [as x] (evalmachine.<anonymous>:8129:423) <- at shift (evalmachine.<anonymous>:2013:14) <- at solvePair (evalmachine.<anonymous>:2032:9) <- at resolveVisualContacts (evalmachine.<anonymous>:2059:43) <- at resolveVisualContacts (evalmachine.<anonymous>:3590:9) <- at evalmachine.<anonymous>:5385:68",
      "i": 370
    },
    {
      "id": 58,
      "key": "x",
      "old": 4.976284916627845,
      "next": 4.9722367868817,
      "pileClock": 28.458333333333762,
      "state": "RESOLVING",
      "phase": "SETTLE",
      "d": 0.9938337048421552,
      "stack": "at Object.set [as x] (evalmachine.<anonymous>:8129:423) <- at shift (evalmachine.<anonymous>:2013:14) <- at solvePair (evalmachine.<anonymous>:2040:25) <- at resolveVisualContacts (evalmachine.<anonymous>:2059:43) <- at resolveVisualContacts (evalmachine.<anonymous>:3590:9) <- at evalmachine.<anonymous>:5385:68",
      "i": 371
    },
    {
      "id": 58,
      "key": "x",
      "old": 4.9722367868817,
      "next": 4.970267947470907,
      "pileClock": 28.458333333333762,
      "state": "RESOLVING",
      "phase": "SETTLE",
      "d": 0.9928492910592998,
      "stack": "at Object.set [as x] (evalmachine.<anonymous>:8129:423) <- at shift (evalmachine.<anonymous>:2013:14) <- at solvePair (evalmachine.<anonymous>:2040:25) <- at resolveVisualContacts (evalmachine.<anonymous>:2059:43) <- at resolveVisualContacts (evalmachine.<anonymous>:3590:9) <- at evalmachine.<anonymous>:5385:68",
      "i": 372
    },
    {
      "id": 58,
      "key": "x",
      "old": 4.970267947470907,
      "next": 4.9693125683966075,
      "pileClock": 28.458333333333762,
      "state": "RESOLVING",
      "phase": "SETTLE",
      "d": 0.9923716044002966,
      "stack": "at Object.set [as x] (evalmachine.<anonymous>:8129:423) <- at shift (evalmachine.<anonymous>:2013:14) <- at solvePair (evalmachine.<anonymous>:2040:25) <- at resolveVisualContacts (evalmachine.<anonymous>:2059:43) <- at resolveVisualContacts (evalmachine.<anonymous>:3590:9) <- at evalmachine.<anonymous>:5385:68",
      "i": 373
    },
    {
      "id": 60,
      "key": "x",
      "old": 2.984581323708971,
      "next": 2.999834722390533,
      "pileClock": 28.458333333333762,
      "state": "RESOLVING",
      "phase": "SETTLE",
      "d": 0.9847449513896311,
      "stack": "at Object.set [as x] (evalmachine.<anonymous>:8129:423) <- at shift (evalmachine.<anonymous>:2013:14) <- at solvePair (evalmachine.<anonymous>:2033:9) <- at resolveVisualContacts (evalmachine.<anonymous>:2059:43) <- at resolveVisualContacts (evalmachine.<anonymous>:3590:9) <- at evalmachine.<anonymous>:5385:68",
      "i": 374
    },
    {
      "id": 60,
      "key": "y",
      "old": 6.014731338281211,
      "next": 6.0148445626541465,
      "pileClock": 28.458333333333762,
      "state": "RESOLVING",
      "phase": "SETTLE",
      "d": 0.9847452993736938,
      "stack": "at Object.set [as y] (evalmachine.<anonymous>:8129:423) <- at shift (evalmachine.<anonymous>:2016:18) <- at solvePair (evalmachine.<anonymous>:2033:9) <- at resolveVisualContacts (evalmachine.<anonymous>:2059:43) <- at resolveVisualContacts (evalmachine.<anonymous>:3590:9) <- at evalmachine.<anonymous>:5385:68",
      "i": 375
    },
    {
      "id": 60,
      "key": "x",
      "old": 2.999834722390533,
      "next": 2.9845801205406572,
      "pileClock": 28.458333333333762,
      "state": "RESOLVING",
      "phase": "SETTLE",
      "d": 0.9923725512903268,
      "stack": "at Object.set [as x] (evalmachine.<anonymous>:8129:423) <- at shift (evalmachine.<anonymous>:2013:14) <- at solvePair (evalmachine.<anonymous>:2032:9) <- at resolveVisualContacts (evalmachine.<anonymous>:2059:43) <- at resolveVisualContacts (evalmachine.<anonymous>:3590:9) <- at evalmachine.<anonymous>:5385:68",
      "i": 376
    },
    {
      "id": 60,
      "key": "y",
      "old": 6.0148445626541465,
      "next": 6.014876257027939,
      "pileClock": 28.458333333333762,
      "state": "RESOLVING",
      "phase": "SETTLE",
      "d": 0.9923726496868469,
      "stack": "at Object.set [as y] (evalmachine.<anonymous>:8129:423) <- at shift (evalmachine.<anonymous>:2016:18) <- at solvePair (evalmachine.<anonymous>:2032:9) <- at resolveVisualContacts (evalmachine.<anonymous>:2059:43) <- at resolveVisualContacts (evalmachine.<anonymous>:3590:9) <- at evalmachine.<anonymous>:5385:68",
      "i": 377
    },
    {
      "id": 58,
      "key": "x",
      "old": 4.9693125683966075,
      "next": 4.9845672690229135,
      "pileClock": 28.458333333333762,
      "state": "RESOLVING",
      "phase": "SETTLE",
      "d": 0.9999999509884849,
      "stack": "at Object.set [as x] (evalmachine.<anonymous>:8129:423) <- at shift (evalmachine.<anonymous>:2013:14) <- at solvePair (evalmachine.<anonymous>:2033:9) <- at resolveVisualContacts (evalmachine.<anonymous>:2059:43) <- at resolveVisualContacts (evalmachine.<anonymous>:3590:9) <- at evalmachine.<anonymous>:5385:68",
      "i": 378
    },
    {
      "id": 58,
      "key": "x",
      "old": 4.9845672690229135,
      "next": 4.984567367045944,
      "pileClock": 28.458333333333762,
      "state": "RESOLVING",
      "phase": "SETTLE",
      "d": 0.9999999999996877,
      "stack": "at Object.set [as x] (evalmachine.<anonymous>:8129:423) <- at shift (evalmachine.<anonymous>:2013:14) <- at solvePair (evalmachine.<anonymous>:2040:25) <- at resolveVisualContacts (evalmachine.<anonymous>:2059:43) <- at resolveVisualContacts (evalmachine.<anonymous>:3590:9) <- at evalmachine.<anonymous>:5385:68",
      "i": 379
    },
    {
      "id": 58,
      "key": "x",
      "old": 4.984567367045944,
      "next": 4.976283895198032,
      "pileClock": 28.458333333333762,
      "state": "RESOLVING",
      "phase": "SETTLE",
      "d": 0.9958582905963749,
      "stack": "at Object.set [as x] (evalmachine.<anonymous>:8129:423) <- at shift (evalmachine.<anonymous>:2013:14) <- at solvePair (evalmachine.<anonymous>:2032:9) <- at resolveVisualContacts (evalmachine.<anonymous>:2059:43) <- at resolveVisualContacts (evalmachine.<anonymous>:3590:9) <- at evalmachine.<anonymous>:5385:68",
      "i": 380
    },
    {
      "id": 58,
      "key": "x",
      "old": 4.976283895198032,
      "next": 4.972236289339013,
      "pileClock": 28.458333333333762,
      "state": "RESOLVING",
      "phase": "SETTLE",
      "d": 0.9938345007062114,
      "stack": "at Object.set [as x] (evalmachine.<anonymous>:8129:423) <- at shift (evalmachine.<anonymous>:2013:14) <- at solvePair (evalmachine.<anonymous>:2040:25) <- at resolveVisualContacts (evalmachine.<anonymous>:2059:43) <- at resolveVisualContacts (evalmachine.<anonymous>:3590:9) <- at evalmachine.<anonymous>:5385:68",
      "i": 381
    },
    {
      "id": 58,
      "key": "x",
      "old": 4.972236289339013,
      "next": 4.970267705858243,
      "pileClock": 28.458333333333762,
      "state": "RESOLVING",
      "phase": "SETTLE",
      "d": 0.9928502153268243,
      "stack": "at Object.set [as x] (evalmachine.<anonymous>:8129:423) <- at shift (evalmachine.<anonymous>:2013:14) <- at solvePair (evalmachine.<anonymous>:2040:25) <- at resolveVisualContacts (evalmachine.<anonymous>:2059:43) <- at resolveVisualContacts (evalmachine.<anonymous>:3590:9) <- at evalmachine.<anonymous>:5385:68",
      "i": 382
    },
    {
      "id": 58,
      "key": "x",
      "old": 4.970267705858243,
      "next": 4.969312451241559,
      "pileClock": 28.458333333333762,
      "state": "RESOLVING",
      "phase": "SETTLE",
      "d": 0.9923725911097021,
      "stack": "at Object.set [as x] (evalmachine.<anonymous>:8129:423) <- at shift (evalmachine.<anonymous>:2013:14) <- at solvePair (evalmachine.<anonymous>:2040:25) <- at resolveVisualContacts (evalmachine.<anonymous>:2059:43) <- at resolveVisualContacts (evalmachine.<anonymous>:3590:9) <- at evalmachine.<anonymous>:5385:68",
      "i": 383
    },
    {
      "id": 60,
      "key": "x",
      "old": 2.9845801205406572,
      "next": 2.9998314547853084,
      "pileClock": 28.458333333333762,
      "state": "RESOLVING",
      "phase": "SETTLE",
      "d": 0.9847469737470648,
      "stack": "at Object.set [as x] (evalmachine.<anonymous>:8129:423) <- at shift (evalmachine.<anonymous>:2013:14) <- at solvePair (evalmachine.<anonymous>:2033:9) <- at resolveVisualContacts (evalmachine.<anonymous>:2059:43) <- at resolveVisualContacts (evalmachine.<anonymous>:3590:9) <- at evalmachine.<anonymous>:5385:68",
      "i": 384
    },
    {
      "id": 60,
      "key": "y",
      "old": 6.014876257027939,
      "next": 6.014990579834004,
      "pileClock": 28.458333333333762,
      "state": "RESOLVING",
      "phase": "SETTLE",
      "d": 0.9847473377722505,
      "stack": "at Object.set [as y] (evalmachine.<anonymous>:8129:423) <- at shift (evalmachine.<anonymous>:2016:18) <- at solvePair (evalmachine.<anonymous>:2033:9) <- at resolveVisualContacts (evalmachine.<anonymous>:2059:43) <- at resolveVisualContacts (evalmachine.<anonymous>:3590:9) <- at evalmachine.<anonymous>:5385:68",
      "i": 385
    },
    {
      "id": 60,
      "key": "x",
      "old": 2.9998314547853084,
      "next": 2.9845788984946378,
      "pileClock": 28.458333333333762,
      "state": "RESOLVING",
      "phase": "SETTLE",
      "d": 0.9923735633564674,
      "stack": "at Object.set [as x] (evalmachine.<anonymous>:8129:423) <- at shift (evalmachine.<anonymous>:2013:14) <- at solvePair (evalmachine.<anonymous>:2032:9) <- at resolveVisualContacts (evalmachine.<anonymous>:2059:43) <- at resolveVisualContacts (evalmachine.<anonymous>:3590:9) <- at evalmachine.<anonymous>:5385:68",
      "i": 386
    },
    {
      "id": 60,
      "key": "y",
      "old": 6.014990579834004,
      "next": 6.01502340073049,
      "pileClock": 28.458333333333762,
      "state": "RESOLVING",
      "phase": "SETTLE",
      "d": 0.9923736688861253,
      "stack": "at Object.set [as y] (evalmachine.<anonymous>:8129:423) <- at shift (evalmachine.<anonymous>:2016:18) <- at solvePair (evalmachine.<anonymous>:2032:9) <- at resolveVisualContacts (evalmachine.<anonymous>:2059:43) <- at resolveVisualContacts (evalmachine.<anonymous>:3590:9) <- at evalmachine.<anonymous>:5385:68",
      "i": 387
    },
    {
      "id": 58,
      "key": "x",
      "old": 4.969312451241559,
      "next": 4.9845651134693085,
      "pileClock": 28.458333333333762,
      "state": "RESOLVING",
      "phase": "SETTLE",
      "d": 0.9999999474354149,
      "stack": "at Object.set [as x] (evalmachine.<anonymous>:8129:423) <- at shift (evalmachine.<anonymous>:2013:14) <- at solvePair (evalmachine.<anonymous>:2033:9) <- at resolveVisualContacts (evalmachine.<anonymous>:2059:43) <- at resolveVisualContacts (evalmachine.<anonymous>:3590:9) <- at evalmachine.<anonymous>:5385:68",
      "i": 388
    },
    {
      "id": 58,
      "key": "x",
      "old": 4.9845651134693085,
      "next": 4.984565218598479,
      "pileClock": 28.458333333333762,
      "state": "RESOLVING",
      "phase": "SETTLE",
      "d": 0.9999999999996405,
      "stack": "at Object.set [as x] (evalmachine.<anonymous>:8129:423) <- at shift (evalmachine.<anonymous>:2013:14) <- at solvePair (evalmachine.<anonymous>:2040:25) <- at resolveVisualContacts (evalmachine.<anonymous>:2059:43) <- at resolveVisualContacts (evalmachine.<anonymous>:3590:9) <- at evalmachine.<anonymous>:5385:68",
      "i": 389
    },
    {
      "id": 58,
      "key": "x",
      "old": 4.984565218598479,
      "next": 4.97628284208986,
      "pileClock": 28.458333333333762,
      "state": "RESOLVING",
      "phase": "SETTLE",
      "d": 0.9958588401886311,
      "stack": "at Object.set [as x] (evalmachine.<anonymous>:8129:423) <- at shift (evalmachine.<anonymous>:2013:14) <- at solvePair (evalmachine.<anonymous>:2032:9) <- at resolveVisualContacts (evalmachine.<anonymous>:2059:43) <- at resolveVisualContacts (evalmachine.<anonymous>:3590:9) <- at evalmachine.<anonymous>:5385:68",
      "i": 390
    },
    {
      "id": 58,
      "key": "x",
      "old": 4.97628284208986,
      "next": 4.9722357763660705,
      "pileClock": 28.458333333333762,
      "state": "RESOLVING",
      "phase": "SETTLE",
      "d": 0.9938353213113619,
      "stack": "at Object.set [as x] (evalmachine.<anonymous>:8129:423) <- at shift (evalmachine.<anonymous>:2013:14) <- at solvePair (evalmachine.<anonymous>:2040:25) <- at resolveVisualContacts (evalmachine.<anonymous>:2059:43) <- at resolveVisualContacts (evalmachine.<anonymous>:3590:9) <- at evalmachine.<anonymous>:5385:68",
      "i": 391
    },
    {
      "id": 58,
      "key": "x",
      "old": 4.9722357763660705,
      "next": 4.970267456752559,
      "pileClock": 28.458333333333762,
      "state": "RESOLVING",
      "phase": "SETTLE",
      "d": 0.9928511683267339,
      "stack": "at Object.set [as x] (evalmachine.<anonymous>:8129:423) <- at shift (evalmachine.<anonymous>:2013:14) <- at solvePair (evalmachine.<anonymous>:2040:25) <- at resolveVisualContacts (evalmachine.<anonymous>:2059:43) <- at resolveVisualContacts (evalmachine.<anonymous>:3590:9) <- at evalmachine.<anonymous>:5385:68",
      "i": 392
    },
    {
      "id": 58,
      "key": "x",
      "old": 4.970267456752559,
      "next": 4.969312330453258,
      "pileClock": 28.458333333333762,
      "state": "RESOLVING",
      "phase": "SETTLE",
      "d": 0.9923736084923943,
      "stack": "at Object.set [as x] (evalmachine.<anonymous>:8129:423) <- at shift (evalmachine.<anonymous>:2013:14) <- at solvePair (evalmachine.<anonymous>:2040:25) <- at resolveVisualContacts (evalmachine.<anonymous>:2059:43) <- at resolveVisualContacts (evalmachine.<anonymous>:3590:9) <- at evalmachine.<anonymous>:5385:68",
      "i": 393
    },
    {
      "id": 60,
      "key": "x",
      "old": 2.9845788984946378,
      "next": 2.999828104294562,
      "pileClock": 28.458333333333762,
      "state": "RESOLVING",
      "phase": "SETTLE",
      "d": 0.9847490589589992,
      "stack": "at Object.set [as x] (evalmachine.<anonymous>:8129:423) <- at shift (evalmachine.<anonymous>:2013:14) <- at solvePair (evalmachine.<anonymous>:2033:9) <- at resolveVisualContacts (evalmachine.<anonymous>:2059:43) <- at resolveVisualContacts (evalmachine.<anonymous>:3590:9) <- at evalmachine.<anonymous>:5385:68",
      "i": 394
    },
    {
      "id": 60,
      "key": "y",
      "old": 6.01502340073049,
      "next": 6.015138838282369,
      "pileClock": 28.458333333333762,
      "state": "RESOLVING",
      "phase": "SETTLE",
      "d": 0.9847494395186931,
      "stack": "at Object.set [as y] (evalmachine.<anonymous>:8129:423) <- at shift (evalmachine.<anonymous>:2016:18) <- at solvePair (evalmachine.<anonymous>:2033:9) <- at resolveVisualContacts (evalmachine.<anonymous>:2059:43) <- at resolveVisualContacts (evalmachine.<anonymous>:3590:9) <- at evalmachine.<anonymous>:5385:68",
      "i": 395
    },
    {
      "id": 60,
      "key": "x",
      "old": 2.999828104294562,
      "next": 2.984577657275931,
      "pileClock": 28.458333333333762,
      "state": "RESOLVING",
      "phase": "SETTLE",
      "d": 0.9923746067330009,
      "stack": "at Object.set [as x] (evalmachine.<anonymous>:8129:423) <- at shift (evalmachine.<anonymous>:2013:14) <- at solvePair (evalmachine.<anonymous>:2032:9) <- at resolveVisualContacts (evalmachine.<anonymous>:2059:43) <- at resolveVisualContacts (evalmachine.<anonymous>:3590:9) <- at evalmachine.<anonymous>:5385:68",
      "i": 396
    },
    {
      "id": 60,
      "key": "y",
      "old": 6.015138838282369,
      "next": 6.015172802606415,
      "pileClock": 28.458333333333762,
      "state": "RESOLVING",
      "phase": "SETTLE",
      "d": 0.9923747197593464,
      "stack": "at Object.set [as y] (evalmachine.<anonymous>:8129:423) <- at shift (evalmachine.<anonymous>:2016:18) <- at solvePair (evalmachine.<anonymous>:2032:9) <- at resolveVisualContacts (evalmachine.<anonymous>:2059:43) <- at resolveVisualContacts (evalmachine.<anonymous>:3590:9) <- at evalmachine.<anonymous>:5385:68",
      "i": 397
    },
    {
      "id": 58,
      "key": "x",
      "old": 4.969312330453258,
      "next": 4.984562890934565,
      "pileClock": 28.458333333333762,
      "state": "RESOLVING",
      "phase": "SETTLE",
      "d": 0.9999999437012527,
      "stack": "at Object.set [as x] (evalmachine.<anonymous>:8129:423) <- at shift (evalmachine.<anonymous>:2013:14) <- at solvePair (evalmachine.<anonymous>:2033:9) <- at resolveVisualContacts (evalmachine.<anonymous>:2059:43) <- at resolveVisualContacts (evalmachine.<anonymous>:3590:9) <- at evalmachine.<anonymous>:5385:68",
      "i": 398
    },
    {
      "id": 58,
      "key": "x",
      "old": 4.984562890934565,
      "next": 4.98456300353206,
      "pileClock": 28.458333333333762,
      "state": "RESOLVING",
      "phase": "SETTLE",
      "d": 0.9999999999995876,
      "stack": "at Object.set [as x] (evalmachine.<anonymous>:8129:423) <- at shift (evalmachine.<anonymous>:2013:14) <- at solvePair (evalmachine.<anonymous>:2040:25) <- at resolveVisualContacts (evalmachine.<anonymous>:2059:43) <- at resolveVisualContacts (evalmachine.<anonymous>:3590:9) <- at evalmachine.<anonymous>:5385:68",
      "i": 399
    },
    {
      "id": 58,
      "key": "x",
      "old": 4.98456300353206,
      "next": 4.976281756328757,
      "pileClock": 28.458333333333762,
      "state": "RESOLVING",
      "phase": "SETTLE",
      "d": 0.9958594068618929,
      "stack": "at Object.set [as x] (evalmachine.<anonymous>:8129:423) <- at shift (evalmachine.<anonymous>:2013:14) <- at solvePair (evalmachine.<anonymous>:2032:9) <- at resolveVisualContacts (evalmachine.<anonymous>:2059:43) <- at resolveVisualContacts (evalmachine.<anonymous>:3590:9) <- at evalmachine.<anonymous>:5385:68",
      "i": 400
    },
    {
      "id": 58,
      "key": "x",
      "old": 4.976281756328757,
      "next": 4.972235247488191,
      "pileClock": 28.458333333333762,
      "state": "RESOLVING",
      "phase": "SETTLE",
      "d": 0.9938361674196938,
      "stack": "at Object.set [as x] (evalmachine.<anonymous>:8129:423) <- at shift (evalmachine.<anonymous>:2013:14) <- at solvePair (evalmachine.<anonymous>:2040:25) <- at resolveVisualContacts (evalmachine.<anonymous>:2059:43) <- at resolveVisualContacts (evalmachine.<anonymous>:3590:9) <- at evalmachine.<anonymous>:5385:68",
      "i": 401
    },
    {
      "id": 58,
      "key": "x",
      "old": 4.972235247488191,
      "next": 4.970267199923352,
      "pileClock": 28.458333333333762,
      "state": "RESOLVING",
      "phase": "SETTLE",
      "d": 0.9928521509440339,
      "stack": "at Object.set [as x] (evalmachine.<anonymous>:8129:423) <- at shift (evalmachine.<anonymous>:2013:14) <- at solvePair (evalmachine.<anonymous>:2040:25) <- at resolveVisualContacts (evalmachine.<anonymous>:2059:43) <- at resolveVisualContacts (evalmachine.<anonymous>:3590:9) <- at evalmachine.<anonymous>:5385:68",
      "i": 402
    },
    {
      "id": 58,
      "key": "x",
      "old": 4.970267199923352,
      "next": 4.969312205919939,
      "pileClock": 28.458333333333762,
      "state": "RESOLVING",
      "phase": "SETTLE",
      "d": 0.9923746574931501,
      "stack": "at Object.set [as x] (evalmachine.<anonymous>:8129:423) <- at shift (evalmachine.<anonymous>:2013:14) <- at solvePair (evalmachine.<anonymous>:2040:25) <- at resolveVisualContacts (evalmachine.<anonymous>:2059:43) <- at resolveVisualContacts (evalmachine.<anonymous>:3590:9) <- at evalmachine.<anonymous>:5385:68",
      "i": 403
    },
    {
      "id": 60,
      "key": "x",
      "old": 2.984577657275931,
      "next": 2.9998246686555574,
      "pileClock": 28.458333333333762,
      "state": "RESOLVING",
      "phase": "SETTLE",
      "d": 0.9847512089605643,
      "stack": "at Object.set [as x] (evalmachine.<anonymous>:8129:423) <- at shift (evalmachine.<anonymous>:2013:14) <- at solvePair (evalmachine.<anonymous>:2033:9) <- at resolveVisualContacts (evalmachine.<anonymous>:2059:43) <- at resolveVisualContacts (evalmachine.<anonymous>:3590:9) <- at evalmachine.<anonymous>:5385:68",
      "i": 404
    },
    {
      "id": 60,
      "key": "y",
      "old": 6.015172802606415,
      "next": 6.015289371435633,
      "pileClock": 28.458333333333762,
      "state": "RESOLVING",
      "phase": "SETTLE",
      "d": 0.9847516065630413,
      "stack": "at Object.set [as y] (evalmachine.<anonymous>:8129:423) <- at shift (evalmachine.<anonymous>:2016:18) <- at solvePair (evalmachine.<anonymous>:2033:9) <- at resolveVisualContacts (evalmachine.<anonymous>:2059:43) <- at resolveVisualContacts (evalmachine.<anonymous>:3590:9) <- at evalmachine.<anonymous>:5385:68",
      "i": 405
    },
    {
      "id": 60,
      "key": "x",
      "old": 2.9998246686555574,
      "next": 2.984576396585096,
      "pileClock": 28.458333333333762,
      "state": "RESOLVING",
      "phase": "SETTLE",
      "d": 0.9923756823817126,
      "stack": "at Object.set [as x] (evalmachine.<anonymous>:8129:423) <- at shift (evalmachine.<anonymous>:2013:14) <- at solvePair (evalmachine.<anonymous>:2032:9) <- at resolveVisualContacts (evalmachine.<anonymous>:2059:43) <- at resolveVisualContacts (evalmachine.<anonymous>:3590:9) <- at evalmachine.<anonymous>:5385:68",
      "i": 406
    },
    {
      "id": 60,
      "key": "y",
      "old": 6.015289371435633,
      "next": 6.015324496324606,
      "pileClock": 28.458333333333762,
      "state": "RESOLVING",
      "phase": "SETTLE",
      "d": 0.9923758032815208,
      "stack": "at Object.set [as y] (evalmachine.<anonymous>:8129:423) <- at shift (evalmachine.<anonymous>:2016:18) <- at solvePair (evalmachine.<anonymous>:2032:9) <- at resolveVisualContacts (evalmachine.<anonymous>:2059:43) <- at resolveVisualContacts (evalmachine.<anonymous>:3590:9) <- at evalmachine.<anonymous>:5385:68",
      "i": 407
    },
    {
      "id": 58,
      "key": "x",
      "old": 4.969312205919939,
      "next": 4.984560599356898,
      "pileClock": 28.458333333333762,
      "state": "RESOLVING",
      "phase": "SETTLE",
      "d": 0.9999999397794108,
      "stack": "at Object.set [as x] (evalmachine.<anonymous>:8129:423) <- at shift (evalmachine.<anonymous>:2013:14) <- at solvePair (evalmachine.<anonymous>:2033:9) <- at resolveVisualContacts (evalmachine.<anonymous>:2059:43) <- at resolveVisualContacts (evalmachine.<anonymous>:3590:9) <- at evalmachine.<anonymous>:5385:68",
      "i": 408
    },
    {
      "id": 58,
      "key": "x",
      "old": 4.984560599356898,
      "next": 4.984560719798077,
      "pileClock": 28.458333333333762,
      "state": "RESOLVING",
      "phase": "SETTLE",
      "d": 0.9999999999995282,
      "stack": "at Object.set [as x] (evalmachine.<anonymous>:8129:423) <- at shift (evalmachine.<anonymous>:2013:14) <- at solvePair (evalmachine.<anonymous>:2040:25) <- at resolveVisualContacts (evalmachine.<anonymous>:2059:43) <- at resolveVisualContacts (evalmachine.<anonymous>:3590:9) <- at evalmachine.<anonymous>:5385:68",
      "i": 409
    },
    {
      "id": 58,
      "key": "x",
      "old": 4.984560719798077,
      "next": 4.9762806369107215,
      "pileClock": 28.458333333333762,
      "state": "RESOLVING",
      "phase": "SETTLE",
      "d": 0.9958599911420299,
      "stack": "at Object.set [as x] (evalmachine.<anonymous>:8129:423) <- at shift (evalmachine.<anonymous>:2013:14) <- at solvePair (evalmachine.<anonymous>:2032:9) <- at resolveVisualContacts (evalmachine.<anonymous>:2059:43) <- at resolveVisualContacts (evalmachine.<anonymous>:3590:9) <- at evalmachine.<anonymous>:5385:68",
      "i": 410
    },
    {
      "id": 58,
      "key": "x",
      "old": 4.9762806369107215,
      "next": 4.9722347022163635,
      "pileClock": 28.458333333333762,
      "state": "RESOLVING",
      "phase": "SETTLE",
      "d": 0.9938370398163245,
      "stack": "at Object.set [as x] (evalmachine.<anonymous>:8129:423) <- at shift (evalmachine.<anonymous>:2013:14) <- at solvePair (evalmachine.<anonymous>:2040:25) <- at resolveVisualContacts (evalmachine.<anonymous>:2059:43) <- at resolveVisualContacts (evalmachine.<anonymous>:3590:9) <- at evalmachine.<anonymous>:5385:68",
      "i": 411
    },
    {
      "id": 58,
      "key": "x",
      "old": 4.9722347022163635,
      "next": 4.9702669351331625,
      "pileClock": 28.458333333333762,
      "state": "RESOLVING",
      "phase": "SETTLE",
      "d": 0.9928531640904723,
      "stack": "at Object.set [as x] (evalmachine.<anonymous>:8129:423) <- at shift (evalmachine.<anonymous>:2013:14) <- at solvePair (evalmachine.<anonymous>:2040:25) <- at resolveVisualContacts (evalmachine.<anonymous>:2059:43) <- at resolveVisualContacts (evalmachine.<anonymous>:3590:9) <- at evalmachine.<anonymous>:5385:68",
      "i": 412
    },
    {
      "id": 58,
      "key": "x",
      "old": 4.9702669351331625,
      "next": 4.969312077526463,
      "pileClock": 28.458333333333762,
      "state": "RESOLVING",
      "phase": "SETTLE",
      "d": 0.9923757390852934,
      "stack": "at Object.set [as x] (evalmachine.<anonymous>:8129:423) <- at shift (evalmachine.<anonymous>:2013:14) <- at solvePair (evalmachine.<anonymous>:2040:25) <- at resolveVisualContacts (evalmachine.<anonymous>:2059:43) <- at resolveVisualContacts (evalmachine.<anonymous>:3590:9) <- at evalmachine.<anonymous>:5385:68",
      "i": 413
    },
    {
      "id": 60,
      "key": "x",
      "old": 2.984576396585096,
      "next": 2.9998211455417705,
      "pileClock": 28.458333333333762,
      "state": "RESOLVING",
      "phase": "SETTLE",
      "d": 0.9847534257453069,
      "stack": "at Object.set [as x] (evalmachine.<anonymous>:8129:423) <- at shift (evalmachine.<anonymous>:2013:14) <- at solvePair (evalmachine.<anonymous>:2033:9) <- at resolveVisualContacts (evalmachine.<anonymous>:2059:43) <- at resolveVisualContacts (evalmachine.<anonymous>:3590:9) <- at evalmachine.<anonymous>:5385:68",
      "i": 414
    },
    {
      "id": 60,
      "key": "y",
      "old": 6.015324496324606,
      "next": 6.0154422131833565,
      "pileClock": 28.458333333333762,
      "state": "RESOLVING",
      "phase": "SETTLE",
      "d": 0.9847538409141642,
      "stack": "at Object.set [as y] (evalmachine.<anonymous>:8129:423) <- at shift (evalmachine.<anonymous>:2016:18) <- at solvePair (evalmachine.<anonymous>:2033:9) <- at resolveVisualContacts (evalmachine.<anonymous>:2059:43) <- at resolveVisualContacts (evalmachine.<anonymous>:3590:9) <- at evalmachine.<anonymous>:5385:68",
      "i": 415
    },
    {
      "id": 60,
      "key": "x",
      "old": 2.9998211455417705,
      "next": 2.9845751161181764,
      "pileClock": 28.458333333333762,
      "state": "RESOLVING",
      "phase": "SETTLE",
      "d": 0.9923767912933906,
      "stack": "at Object.set [as x] (evalmachine.<anonymous>:8129:423) <- at shift (evalmachine.<anonymous>:2013:14) <- at solvePair (evalmachine.<anonymous>:2032:9) <- at resolveVisualContacts (evalmachine.<anonymous>:2059:43) <- at resolveVisualContacts (evalmachine.<anonymous>:3590:9) <- at evalmachine.<anonymous>:5385:68",
      "i": 416
    },
    {
      "id": 60,
      "key": "y",
      "old": 6.0154422131833565,
      "next": 6.015478516009286,
      "pileClock": 28.458333333333762,
      "state": "RESOLVING",
      "phase": "SETTLE",
      "d": 0.992376920457082,
      "stack": "at Object.set [as y] (evalmachine.<anonymous>:8129:423) <- at shift (evalmachine.<anonymous>:2016:18) <- at solvePair (evalmachine.<anonymous>:2032:9) <- at resolveVisualContacts (evalmachine.<anonymous>:2059:43) <- at resolveVisualContacts (evalmachine.<anonymous>:3590:9) <- at evalmachine.<anonymous>:5385:68",
      "i": 417
    },
    {
      "id": 58,
      "key": "x",
      "old": 4.969312077526463,
      "next": 4.9845582366122985,
      "pileClock": 28.458333333333762,
      "state": "RESOLVING",
      "phase": "SETTLE",
      "d": 0.9999999356630898,
      "stack": "at Object.set [as x] (evalmachine.<anonymous>:8129:423) <- at shift (evalmachine.<anonymous>:2013:14) <- at solvePair (evalmachine.<anonymous>:2033:9) <- at resolveVisualContacts (evalmachine.<anonymous>:2059:43) <- at resolveVisualContacts (evalmachine.<anonymous>:3590:9) <- at evalmachine.<anonymous>:5385:68",
      "i": 418
    },
    {
      "id": 58,
      "key": "x",
      "old": 4.9845582366122985,
      "next": 4.9845583652861185,
      "pileClock": 28.458333333333762,
      "state": "RESOLVING",
      "phase": "SETTLE",
      "d": 0.999999999999461,
      "stack": "at Object.set [as x] (evalmachine.<anonymous>:8129:423) <- at shift (evalmachine.<anonymous>:2013:14) <- at solvePair (evalmachine.<anonymous>:2040:25) <- at resolveVisualContacts (evalmachine.<anonymous>:2059:43) <- at resolveVisualContacts (evalmachine.<anonymous>:3590:9) <- at evalmachine.<anonymous>:5385:68",
      "i": 419
    },
    {
      "id": 58,
      "key": "x",
      "old": 4.9845583652861185,
      "next": 4.97627948280147,
      "pileClock": 28.458333333333762,
      "state": "RESOLVING",
      "phase": "SETTLE",
      "d": 0.9958605935707853,
      "stack": "at Object.set [as x] (evalmachine.<anonymous>:8129:423) <- at shift (evalmachine.<anonymous>:2013:14) <- at solvePair (evalmachine.<anonymous>:2032:9) <- at resolveVisualContacts (evalmachine.<anonymous>:2059:43) <- at resolveVisualContacts (evalmachine.<anonymous>:3590:9) <- at evalmachine.<anonymous>:5385:68",
      "i": 420
    },
    {
      "id": 58,
      "key": "x",
      "old": 4.97627948280147,
      "next": 4.972234140046826,
      "pileClock": 28.458333333333762,
      "state": "RESOLVING",
      "phase": "SETTLE",
      "d": 0.9938379393100668,
      "stack": "at Object.set [as x] (evalmachine.<anonymous>:8129:423) <- at shift (evalmachine.<anonymous>:2013:14) <- at solvePair (evalmachine.<anonymous>:2040:25) <- at resolveVisualContacts (evalmachine.<anonymous>:2059:43) <- at resolveVisualContacts (evalmachine.<anonymous>:3590:9) <- at evalmachine.<anonymous>:5385:68",
      "i": 421
    },
    {
      "id": 58,
      "key": "x",
      "old": 4.972234140046826,
      "next": 4.970266662137367,
      "pileClock": 28.458333333333762,
      "state": "RESOLVING",
      "phase": "SETTLE",
      "d": 0.9928542087053127,
      "stack": "at Object.set [as x] (evalmachine.<anonymous>:8129:423) <- at shift (evalmachine.<anonymous>:2013:14) <- at solvePair (evalmachine.<anonymous>:2040:25) <- at resolveVisualContacts (evalmachine.<anonymous>:2059:43) <- at resolveVisualContacts (evalmachine.<anonymous>:3590:9) <- at evalmachine.<anonymous>:5385:68",
      "i": 422
    },
    {
      "id": 58,
      "key": "x",
      "old": 4.970266662137367,
      "next": 4.969311945154217,
      "pileClock": 28.458333333333762,
      "state": "RESOLVING",
      "phase": "SETTLE",
      "d": 0.9923768542715221,
      "stack": "at Object.set [as x] (evalmachine.<anonymous>:8129:423) <- at shift (evalmachine.<anonymous>:2013:14) <- at solvePair (evalmachine.<anonymous>:2040:25) <- at resolveVisualContacts (evalmachine.<anonymous>:2059:43) <- at resolveVisualContacts (evalmachine.<anonymous>:3590:9) <- at evalmachine.<anonymous>:5385:68",
      "i": 423
    },
    {
      "id": 60,
      "key": "x",
      "old": 2.9845751161181764,
      "next": 2.9998175325611203,
      "pileClock": 28.458333333333762,
      "state": "RESOLVING",
      "phase": "SETTLE",
      "d": 0.9847557113668797,
      "stack": "at Object.set [as x] (evalmachine.<anonymous>:8129:423) <- at shift (evalmachine.<anonymous>:2013:14) <- at solvePair (evalmachine.<anonymous>:2033:9) <- at resolveVisualContacts (evalmachine.<anonymous>:2059:43) <- at resolveVisualContacts (evalmachine.<anonymous>:3590:9) <- at evalmachine.<anonymous>:5385:68",
      "i": 424
    },
    {
      "id": 60,
      "key": "y",
      "old": 6.015478516009286,
      "next": 6.0155973978722175,
      "pileClock": 28.458333333333762,
      "state": "RESOLVING",
      "phase": "SETTLE",
      "d": 0.984756144641479,
      "stack": "at Object.set [as y] (evalmachine.<anonymous>:8129:423) <- at shift (evalmachine.<anonymous>:2016:18) <- at solvePair (evalmachine.<anonymous>:2033:9) <- at resolveVisualContacts (evalmachine.<anonymous>:2059:43) <- at resolveVisualContacts (evalmachine.<anonymous>:3590:9) <- at evalmachine.<anonymous>:5385:68",
      "i": 425
    },
    {
      "id": 60,
      "key": "x",
      "old": 2.9998175325611203,
      "next": 2.984573815566638,
      "pileClock": 28.458333333333762,
      "state": "RESOLVING",
      "phase": "SETTLE",
      "d": 0.9923779344886673,
      "stack": "at Object.set [as x] (evalmachine.<anonymous>:8129:423) <- at shift (evalmachine.<anonymous>:2013:14) <- at solvePair (evalmachine.<anonymous>:2032:9) <- at resolveVisualContacts (evalmachine.<anonymous>:2059:43) <- at resolveVisualContacts (evalmachine.<anonymous>:3590:9) <- at evalmachine.<anonymous>:5385:68",
      "i": 426
    },
    {
      "id": 60,
      "key": "y",
      "old": 6.0155973978722175,
      "next": 6.015634896243914,
      "pileClock": 28.458333333333762,
      "state": "RESOLVING",
      "phase": "SETTLE",
      "d": 0.9923780723207395,
      "stack": "at Object.set [as y] (evalmachine.<anonymous>:8129:423) <- at shift (evalmachine.<anonymous>:2016:18) <- at solvePair (evalmachine.<anonymous>:2032:9) <- at resolveVisualContacts (evalmachine.<anonymous>:2059:43) <- at resolveVisualContacts (evalmachine.<anonymous>:3590:9) <- at evalmachine.<anonymous>:5385:68",
      "i": 427
    },
    {
      "id": 58,
      "key": "x",
      "old": 4.969311945154217,
      "next": 4.984555800512738,
      "pileClock": 28.458333333333762,
      "state": "RESOLVING",
      "phase": "SETTLE",
      "d": 0.9999999313452788,
      "stack": "at Object.set [as x] (evalmachine.<anonymous>:8129:423) <- at shift (evalmachine.<anonymous>:2013:14) <- at solvePair (evalmachine.<anonymous>:2033:9) <- at resolveVisualContacts (evalmachine.<anonymous>:2059:43) <- at resolveVisualContacts (evalmachine.<anonymous>:3590:9) <- at evalmachine.<anonymous>:5385:68",
      "i": 428
    },
    {
      "id": 58,
      "key": "x",
      "old": 4.984555800512738,
      "next": 4.98455593782218,
      "pileClock": 28.458333333333762,
      "state": "RESOLVING",
      "phase": "SETTLE",
      "d": 0.9999999999993859,
      "stack": "at Object.set [as x] (evalmachine.<anonymous>:8129:423) <- at shift (evalmachine.<anonymous>:2013:14) <- at solvePair (evalmachine.<anonymous>:2040:25) <- at resolveVisualContacts (evalmachine.<anonymous>:2059:43) <- at resolveVisualContacts (evalmachine.<anonymous>:3590:9) <- at evalmachine.<anonymous>:5385:68",
      "i": 429
    },
    {
      "id": 58,
      "key": "x",
      "old": 4.98455593782218,
      "next": 4.976278292935561,
      "pileClock": 28.458333333333762,
      "state": "RESOLVING",
      "phase": "SETTLE",
      "d": 0.995861214706236,
      "stack": "at Object.set [as x] (evalmachine.<anonymous>:8129:423) <- at shift (evalmachine.<anonymous>:2013:14) <- at solvePair (evalmachine.<anonymous>:2032:9) <- at resolveVisualContacts (evalmachine.<anonymous>:2059:43) <- at resolveVisualContacts (evalmachine.<anonymous>:3590:9) <- at evalmachine.<anonymous>:5385:68",
      "i": 430
    },
    {
      "id": 58,
      "key": "x",
      "old": 4.976278292935561,
      "next": 4.972233560460645,
      "pileClock": 28.458333333333762,
      "state": "RESOLVING",
      "phase": "SETTLE",
      "d": 0.9938388667341169,
      "stack": "at Object.set [as x] (evalmachine.<anonymous>:8129:423) <- at shift (evalmachine.<anonymous>:2013:14) <- at solvePair (evalmachine.<anonymous>:2040:25) <- at resolveVisualContacts (evalmachine.<anonymous>:2059:43) <- at resolveVisualContacts (evalmachine.<anonymous>:3590:9) <- at evalmachine.<anonymous>:5385:68",
      "i": 431
    },
    {
      "id": 58,
      "key": "x",
      "old": 4.972233560460645,
      "next": 4.970266380683977,
      "pileClock": 28.458333333333762,
      "state": "RESOLVING",
      "phase": "SETTLE",
      "d": 0.9928552857561349,
      "stack": "at Object.set [as x] (evalmachine.<anonymous>:8129:423) <- at shift (evalmachine.<anonymous>:2013:14) <- at solvePair (evalmachine.<anonymous>:2040:25) <- at resolveVisualContacts (evalmachine.<anonymous>:2059:43) <- at resolveVisualContacts (evalmachine.<anonymous>:3590:9) <- at evalmachine.<anonymous>:5385:68",
      "i": 432
    },
    {
      "id": 58,
      "key": "x",
      "old": 4.970266380683977,
      "next": 4.969311808681019,
      "pileClock": 28.458333333333762,
      "state": "RESOLVING",
      "phase": "SETTLE",
      "d": 0.99237800408476,
      "stack": "at Object.set [as x] (evalmachine.<anonymous>:8129:423) <- at shift (evalmachine.<anonymous>:2013:14) <- at solvePair (evalmachine.<anonymous>:2040:25) <- at resolveVisualContacts (evalmachine.<anonymous>:2059:43) <- at resolveVisualContacts (evalmachine.<anonymous>:3590:9) <- at evalmachine.<anonymous>:5385:68",
      "i": 433
    },
    {
      "id": 60,
      "key": "x",
      "old": 2.984573815566638,
      "next": 2.999813827254153,
      "pileClock": 28.458333333333762,
      "state": "RESOLVING",
      "phase": "SETTLE",
      "d": 0.9847580679407769,
      "stack": "at Object.set [as x] (evalmachine.<anonymous>:8129:423) <- at shift (evalmachine.<anonymous>:2013:14) <- at solvePair (evalmachine.<anonymous>:2033:9) <- at resolveVisualContacts (evalmachine.<anonymous>:2059:43) <- at resolveVisualContacts (evalmachine.<anonymous>:3590:9) <- at evalmachine.<anonymous>:5385:68",
      "i": 434
    },
    {
      "id": 60,
      "key": "y",
      "old": 6.015634896243914,
      "next": 6.015754960309872,
      "pileClock": 28.458333333333762,
      "state": "RESOLVING",
      "phase": "SETTLE",
      "d": 0.984758519876698,
      "stack": "at Object.set [as y] (evalmachine.<anonymous>:8129:423) <- at shift (evalmachine.<anonymous>:2016:18) <- at solvePair (evalmachine.<anonymous>:2033:9) <- at resolveVisualContacts (evalmachine.<anonymous>:2059:43) <- at resolveVisualContacts (evalmachine.<anonymous>:3590:9) <- at evalmachine.<anonymous>:5385:68",
      "i": 435
    },
    {
      "id": 60,
      "key": "x",
      "old": 2.999813827254153,
      "next": 2.9845724946173156,
      "pileClock": 28.458333333333762,
      "state": "RESOLVING",
      "phase": "SETTLE",
      "d": 0.9923791130188778,
      "stack": "at Object.set [as x] (evalmachine.<anonymous>:8129:423) <- at shift (evalmachine.<anonymous>:2013:14) <- at solvePair (evalmachine.<anonymous>:2032:9) <- at resolveVisualContacts (evalmachine.<anonymous>:2059:43) <- at resolveVisualContacts (evalmachine.<anonymous>:3590:9) <- at evalmachine.<anonymous>:5385:68",
      "i": 436
    },
    {
      "id": 60,
      "key": "y",
      "old": 6.015754960309872,
      "next": 6.015793672075018,
      "pileClock": 28.458333333333762,
      "state": "RESOLVING",
      "phase": "SETTLE",
      "d": 0.9923792599383489,
      "stack": "at Object.set [as y] (evalmachine.<anonymous>:8129:423) <- at shift (evalmachine.<anonymous>:2016:18) <- at solvePair (evalmachine.<anonymous>:2032:9) <- at resolveVisualContacts (evalmachine.<anonymous>:2059:43) <- at resolveVisualContacts (evalmachine.<anonymous>:3590:9) <- at evalmachine.<anonymous>:5385:68",
      "i": 437
    },
    {
      "id": 58,
      "key": "x",
      "old": 4.969311808681019,
      "next": 4.984553288804321,
      "pileClock": 28.458333333333762,
      "state": "RESOLVING",
      "phase": "SETTLE",
      "d": 0.9999999268187427,
      "stack": "at Object.set [as x] (evalmachine.<anonymous>:8129:423) <- at shift (evalmachine.<anonymous>:2013:14) <- at solvePair (evalmachine.<anonymous>:2033:9) <- at resolveVisualContacts (evalmachine.<anonymous>:2059:43) <- at resolveVisualContacts (evalmachine.<anonymous>:3590:9) <- at evalmachine.<anonymous>:5385:68",
      "i": 438
    },
    {
      "id": 58,
      "key": "x",
      "old": 4.984553288804321,
      "next": 4.984553435166835,
      "pileClock": 28.458333333333762,
      "state": "RESOLVING",
      "phase": "SETTLE",
      "d": 0.9999999999993022,
      "stack": "at Object.set [as x] (evalmachine.<anonymous>:8129:423) <- at shift (evalmachine.<anonymous>:2013:14) <- at solvePair (evalmachine.<anonymous>:2040:25) <- at resolveVisualContacts (evalmachine.<anonymous>:2059:43) <- at resolveVisualContacts (evalmachine.<anonymous>:3590:9) <- at evalmachine.<anonymous>:5385:68",
      "i": 439
    },
    {
      "id": 58,
      "key": "x",
      "old": 4.984553435166835,
      "next": 4.976277066215499,
      "pileClock": 28.458333333333762,
      "state": "RESOLVING",
      "phase": "SETTLE",
      "d": 0.9958618551232626,
      "stack": "at Object.set [as x] (evalmachine.<anonymous>:8129:423) <- at shift (evalmachine.<anonymous>:2013:14) <- at solvePair (evalmachine.<anonymous>:2032:9) <- at resolveVisualContacts (evalmachine.<anonymous>:2059:43) <- at resolveVisualContacts (evalmachine.<anonymous>:3590:9) <- at evalmachine.<anonymous>:5385:68",
      "i": 440
    },
    {
      "id": 58,
      "key": "x",
      "old": 4.976277066215499,
      "next": 4.972232962923276,
      "pileClock": 28.458333333333762,
      "state": "RESOLVING",
      "phase": "SETTLE",
      "d": 0.9938398229467549,
      "stack": "at Object.set [as x] (evalmachine.<anonymous>:8129:423) <- at shift (evalmachine.<anonymous>:2013:14) <- at solvePair (evalmachine.<anonymous>:2040:25) <- at resolveVisualContacts (evalmachine.<anonymous>:2059:43) <- at resolveVisualContacts (evalmachine.<anonymous>:3590:9) <- at evalmachine.<anonymous>:5385:68",
      "i": 441
    },
    {
      "id": 58,
      "key": "x",
      "old": 4.972232962923276,
      "next": 4.970266090513424,
      "pileClock": 28.458333333333762,
      "state": "RESOLVING",
      "phase": "SETTLE",
      "d": 0.9928563962396444,
      "stack": "at Object.set [as x] (evalmachine.<anonymous>:8129:423) <- at shift (evalmachine.<anonymous>:2013:14) <- at solvePair (evalmachine.<anonymous>:2040:25) <- at resolveVisualContacts (evalmachine.<anonymous>:2059:43) <- at resolveVisualContacts (evalmachine.<anonymous>:3590:9) <- at evalmachine.<anonymous>:5385:68",
      "i": 442
    },
    {
      "id": 58,
      "key": "x",
      "old": 4.970266090513424,
      "next": 4.9693116679810085,
      "pileClock": 28.458333333333762,
      "state": "RESOLVING",
      "phase": "SETTLE",
      "d": 0.9923791895890243,
      "stack": "at Object.set [as x] (evalmachine.<anonymous>:8129:423) <- at shift (evalmachine.<anonymous>:2013:14) <- at solvePair (evalmachine.<anonymous>:2040:25) <- at resolveVisualContacts (evalmachine.<anonymous>:2059:43) <- at resolveVisualContacts (evalmachine.<anonymous>:3590:9) <- at evalmachine.<anonymous>:5385:68",
      "i": 443
    },
    {
      "id": 60,
      "key": "x",
      "old": 2.9845724946173156,
      "next": 2.9998100270921815,
      "pileClock": 28.458333333333762,
      "state": "RESOLVING",
      "phase": "SETTLE",
      "d": 0.9847604976461105,
      "stack": "at Object.set [as x] (evalmachine.<anonymous>:8129:423) <- at shift (evalmachine.<anonymous>:2013:14) <- at solvePair (evalmachine.<anonymous>:2033:9) <- at resolveVisualContacts (evalmachine.<anonymous>:2059:43) <- at resolveVisualContacts (evalmachine.<anonymous>:3590:9) <- at evalmachine.<anonymous>:5385:68",
      "i": 444
    },
    {
      "id": 60,
      "key": "y",
      "old": 6.015793672075018,
      "next": 6.015914935768732,
      "pileClock": 28.458333333333762,
      "state": "RESOLVING",
      "phase": "SETTLE",
      "d": 0.9847609688156164,
      "stack": "at Object.set [as y] (evalmachine.<anonymous>:8129:423) <- at shift (evalmachine.<anonymous>:2016:18) <- at solvePair (evalmachine.<anonymous>:2033:9) <- at resolveVisualContacts (evalmachine.<anonymous>:2059:43) <- at resolveVisualContacts (evalmachine.<anonymous>:3590:9) <- at evalmachine.<anonymous>:5385:68",
      "i": 445
    },
    {
      "id": 60,
      "key": "x",
      "old": 2.9998100270921815,
      "next": 2.9845711529523498,
      "pileClock": 28.458333333333762,
      "state": "RESOLVING",
      "phase": "SETTLE",
      "d": 0.9923803279669454,
      "stack": "at Object.set [as x] (evalmachine.<anonymous>:8129:423) <- at shift (evalmachine.<anonymous>:2013:14) <- at solvePair (evalmachine.<anonymous>:2032:9) <- at resolveVisualContacts (evalmachine.<anonymous>:2059:43) <- at resolveVisualContacts (evalmachine.<anonymous>:3590:9) <- at evalmachine.<anonymous>:5385:68",
      "i": 446
    },
    {
      "id": 60,
      "key": "y",
      "old": 6.015914935768732,
      "next": 6.0159548790159265,
      "pileClock": 28.458333333333762,
      "state": "RESOLVING",
      "phase": "SETTLE",
      "d": 0.9923804844078082,
      "stack": "at Object.set [as y] (evalmachine.<anonymous>:8129:423) <- at shift (evalmachine.<anonymous>:2016:18) <- at solvePair (evalmachine.<anonymous>:2032:9) <- at resolveVisualContacts (evalmachine.<anonymous>:2059:43) <- at resolveVisualContacts (evalmachine.<anonymous>:3590:9) <- at evalmachine.<anonymous>:5385:68",
      "i": 447
    },
    {
      "id": 58,
      "key": "x",
      "old": 4.9693116679810085,
      "next": 4.984550699165392,
      "pileClock": 28.458333333333762,
      "state": "RESOLVING",
      "phase": "SETTLE",
      "d": 0.9999999220760224,
      "stack": "at Object.set [as x] (evalmachine.<anonymous>:8129:423) <- at shift (evalmachine.<anonymous>:2013:14) <- at solvePair (evalmachine.<anonymous>:2033:9) <- at resolveVisualContacts (evalmachine.<anonymous>:2059:43) <- at resolveVisualContacts (evalmachine.<anonymous>:3590:9) <- at evalmachine.<anonymous>:5385:68",
      "i": 448
    },
    {
      "id": 58,
      "key": "x",
      "old": 4.984550699165392,
      "next": 4.984550855013347,
      "pileClock": 28.458333333333762,
      "state": "RESOLVING",
      "phase": "SETTLE",
      "d": 0.9999999999992092,
      "stack": "at Object.set [as x] (evalmachine.<anonymous>:8129:423) <- at shift (evalmachine.<anonymous>:2013:14) <- at solvePair (evalmachine.<anonymous>:2040:25) <- at resolveVisualContacts (evalmachine.<anonymous>:2059:43) <- at resolveVisualContacts (evalmachine.<anonymous>:3590:9) <- at evalmachine.<anonymous>:5385:68",
      "i": 449
    },
    {
      "id": 58,
      "key": "x",
      "old": 4.984550855013347,
      "next": 4.976275801510811,
      "pileClock": 28.458333333333762,
      "state": "RESOLVING",
      "phase": "SETTLE",
      "d": 0.9958625154140333,
      "stack": "at Object.set [as x] (evalmachine.<anonymous>:8129:423) <- at shift (evalmachine.<anonymous>:2013:14) <- at solvePair (evalmachine.<anonymous>:2032:9) <- at resolveVisualContacts (evalmachine.<anonymous>:2059:43) <- at resolveVisualContacts (evalmachine.<anonymous>:3590:9) <- at evalmachine.<anonymous>:5385:68",
      "i": 450
    },
    {
      "id": 58,
      "key": "x",
      "old": 4.976275801510811,
      "next": 4.972232346884114,
      "pileClock": 28.458333333333762,
      "state": "RESOLVING",
      "phase": "SETTLE",
      "d": 0.9938408088320692,
      "stack": "at Object.set [as x] (evalmachine.<anonymous>:8129:423) <- at shift (evalmachine.<anonymous>:2013:14) <- at solvePair (evalmachine.<anonymous>:2040:25) <- at resolveVisualContacts (evalmachine.<anonymous>:2059:43) <- at resolveVisualContacts (evalmachine.<anonymous>:3590:9) <- at evalmachine.<anonymous>:5385:68",
      "i": 451
    },
    {
      "id": 58,
      "key": "x",
      "old": 4.972232346884114,
      "next": 4.970265791358339,
      "pileClock": 28.458333333333762,
      "state": "RESOLVING",
      "phase": "SETTLE",
      "d": 0.9928575411825167,
      "stack": "at Object.set [as x] (evalmachine.<anonymous>:8129:423) <- at shift (evalmachine.<anonymous>:2013:14) <- at solvePair (evalmachine.<anonymous>:2040:25) <- at resolveVisualContacts (evalmachine.<anonymous>:2059:43) <- at resolveVisualContacts (evalmachine.<anonymous>:3590:9) <- at evalmachine.<anonymous>:5385:68",
      "i": 452
    },
    {
      "id": 58,
      "key": "x",
      "old": 4.970265791358339,
      "next": 4.969311522924546,
      "pileClock": 28.458333333333762,
      "state": "RESOLVING",
      "phase": "SETTLE",
      "d": 0.9923804118803242,
      "stack": "at Object.set [as x] (evalmachine.<anonymous>:8129:423) <- at shift (evalmachine.<anonymous>:2013:14) <- at solvePair (evalmachine.<anonymous>:2040:25) <- at resolveVisualContacts (evalmachine.<anonymous>:2059:43) <- at resolveVisualContacts (evalmachine.<anonymous>:3590:9) <- at evalmachine.<anonymous>:5385:68",
      "i": 453
    },
    {
      "id": 60,
      "key": "x",
      "old": 2.9845711529523498,
      "next": 2.999806129475377,
      "pileClock": 28.458333333333762,
      "state": "RESOLVING",
      "phase": "SETTLE",
      "d": 0.9847630027274384,
      "stack": "at Object.set [as x] (evalmachine.<anonymous>:8129:423) <- at shift (evalmachine.<anonymous>:2013:14) <- at solvePair (evalmachine.<anonymous>:2033:9) <- at resolveVisualContacts (evalmachine.<anonymous>:2059:43) <- at resolveVisualContacts (evalmachine.<anonymous>:3590:9) <- at evalmachine.<anonymous>:5385:68",
      "i": 454
    },
    {
      "id": 60,
      "key": "y",
      "old": 6.0159548790159265,
      "next": 6.016077359989649,
      "pileClock": 28.458333333333762,
      "state": "RESOLVING",
      "phase": "SETTLE",
      "d": 0.984763493719953,
      "stack": "at Object.set [as y] (evalmachine.<anonymous>:8129:423) <- at shift (evalmachine.<anonymous>:2016:18) <- at solvePair (evalmachine.<anonymous>:2033:9) <- at resolveVisualContacts (evalmachine.<anonymous>:2059:43) <- at resolveVisualContacts (evalmachine.<anonymous>:3590:9) <- at evalmachine.<anonymous>:5385:68",
      "i": 455
    },
    {
      "id": 60,
      "key": "x",
      "old": 2.999806129475377,
      "next": 2.984569790249134,
      "pileClock": 28.458333333333762,
      "state": "RESOLVING",
      "phase": "SETTLE",
      "d": 0.9923815804482846,
      "stack": "at Object.set [as x] (evalmachine.<anonymous>:8129:423) <- at shift (evalmachine.<anonymous>:2013:14) <- at solvePair (evalmachine.<anonymous>:2032:9) <- at resolveVisualContacts (evalmachine.<anonymous>:2059:43) <- at resolveVisualContacts (evalmachine.<anonymous>:3590:9) <- at evalmachine.<anonymous>:5385:68",
      "i": 456
    },
    {
      "id": 60,
      "key": "y",
      "old": 6.016077359989649,
      "next": 6.016118553050402,
      "pileClock": 28.458333333333762,
      "state": "RESOLVING",
      "phase": "SETTLE",
      "d": 0.9923817468599765,
      "stack": "at Object.set [as y] (evalmachine.<anonymous>:8129:423) <- at shift (evalmachine.<anonymous>:2016:18) <- at solvePair (evalmachine.<anonymous>:2032:9) <- at resolveVisualContacts (evalmachine.<anonymous>:2059:43) <- at resolveVisualContacts (evalmachine.<anonymous>:3590:9) <- at evalmachine.<anonymous>:5385:68",
      "i": 457
    },
    {
      "id": 58,
      "key": "x",
      "old": 4.969311522924546,
      "next": 4.984548029204593,
      "pileClock": 28.458333333333762,
      "state": "RESOLVING",
      "phase": "SETTLE",
      "d": 0.9999999171094236,
      "stack": "at Object.set [as x] (evalmachine.<anonymous>:8129:423) <- at shift (evalmachine.<anonymous>:2013:14) <- at solvePair (evalmachine.<anonymous>:2033:9) <- at resolveVisualContacts (evalmachine.<anonymous>:2059:43) <- at resolveVisualContacts (evalmachine.<anonymous>:3590:9) <- at evalmachine.<anonymous>:5385:68",
      "i": 458
    },
    {
      "id": 58,
      "key": "x",
      "old": 4.984548029204593,
      "next": 4.984548194985745,
      "pileClock": 28.458333333333762,
      "state": "RESOLVING",
      "phase": "SETTLE",
      "d": 0.9999999999991047,
      "stack": "at Object.set [as x] (evalmachine.<anonymous>:8129:423) <- at shift (evalmachine.<anonymous>:2013:14) <- at solvePair (evalmachine.<anonymous>:2040:25) <- at resolveVisualContacts (evalmachine.<anonymous>:2059:43) <- at resolveVisualContacts (evalmachine.<anonymous>:3590:9) <- at evalmachine.<anonymous>:5385:68",
      "i": 459
    },
    {
      "id": 58,
      "key": "x",
      "old": 4.984548194985745,
      "next": 4.9762744976571005,
      "pileClock": 28.458333333333762,
      "state": "RESOLVING",
      "phase": "SETTLE",
      "d": 0.9958631961884991,
      "stack": "at Object.set [as x] (evalmachine.<anonymous>:8129:423) <- at shift (evalmachine.<anonymous>:2013:14) <- at solvePair (evalmachine.<anonymous>:2032:9) <- at resolveVisualContacts (evalmachine.<anonymous>:2059:43) <- at resolveVisualContacts (evalmachine.<anonymous>:3590:9) <- at evalmachine.<anonymous>:5385:68",
      "i": 460
    },
    {
      "id": 58,
      "key": "x",
      "old": 4.9762744976571005,
      "next": 4.972231711776036,
      "pileClock": 28.458333333333762,
      "state": "RESOLVING",
      "phase": "SETTLE",
      "d": 0.9938418253006933,
      "stack": "at Object.set [as x] (evalmachine.<anonymous>:8129:423) <- at shift (evalmachine.<anonymous>:2013:14) <- at solvePair (evalmachine.<anonymous>:2040:25) <- at resolveVisualContacts (evalmachine.<anonymous>:2059:43) <- at resolveVisualContacts (evalmachine.<anonymous>:3590:9) <- at evalmachine.<anonymous>:5385:68",
      "i": 461
    },
    {
      "id": 58,
      "key": "x",
      "old": 4.972231711776036,
      "next": 4.970265482943335,
      "pileClock": 28.458333333333762,
      "state": "RESOLVING",
      "phase": "SETTLE",
      "d": 0.992858721642251,
      "stack": "at Object.set [as x] (evalmachine.<anonymous>:8129:423) <- at shift (evalmachine.<anonymous>:2013:14) <- at solvePair (evalmachine.<anonymous>:2040:25) <- at resolveVisualContacts (evalmachine.<anonymous>:2059:43) <- at resolveVisualContacts (evalmachine.<anonymous>:3590:9) <- at evalmachine.<anonymous>:5385:68",
      "i": 462
    },
    {
      "id": 58,
      "key": "x",
      "old": 4.970265482943335,
      "next": 4.9693113733781,
      "pileClock": 28.458333333333762,
      "state": "RESOLVING",
      "phase": "SETTLE",
      "d": 0.9923816720875736,
      "stack": "at Object.set [as x] (evalmachine.<anonymous>:8129:423) <- at shift (evalmachine.<anonymous>:2013:14) <- at solvePair (evalmachine.<anonymous>:2040:25) <- at resolveVisualContacts (evalmachine.<anonymous>:2059:43) <- at resolveVisualContacts (evalmachine.<anonymous>:3590:9) <- at evalmachine.<anonymous>:5385:68",
      "i": 463
    },
    {
      "id": 60,
      "key": "x",
      "old": 2.984569790249134,
      "next": 2.999802131730817,
      "pileClock": 28.458333333333762,
      "state": "RESOLVING",
      "phase": "SETTLE",
      "d": 0.9847655854966318,
      "stack": "at Object.set [as x] (evalmachine.<anonymous>:8129:423) <- at shift (evalmachine.<anonymous>:2013:14) <- at solvePair (evalmachine.<anonymous>:2033:9) <- at resolveVisualContacts (evalmachine.<anonymous>:2059:43) <- at resolveVisualContacts (evalmachine.<anonymous>:3590:9) <- at evalmachine.<anonymous>:5385:68",
      "i": 464
    },
    {
      "id": 60,
      "key": "y",
      "old": 6.016118553050402,
      "next": 6.016242269185486,
      "pileClock": 28.458333333333762,
      "state": "RESOLVING",
      "phase": "SETTLE",
      "d": 0.9847660969192295,
      "stack": "at Object.set [as y] (evalmachine.<anonymous>:8129:423) <- at shift (evalmachine.<anonymous>:2016:18) <- at solvePair (evalmachine.<anonymous>:2033:9) <- at resolveVisualContacts (evalmachine.<anonymous>:2059:43) <- at resolveVisualContacts (evalmachine.<anonymous>:3590:9) <- at evalmachine.<anonymous>:5385:68",
      "i": 465
    },
    {
      "id": 60,
      "key": "x",
      "old": 2.999802131730817,
      "next": 2.984568406180252,
      "pileClock": 28.458333333333762,
      "state": "RESOLVING",
      "phase": "SETTLE",
      "d": 0.9923828716117327,
      "stack": "at Object.set [as x] (evalmachine.<anonymous>:8129:423) <- at shift (evalmachine.<anonymous>:2013:14) <- at solvePair (evalmachine.<anonymous>:2032:9) <- at resolveVisualContacts (evalmachine.<anonymous>:2059:43) <- at resolveVisualContacts (evalmachine.<anonymous>:3590:9) <- at evalmachine.<anonymous>:5385:68",
      "i": 466
    },
    {
      "id": 60,
      "key": "y",
      "old": 6.016242269185486,
      "next": 6.016284730636174,
      "pileClock": 28.458333333333762,
      "state": "RESOLVING",
      "phase": "SETTLE",
      "d": 0.9923830484596148,
      "stack": "at Object.set [as y] (evalmachine.<anonymous>:8129:423) <- at shift (evalmachine.<anonymous>:2016:18) <- at solvePair (evalmachine.<anonymous>:2032:9) <- at resolveVisualContacts (evalmachine.<anonymous>:2059:43) <- at resolveVisualContacts (evalmachine.<anonymous>:3590:9) <- at evalmachine.<anonymous>:5385:68",
      "i": 467
    },
    {
      "id": 58,
      "key": "x",
      "old": 4.9693113733781,
      "next": 4.984545276458871,
      "pileClock": 28.458333333333762,
      "state": "RESOLVING",
      "phase": "SETTLE",
      "d": 0.9999999119110127,
      "stack": "at Object.set [as x] (evalmachine.<anonymous>:8129:423) <- at shift (evalmachine.<anonymous>:2013:14) <- at solvePair (evalmachine.<anonymous>:2033:9) <- at resolveVisualContacts (evalmachine.<anonymous>:2059:43) <- at resolveVisualContacts (evalmachine.<anonymous>:3590:9) <- at evalmachine.<anonymous>:5385:68",
      "i": 468
    },
    {
      "id": 58,
      "key": "x",
      "old": 4.984545276458871,
      "next": 4.984545452636845,
      "pileClock": 28.458333333333762,
      "state": "RESOLVING",
      "phase": "SETTLE",
      "d": 0.999999999998989,
      "stack": "at Object.set [as x] (evalmachine.<anonymous>:8129:423) <- at shift (evalmachine.<anonymous>:2013:14) <- at solvePair (evalmachine.<anonymous>:2040:25) <- at resolveVisualContacts (evalmachine.<anonymous>:2059:43) <- at resolveVisualContacts (evalmachine.<anonymous>:3590:9) <- at evalmachine.<anonymous>:5385:68",
      "i": 469
    },
    {
      "id": 58,
      "key": "x",
      "old": 4.984545452636845,
      "next": 4.976273153455084,
      "pileClock": 28.458333333333762,
      "state": "RESOLVING",
      "phase": "SETTLE",
      "d": 0.9958638980749047,
      "stack": "at Object.set [as x] (evalmachine.<anonymous>:8129:423) <- at shift (evalmachine.<anonymous>:2013:14) <- at solvePair (evalmachine.<anonymous>:2032:9) <- at resolveVisualContacts (evalmachine.<anonymous>:2059:43) <- at resolveVisualContacts (evalmachine.<anonymous>:3590:9) <- at evalmachine.<anonymous>:5385:68",
      "i": 470
    },
    {
      "id": 58,
      "key": "x",
      "old": 4.976273153455084,
      "next": 4.972231057014926,
      "pileClock": 28.458333333333762,
      "state": "RESOLVING",
      "phase": "SETTLE",
      "d": 0.9938428732905665,
      "stack": "at Object.set [as x] (evalmachine.<anonymous>:8129:423) <- at shift (evalmachine.<anonymous>:2013:14) <- at solvePair (evalmachine.<anonymous>:2040:25) <- at resolveVisualContacts (evalmachine.<anonymous>:2059:43) <- at resolveVisualContacts (evalmachine.<anonymous>:3590:9) <- at evalmachine.<anonymous>:5385:68",
      "i": 471
    },
    {
      "id": 58,
      "key": "x",
      "old": 4.972231057014926,
      "next": 4.970265164984771,
      "pileClock": 28.458333333333762,
      "state": "RESOLVING",
      "phase": "SETTLE",
      "d": 0.9928599387080543,
      "stack": "at Object.set [as x] (evalmachine.<anonymous>:8129:423) <- at shift (evalmachine.<anonymous>:2013:14) <- at solvePair (evalmachine.<anonymous>:2040:25) <- at resolveVisualContacts (evalmachine.<anonymous>:2059:43) <- at resolveVisualContacts (evalmachine.<anonymous>:3590:9) <- at evalmachine.<anonymous>:5385:68",
      "i": 472
    },
    {
      "id": 58,
      "key": "x",
      "old": 4.970265164984771,
      "next": 4.969311219204143,
      "pileClock": 28.458333333333762,
      "state": "RESOLVING",
      "phase": "SETTLE",
      "d": 0.9923829713735346,
      "stack": "at Object.set [as x] (evalmachine.<anonymous>:8129:423) <- at shift (evalmachine.<anonymous>:2013:14) <- at solvePair (evalmachine.<anonymous>:2040:25) <- at resolveVisualContacts (evalmachine.<anonymous>:2059:43) <- at resolveVisualContacts (evalmachine.<anonymous>:3590:9) <- at evalmachine.<anonymous>:5385:68",
      "i": 473
    },
    {
      "id": 60,
      "key": "x",
      "old": 2.984568406180252,
      "next": 2.999798031110477,
      "pileClock": 28.458333333333762,
      "state": "RESOLVING",
      "phase": "SETTLE",
      "d": 0.9847682483347986,
      "stack": "at Object.set [as x] (evalmachine.<anonymous>:8129:423) <- at shift (evalmachine.<anonymous>:2013:14) <- at solvePair (evalmachine.<anonymous>:2033:9) <- at resolveVisualContacts (evalmachine.<anonymous>:2059:43) <- at resolveVisualContacts (evalmachine.<anonymous>:3590:9) <- at evalmachine.<anonymous>:5385:68",
      "i": 474
    },
    {
      "id": 60,
      "key": "y",
      "old": 6.016284730636174,
      "next": 6.016409700044589,
      "pileClock": 28.458333333333762,
      "state": "RESOLVING",
      "phase": "SETTLE",
      "d": 0.984768780812706,
      "stack": "at Object.set [as y] (evalmachine.<anonymous>:8129:423) <- at shift (evalmachine.<anonymous>:2016:18) <- at solvePair (evalmachine.<anonymous>:2033:9) <- at resolveVisualContacts (evalmachine.<anonymous>:2059:43) <- at resolveVisualContacts (evalmachine.<anonymous>:3590:9) <- at evalmachine.<anonymous>:5385:68",
      "i": 475
    },
    {
      "id": 60,
      "key": "x",
      "old": 2.999798031110477,
      "next": 2.9845670004134215,
      "pileClock": 28.458333333333762,
      "state": "RESOLVING",
      "phase": "SETTLE",
      "d": 0.9923842026405006,
      "stack": "at Object.set [as x] (evalmachine.<anonymous>:8129:423) <- at shift (evalmachine.<anonymous>:2013:14) <- at solvePair (evalmachine.<anonymous>:2032:9) <- at resolveVisualContacts (evalmachine.<anonymous>:2059:43) <- at resolveVisualContacts (evalmachine.<anonymous>:3590:9) <- at evalmachine.<anonymous>:5385:68",
      "i": 476
    },
    {
      "id": 60,
      "key": "y",
      "old": 6.016409700044589,
      "next": 6.016453448708343,
      "pileClock": 28.458333333333762,
      "state": "RESOLVING",
      "phase": "SETTLE",
      "d": 0.9923843904063531,
      "stack": "at Object.set [as y] (evalmachine.<anonymous>:8129:423) <- at shift (evalmachine.<anonymous>:2016:18) <- at solvePair (evalmachine.<anonymous>:2032:9) <- at resolveVisualContacts (evalmachine.<anonymous>:2059:43) <- at resolveVisualContacts (evalmachine.<anonymous>:3590:9) <- at evalmachine.<anonymous>:5385:68",
      "i": 477
    },
    {
      "id": 58,
      "key": "x",
      "old": 4.969311219204143,
      "next": 4.984542438391437,
      "pileClock": 28.458333333333762,
      "state": "RESOLVING",
      "phase": "SETTLE",
      "d": 0.9999999064726106,
      "stack": "at Object.set [as x] (evalmachine.<anonymous>:8129:423) <- at shift (evalmachine.<anonymous>:2013:14) <- at solvePair (evalmachine.<anonymous>:2033:9) <- at resolveVisualContacts (evalmachine.<anonymous>:2059:43) <- at resolveVisualContacts (evalmachine.<anonymous>:3590:9) <- at evalmachine.<anonymous>:5385:68",
      "i": 478
    },
    {
      "id": 58,
      "key": "x",
      "old": 4.984542438391437,
      "next": 4.984542625446216,
      "pileClock": 28.458333333333762,
      "state": "RESOLVING",
      "phase": "SETTLE",
      "d": 0.99999999999886,
      "stack": "at Object.set [as x] (evalmachine.<anonymous>:8129:423) <- at shift (evalmachine.<anonymous>:2013:14) <- at solvePair (evalmachine.<anonymous>:2040:25) <- at resolveVisualContacts (evalmachine.<anonymous>:2059:43) <- at resolveVisualContacts (evalmachine.<anonymous>:3590:9) <- at evalmachine.<anonymous>:5385:68",
      "i": 479
    },
    {
      "id": 58,
      "key": "x",
      "old": 4.984542625446216,
      "next": 4.976271767669592,
      "pileClock": 28.458333333333762,
      "state": "RESOLVING",
      "phase": "SETTLE",
      "d": 0.9958646217203068,
      "stack": "at Object.set [as x] (evalmachine.<anonymous>:8129:423) <- at shift (evalmachine.<anonymous>:2013:14) <- at solvePair (evalmachine.<anonymous>:2032:9) <- at resolveVisualContacts (evalmachine.<anonymous>:2059:43) <- at resolveVisualContacts (evalmachine.<anonymous>:3590:9) <- at evalmachine.<anonymous>:5385:68",
      "i": 480
    },
    {
      "id": 58,
      "key": "x",
      "old": 4.976271767669592,
      "next": 4.972230381999193,
      "pileClock": 28.458333333333762,
      "state": "RESOLVING",
      "phase": "SETTLE",
      "d": 0.9938439537677113,
      "stack": "at Object.set [as x] (evalmachine.<anonymous>:8129:423) <- at shift (evalmachine.<anonymous>:2013:14) <- at solvePair (evalmachine.<anonymous>:2040:25) <- at resolveVisualContacts (evalmachine.<anonymous>:2059:43) <- at resolveVisualContacts (evalmachine.<anonymous>:3590:9) <- at evalmachine.<anonymous>:5385:68",
      "i": 481
    },
    {
      "id": 58,
      "key": "x",
      "old": 4.972230381999193,
      "next": 4.970264837190525,
      "pileClock": 28.458333333333762,
      "state": "RESOLVING",
      "phase": "SETTLE",
      "d": 0.9928611935017443,
      "stack": "at Object.set [as x] (evalmachine.<anonymous>:8129:423) <- at shift (evalmachine.<anonymous>:2013:14) <- at solvePair (evalmachine.<anonymous>:2040:25) <- at resolveVisualContacts (evalmachine.<anonymous>:2059:43) <- at resolveVisualContacts (evalmachine.<anonymous>:3590:9) <- at evalmachine.<anonymous>:5385:68",
      "i": 482
    },
    {
      "id": 58,
      "key": "x",
      "old": 4.970264837190525,
      "next": 4.969311060261031,
      "pileClock": 28.458333333333762,
      "state": "RESOLVING",
      "phase": "SETTLE",
      "d": 0.9923843109357806,
      "stack": "at Object.set [as x] (evalmachine.<anonymous>:8129:423) <- at shift (evalmachine.<anonymous>:2013:14) <- at solvePair (evalmachine.<anonymous>:2040:25) <- at resolveVisualContacts (evalmachine.<anonymous>:2059:43) <- at resolveVisualContacts (evalmachine.<anonymous>:3590:9) <- at evalmachine.<anonymous>:5385:68",
      "i": 483
    },
    {
      "id": 60,
      "key": "x",
      "old": 2.9845670004134215,
      "next": 2.9997938247891858,
      "pileClock": 28.458333333333762,
      "state": "RESOLVING",
      "phase": "SETTLE",
      "d": 0.9847709936942477,
      "stack": "at Object.set [as x] (evalmachine.<anonymous>:8129:423) <- at shift (evalmachine.<anonymous>:2013:14) <- at solvePair (evalmachine.<anonymous>:2033:9) <- at resolveVisualContacts (evalmachine.<anonymous>:2059:43) <- at resolveVisualContacts (evalmachine.<anonymous>:3590:9) <- at evalmachine.<anonymous>:5385:68",
      "i": 484
    },
    {
      "id": 60,
      "key": "y",
      "old": 6.016453448708343,
      "next": 6.016579689734121,
      "pileClock": 28.458333333333762,
      "state": "RESOLVING",
      "phase": "SETTLE",
      "d": 0.9847715478713587,
      "stack": "at Object.set [as y] (evalmachine.<anonymous>:8129:423) <- at shift (evalmachine.<anonymous>:2016:18) <- at solvePair (evalmachine.<anonymous>:2033:9) <- at resolveVisualContacts (evalmachine.<anonymous>:2059:43) <- at resolveVisualContacts (evalmachine.<anonymous>:3590:9) <- at evalmachine.<anonymous>:5385:68",
      "i": 485
    },
    {
      "id": 60,
      "key": "x",
      "old": 2.9997938247891858,
      "next": 2.9845655726114355,
      "pileClock": 28.458333333333762,
      "state": "RESOLVING",
      "phase": "SETTLE",
      "d": 0.9923855747531524,
      "stack": "at Object.set [as x] (evalmachine.<anonymous>:8129:423) <- at shift (evalmachine.<anonymous>:2013:14) <- at solvePair (evalmachine.<anonymous>:2032:9) <- at resolveVisualContacts (evalmachine.<anonymous>:2059:43) <- at resolveVisualContacts (evalmachine.<anonymous>:3590:9) <- at evalmachine.<anonymous>:5385:68",
      "i": 486
    },
    {
      "id": 60,
      "key": "y",
      "old": 6.016579689734121,
      "next": 6.016624744682666,
      "pileClock": 28.458333333333762,
      "state": "RESOLVING",
      "phase": "SETTLE",
      "d": 0.9923857739356793,
      "stack": "at Object.set [as y] (evalmachine.<anonymous>:8129:423) <- at shift (evalmachine.<anonymous>:2016:18) <- at solvePair (evalmachine.<anonymous>:2032:9) <- at resolveVisualContacts (evalmachine.<anonymous>:2059:43) <- at resolveVisualContacts (evalmachine.<anonymous>:3590:9) <- at evalmachine.<anonymous>:5385:68",
      "i": 487
    },
    {
      "id": 58,
      "key": "x",
      "old": 4.969311060261031,
      "next": 4.984539512389673,
      "pileClock": 28.458333333333762,
      "state": "RESOLVING",
      "phase": "SETTLE",
      "d": 0.9999999007857854,
      "stack": "at Object.set [as x] (evalmachine.<anonymous>:8129:423) <- at shift (evalmachine.<anonymous>:2013:14) <- at solvePair (evalmachine.<anonymous>:2033:9) <- at resolveVisualContacts (evalmachine.<anonymous>:2059:43) <- at resolveVisualContacts (evalmachine.<anonymous>:3590:9) <- at evalmachine.<anonymous>:5385:68",
      "i": 488
    },
    {
      "id": 58,
      "key": "x",
      "old": 4.984539512389673,
      "next": 4.984539710818102,
      "pileClock": 28.458333333333762,
      "state": "RESOLVING",
      "phase": "SETTLE",
      "d": 0.999999999998717,
      "stack": "at Object.set [as x] (evalmachine.<anonymous>:8129:423) <- at shift (evalmachine.<anonymous>:2013:14) <- at solvePair (evalmachine.<anonymous>:2040:25) <- at resolveVisualContacts (evalmachine.<anonymous>:2059:43) <- at resolveVisualContacts (evalmachine.<anonymous>:3590:9) <- at evalmachine.<anonymous>:5385:68",
      "i": 489
    },
    {
      "id": 58,
      "key": "x",
      "old": 4.984539710818102,
      "next": 4.97627033902855,
      "pileClock": 28.458333333333762,
      "state": "RESOLVING",
      "phase": "SETTLE",
      "d": 0.9958653677911099,
      "stack": "at Object.set [as x] (evalmachine.<anonymous>:8129:423) <- at shift (evalmachine.<anonymous>:2013:14) <- at solvePair (evalmachine.<anonymous>:2032:9) <- at resolveVisualContacts (evalmachine.<anonymous>:2059:43) <- at resolveVisualContacts (evalmachine.<anonymous>:3590:9) <- at evalmachine.<anonymous>:5385:68",
      "i": 490
    },
    {
      "id": 58,
      "key": "x",
      "old": 4.97627033902855,
      "next": 4.9722296861092765,
      "pileClock": 28.458333333333762,
      "state": "RESOLVING",
      "phase": "SETTLE",
      "d": 0.9938450677270322,
      "stack": "at Object.set [as x] (evalmachine.<anonymous>:8129:423) <- at shift (evalmachine.<anonymous>:2013:14) <- at solvePair (evalmachine.<anonymous>:2040:25) <- at resolveVisualContacts (evalmachine.<anonymous>:2059:43) <- at resolveVisualContacts (evalmachine.<anonymous>:3590:9) <- at evalmachine.<anonymous>:5385:68",
      "i": 491
    },
    {
      "id": 58,
      "key": "x",
      "old": 4.9722296861092765,
      "next": 4.970264499259747,
      "pileClock": 28.458333333333762,
      "state": "RESOLVING",
      "phase": "SETTLE",
      "d": 0.9928624871786743,
      "stack": "at Object.set [as x] (evalmachine.<anonymous>:8129:423) <- at shift (evalmachine.<anonymous>:2013:14) <- at solvePair (evalmachine.<anonymous>:2040:25) <- at resolveVisualContacts (evalmachine.<anonymous>:2059:43) <- at resolveVisualContacts (evalmachine.<anonymous>:3590:9) <- at evalmachine.<anonymous>:5385:68",
      "i": 492
    },
    {
      "id": 58,
      "key": "x",
      "old": 4.970264499259747,
      "next": 4.96931089640289,
      "pileClock": 28.458333333333762,
      "state": "RESOLVING",
      "phase": "SETTLE",
      "d": 0.9923856920076845,
      "stack": "at Object.set [as x] (evalmachine.<anonymous>:8129:423) <- at shift (evalmachine.<anonymous>:2013:14) <- at solvePair (evalmachine.<anonymous>:2040:25) <- at resolveVisualContacts (evalmachine.<anonymous>:2059:43) <- at resolveVisualContacts (evalmachine.<anonymous>:3590:9) <- at evalmachine.<anonymous>:5385:68",
      "i": 493
    },
    {
      "id": 60,
      "key": "x",
      "old": 2.9845655726114355,
      "next": 2.999789509862521,
      "pileClock": 28.458333333333762,
      "state": "RESOLVING",
      "phase": "SETTLE",
      "d": 0.9847738241005058,
      "stack": "at Object.set [as x] (evalmachine.<anonymous>:8129:423) <- at shift (evalmachine.<anonymous>:2013:14) <- at solvePair (evalmachine.<anonymous>:2033:9) <- at resolveVisualContacts (evalmachine.<anonymous>:2059:43) <- at resolveVisualContacts (evalmachine.<anonymous>:3590:9) <- at evalmachine.<anonymous>:5385:68",
      "i": 494
    },
    {
      "id": 60,
      "key": "y",
      "old": 6.016624744682666,
      "next": 6.01675227590328,
      "pileClock": 28.458333333333762,
      "state": "RESOLVING",
      "phase": "SETTLE",
      "d": 0.9847744006399083,
      "stack": "at Object.set [as y] (evalmachine.<anonymous>:8129:423) <- at shift (evalmachine.<anonymous>:2016:18) <- at solvePair (evalmachine.<anonymous>:2033:9) <- at resolveVisualContacts (evalmachine.<anonymous>:2059:43) <- at resolveVisualContacts (evalmachine.<anonymous>:3590:9) <- at evalmachine.<anonymous>:5385:68",
      "i": 495
    },
    {
      "id": 60,
      "key": "x",
      "old": 2.999789509862521,
      "next": 2.984564122432105,
      "pileClock": 28.458333333333762,
      "state": "RESOLVING",
      "phase": "SETTLE",
      "d": 0.9923869892046023,
      "stack": "at Object.set [as x] (evalmachine.<anonymous>:8129:423) <- at shift (evalmachine.<anonymous>:2013:14) <- at solvePair (evalmachine.<anonymous>:2032:9) <- at resolveVisualContacts (evalmachine.<anonymous>:2059:43) <- at resolveVisualContacts (evalmachine.<anonymous>:3590:9) <- at evalmachine.<anonymous>:5385:68",
      "i": 496
    },
    {
      "id": 60,
      "key": "y",
      "old": 6.01675227590328,
      "next": 6.016798656458708,
      "pileClock": 28.458333333333762,
      "state": "RESOLVING",
      "phase": "SETTLE",
      "d": 0.9923872003199542,
      "stack": "at Object.set [as y] (evalmachine.<anonymous>:8129:423) <- at shift (evalmachine.<anonymous>:2016:18) <- at solvePair (evalmachine.<anonymous>:2032:9) <- at resolveVisualContacts (evalmachine.<anonymous>:2059:43) <- at resolveVisualContacts (evalmachine.<anonymous>:3590:9) <- at evalmachine.<anonymous>:5385:68",
      "i": 497
    },
    {
      "id": 58,
      "key": "x",
      "old": 4.96931089640289,
      "next": 4.984536495762981,
      "pileClock": 28.458333333333762,
      "state": "RESOLVING",
      "phase": "SETTLE",
      "d": 0.9999998948418453,
      "stack": "at Object.set [as x] (evalmachine.<anonymous>:8129:423) <- at shift (evalmachine.<anonymous>:2013:14) <- at solvePair (evalmachine.<anonymous>:2033:9) <- at resolveVisualContacts (evalmachine.<anonymous>:2059:43) <- at resolveVisualContacts (evalmachine.<anonymous>:3590:9) <- at evalmachine.<anonymous>:5385:68",
      "i": 498
    },
    {
      "id": 58,
      "key": "x",
      "old": 4.984536495762981,
      "next": 4.9845367060792904,
      "pileClock": 28.458333333333762,
      "state": "RESOLVING",
      "phase": "SETTLE",
      "d": 0.9999999999985584,
      "stack": "at Object.set [as x] (evalmachine.<anonymous>:8129:423) <- at shift (evalmachine.<anonymous>:2013:14) <- at solvePair (evalmachine.<anonymous>:2040:25) <- at resolveVisualContacts (evalmachine.<anonymous>:2059:43) <- at resolveVisualContacts (evalmachine.<anonymous>:3590:9) <- at evalmachine.<anonymous>:5385:68",
      "i": 499
    },
    {
      "id": 58,
      "key": "x",
      "old": 4.9845367060792904,
      "next": 4.976268866221938,
      "pileClock": 28.458333333333762,
      "state": "RESOLVING",
      "phase": "SETTLE",
      "d": 0.9958661369736135,
      "stack": "at Object.set [as x] (evalmachine.<anonymous>:8129:423) <- at shift (evalmachine.<anonymous>:2013:14) <- at solvePair (evalmachine.<anonymous>:2032:9) <- at resolveVisualContacts (evalmachine.<anonymous>:2059:43) <- at resolveVisualContacts (evalmachine.<anonymous>:3590:9) <- at evalmachine.<anonymous>:5385:68",
      "i": 500
    },
    {
      "id": 58,
      "key": "x",
      "old": 4.976268866221938,
      "next": 4.972228968707134,
      "pileClock": 28.458333333333762,
      "state": "RESOLVING",
      "phase": "SETTLE",
      "d": 0.9938462161931297,
      "stack": "at Object.set [as x] (evalmachine.<anonymous>:8129:423) <- at shift (evalmachine.<anonymous>:2013:14) <- at solvePair (evalmachine.<anonymous>:2040:25) <- at resolveVisualContacts (evalmachine.<anonymous>:2059:43) <- at resolveVisualContacts (evalmachine.<anonymous>:3590:9) <- at evalmachine.<anonymous>:5385:68",
      "i": 501
    },
    {
      "id": 58,
      "key": "x",
      "old": 4.972228968707134,
      "next": 4.970264150882613,
      "pileClock": 28.458333333333762,
      "state": "RESOLVING",
      "phase": "SETTLE",
      "d": 0.9928638209286834,
      "stack": "at Object.set [as x] (evalmachine.<anonymous>:8129:423) <- at shift (evalmachine.<anonymous>:2013:14) <- at solvePair (evalmachine.<anonymous>:2040:25) <- at resolveVisualContacts (evalmachine.<anonymous>:2059:43) <- at resolveVisualContacts (evalmachine.<anonymous>:3590:9) <- at evalmachine.<anonymous>:5385:68",
      "i": 502
    },
    {
      "id": 58,
      "key": "x",
      "old": 4.970264150882613,
      "next": 4.969310727479494,
      "pileClock": 28.458333333333762,
      "state": "RESOLVING",
      "phase": "SETTLE",
      "d": 0.9923871158594316,
      "stack": "at Object.set [as x] (evalmachine.<anonymous>:8129:423) <- at shift (evalmachine.<anonymous>:2013:14) <- at solvePair (evalmachine.<anonymous>:2040:25) <- at resolveVisualContacts (evalmachine.<anonymous>:2059:43) <- at resolveVisualContacts (evalmachine.<anonymous>:3590:9) <- at evalmachine.<anonymous>:5385:68",
      "i": 503
    },
    {
      "id": 60,
      "key": "x",
      "old": 2.984564122432105,
      "next": 2.999785083344657,
      "pileClock": 28.458333333333762,
      "state": "RESOLVING",
      "phase": "SETTLE",
      "d": 0.9847767421543844,
      "stack": "at Object.set [as x] (evalmachine.<anonymous>:8129:423) <- at shift (evalmachine.<anonymous>:2013:14) <- at solvePair (evalmachine.<anonymous>:2033:9) <- at resolveVisualContacts (evalmachine.<anonymous>:2059:43) <- at resolveVisualContacts (evalmachine.<anonymous>:3590:9) <- at evalmachine.<anonymous>:5385:68",
      "i": 504
    },
    {
      "id": 60,
      "key": "y",
      "old": 6.016798656458708,
      "next": 6.016927496686369,
      "pileClock": 28.458333333333762,
      "state": "RESOLVING",
      "phase": "SETTLE",
      "d": 0.9847773417389002,
      "stack": "at Object.set [as y] (evalmachine.<anonymous>:8129:423) <- at shift (evalmachine.<anonymous>:2016:18) <- at solvePair (evalmachine.<anonymous>:2033:9) <- at resolveVisualContacts (evalmachine.<anonymous>:2059:43) <- at resolveVisualContacts (evalmachine.<anonymous>:3590:9) <- at evalmachine.<anonymous>:5385:68",
      "i": 505
    },
    {
      "id": 60,
      "key": "x",
      "old": 2.999785083344657,
      "next": 2.9845626495281983,
      "pileClock": 28.458333333333762,
      "state": "RESOLVING",
      "phase": "SETTLE",
      "d": 0.9923884472871443,
      "stack": "at Object.set [as x] (evalmachine.<anonymous>:8129:423) <- at shift (evalmachine.<anonymous>:2013:14) <- at solvePair (evalmachine.<anonymous>:2032:9) <- at resolveVisualContacts (evalmachine.<anonymous>:2059:43) <- at resolveVisualContacts (evalmachine.<anonymous>:3590:9) <- at evalmachine.<anonymous>:5385:68",
      "i": 506
    },
    {
      "id": 60,
      "key": "y",
      "old": 6.016927496686369,
      "next": 6.016975222422839,
      "pileClock": 28.458333333333762,
      "state": "RESOLVING",
      "phase": "SETTLE",
      "d": 0.9923886708694502,
      "stack": "at Object.set [as y] (evalmachine.<anonymous>:8129:423) <- at shift (evalmachine.<anonymous>:2016:18) <- at solvePair (evalmachine.<anonymous>:2032:9) <- at resolveVisualContacts (evalmachine.<anonymous>:2059:43) <- at resolveVisualContacts (evalmachine.<anonymous>:3590:9) <- at evalmachine.<anonymous>:5385:68",
      "i": 507
    },
    {
      "id": 58,
      "key": "x",
      "old": 4.969310727479494,
      "next": 4.984533385740593,
      "pileClock": 28.458333333333762,
      "state": "RESOLVING",
      "phase": "SETTLE",
      "d": 0.9999998886318341,
      "stack": "at Object.set [as x] (evalmachine.<anonymous>:8129:423) <- at shift (evalmachine.<anonymous>:2013:14) <- at solvePair (evalmachine.<anonymous>:2033:9) <- at resolveVisualContacts (evalmachine.<anonymous>:2059:43) <- at resolveVisualContacts (evalmachine.<anonymous>:3590:9) <- at evalmachine.<anonymous>:5385:68",
      "i": 508
    },
    {
      "id": 58,
      "key": "x",
      "old": 4.984533385740593,
      "next": 4.984533608476925,
      "pileClock": 28.458333333333762,
      "state": "RESOLVING",
      "phase": "SETTLE",
      "d": 0.9999999999983828,
      "stack": "at Object.set [as x] (evalmachine.<anonymous>:8129:423) <- at shift (evalmachine.<anonymous>:2013:14) <- at solvePair (evalmachine.<anonymous>:2040:25) <- at resolveVisualContacts (evalmachine.<anonymous>:2059:43) <- at resolveVisualContacts (evalmachine.<anonymous>:3590:9) <- at evalmachine.<anonymous>:5385:68",
      "i": 509
    },
    {
      "id": 58,
      "key": "x",
      "old": 4.984533608476925,
      "next": 4.97626734790072,
      "pileClock": 28.458333333333762,
      "state": "RESOLVING",
      "phase": "SETTLE",
      "d": 0.9958669299745763,
      "stack": "at Object.set [as x] (evalmachine.<anonymous>:8129:423) <- at shift (evalmachine.<anonymous>:2013:14) <- at solvePair (evalmachine.<anonymous>:2032:9) <- at resolveVisualContacts (evalmachine.<anonymous>:2059:43) <- at resolveVisualContacts (evalmachine.<anonymous>:3590:9) <- at evalmachine.<anonymous>:5385:68",
      "i": 510
    },
    {
      "id": 58,
      "key": "x",
      "old": 4.97626734790072,
      "next": 4.972228229135727,
      "pileClock": 28.458333333333762,
      "state": "RESOLVING",
      "phase": "SETTLE",
      "d": 0.9938474002211437,
      "stack": "at Object.set [as x] (evalmachine.<anonymous>:8129:423) <- at shift (evalmachine.<anonymous>:2013:14) <- at solvePair (evalmachine.<anonymous>:2040:25) <- at resolveVisualContacts (evalmachine.<anonymous>:2059:43) <- at resolveVisualContacts (evalmachine.<anonymous>:3590:9) <- at evalmachine.<anonymous>:5385:68",
      "i": 511
    },
    {
      "id": 58,
      "key": "x",
      "old": 4.972228229135727,
      "next": 4.970263791740077,
      "pileClock": 28.458333333333762,
      "state": "RESOLVING",
      "phase": "SETTLE",
      "d": 0.9928651959770689,
      "stack": "at Object.set [as x] (evalmachine.<anonymous>:8129:423) <- at shift (evalmachine.<anonymous>:2013:14) <- at solvePair (evalmachine.<anonymous>:2040:25) <- at resolveVisualContacts (evalmachine.<anonymous>:2059:43) <- at resolveVisualContacts (evalmachine.<anonymous>:3590:9) <- at evalmachine.<anonymous>:5385:68",
      "i": 512
    },
    {
      "id": 58,
      "key": "x",
      "old": 4.970263791740077,
      "next": 4.969310553336144,
      "pileClock": 28.458333333333762,
      "state": "RESOLVING",
      "phase": "SETTLE",
      "d": 0.9923885837990591,
      "stack": "at Object.set [as x] (evalmachine.<anonymous>:8129:423) <- at shift (evalmachine.<anonymous>:2013:14) <- at solvePair (evalmachine.<anonymous>:2040:25) <- at resolveVisualContacts (evalmachine.<anonymous>:2059:43) <- at resolveVisualContacts (evalmachine.<anonymous>:3590:9) <- at evalmachine.<anonymous>:5385:68",
      "i": 513
    },
    {
      "id": 60,
      "key": "x",
      "old": 2.9845626495281983,
      "next": 2.9997805421661683,
      "pileClock": 28.458333333333762,
      "state": "RESOLVING",
      "phase": "SETTLE",
      "d": 0.9847797505340952,
      "stack": "at Object.set [as x] (evalmachine.<anonymous>:8129:423) <- at shift (evalmachine.<anonymous>:2013:14) <- at solvePair (evalmachine.<anonymous>:2033:9) <- at resolveVisualContacts (evalmachine.<anonymous>:2059:43) <- at resolveVisualContacts (evalmachine.<anonymous>:3590:9) <- at evalmachine.<anonymous>:5385:68",
      "i": 514
    },
    {
      "id": 60,
      "key": "y",
      "old": 6.016975222422839,
      "next": 6.017105390705709,
      "pileClock": 28.458333333333762,
      "state": "RESOLVING",
      "phase": "SETTLE",
      "d": 0.9847803738668338,
      "stack": "at Object.set [as y] (evalmachine.<anonymous>:8129:423) <- at shift (evalmachine.<anonymous>:2016:18) <- at solvePair (evalmachine.<anonymous>:2033:9) <- at resolveVisualContacts (evalmachine.<anonymous>:2059:43) <- at resolveVisualContacts (evalmachine.<anonymous>:3590:9) <- at evalmachine.<anonymous>:5385:68",
      "i": 515
    },
    {
      "id": 60,
      "key": "x",
      "old": 2.9997805421661683,
      "next": 2.984561153547386,
      "pileClock": 28.458333333333762,
      "state": "RESOLVING",
      "phase": "SETTLE",
      "d": 0.9923899503315007,
      "stack": "at Object.set [as x] (evalmachine.<anonymous>:8129:423) <- at shift (evalmachine.<anonymous>:2013:14) <- at solvePair (evalmachine.<anonymous>:2032:9) <- at resolveVisualContacts (evalmachine.<anonymous>:2059:43) <- at resolveVisualContacts (evalmachine.<anonymous>:3590:9) <- at evalmachine.<anonymous>:5385:68",
      "i": 516
    },
    {
      "id": 60,
      "key": "y",
      "old": 6.017105390705709,
      "next": 6.017154481451077,
      "pileClock": 28.458333333333762,
      "state": "RESOLVING",
      "phase": "SETTLE",
      "d": 0.992390186933417,
      "stack": "at Object.set [as y] (evalmachine.<anonymous>:8129:423) <- at shift (evalmachine.<anonymous>:2016:18) <- at solvePair (evalmachine.<anonymous>:2032:9) <- at resolveVisualContacts (evalmachine.<anonymous>:2059:43) <- at resolveVisualContacts (evalmachine.<anonymous>:3590:9) <- at evalmachine.<anonymous>:5385:68",
      "i": 517
    },
    {
      "id": 58,
      "key": "x",
      "old": 4.969310553336144,
      "next": 4.98453017946931,
      "pileClock": 28.458333333333762,
      "state": "RESOLVING",
      "phase": "SETTLE",
      "d": 0.9999998821465209,
      "stack": "at Object.set [as x] (evalmachine.<anonymous>:8129:423) <- at shift (evalmachine.<anonymous>:2013:14) <- at solvePair (evalmachine.<anonymous>:2033:9) <- at resolveVisualContacts (evalmachine.<anonymous>:2059:43) <- at resolveVisualContacts (evalmachine.<anonymous>:3590:9) <- at evalmachine.<anonymous>:5385:68",
      "i": 518
    },
    {
      "id": 58,
      "key": "x",
      "old": 4.98453017946931,
      "next": 4.984530415176268,
      "pileClock": 28.458333333333762,
      "state": "RESOLVING",
      "phase": "SETTLE",
      "d": 0.9999999999981883,
      "stack": "at Object.set [as x] (evalmachine.<anonymous>:8129:423) <- at shift (evalmachine.<anonymous>:2013:14) <- at solvePair (evalmachine.<anonymous>:2040:25) <- at resolveVisualContacts (evalmachine.<anonymous>:2059:43) <- at resolveVisualContacts (evalmachine.<anonymous>:3590:9) <- at evalmachine.<anonymous>:5385:68",
      "i": 519
    },
    {
      "id": 58,
      "key": "x",
      "old": 4.984530415176268,
      "next": 4.976265782675746,
      "pileClock": 28.458333333333762,
      "state": "RESOLVING",
      "phase": "SETTLE",
      "d": 0.9958677475217872,
      "stack": "at Object.set [as x] (evalmachine.<anonymous>:8129:423) <- at shift (evalmachine.<anonymous>:2013:14) <- at solvePair (evalmachine.<anonymous>:2032:9) <- at resolveVisualContacts (evalmachine.<anonymous>:2059:43) <- at resolveVisualContacts (evalmachine.<anonymous>:3590:9) <- at evalmachine.<anonymous>:5385:68",
      "i": 520
    },
    {
      "id": 58,
      "key": "x",
      "old": 4.976265782675746,
      "next": 4.972227466718479,
      "pileClock": 28.458333333333762,
      "state": "RESOLVING",
      "phase": "SETTLE",
      "d": 0.9938486208976066,
      "stack": "at Object.set [as x] (evalmachine.<anonymous>:8129:423) <- at shift (evalmachine.<anonymous>:2013:14) <- at solvePair (evalmachine.<anonymous>:2040:25) <- at resolveVisualContacts (evalmachine.<anonymous>:2059:43) <- at resolveVisualContacts (evalmachine.<anonymous>:3590:9) <- at evalmachine.<anonymous>:5385:68",
      "i": 521
    },
    {
      "id": 58,
      "key": "x",
      "old": 4.972227466718479,
      "next": 4.970263421503606,
      "pileClock": 28.458333333333762,
      "state": "RESOLVING",
      "phase": "SETTLE",
      "d": 0.9928666135855824,
      "stack": "at Object.set [as x] (evalmachine.<anonymous>:8129:423) <- at shift (evalmachine.<anonymous>:2013:14) <- at solvePair (evalmachine.<anonymous>:2040:25) <- at resolveVisualContacts (evalmachine.<anonymous>:2059:43) <- at resolveVisualContacts (evalmachine.<anonymous>:3590:9) <- at evalmachine.<anonymous>:5385:68",
      "i": 522
    },
    {
      "id": 58,
      "key": "x",
      "old": 4.970263421503606,
      "next": 4.969310373813546,
      "pileClock": 28.458333333333762,
      "state": "RESOLVING",
      "phase": "SETTLE",
      "d": 0.9923900971735183,
      "stack": "at Object.set [as x] (evalmachine.<anonymous>:8129:423) <- at shift (evalmachine.<anonymous>:2013:14) <- at solvePair (evalmachine.<anonymous>:2040:25) <- at resolveVisualContacts (evalmachine.<anonymous>:2059:43) <- at resolveVisualContacts (evalmachine.<anonymous>:3590:9) <- at evalmachine.<anonymous>:5385:68",
      "i": 523
    },
    {
      "id": 60,
      "key": "x",
      "old": 2.984561153547386,
      "next": 2.9997758831717696,
      "pileClock": 28.458333333333762,
      "state": "RESOLVING",
      "phase": "SETTLE",
      "d": 0.9847828519974203,
      "stack": "at Object.set [as x] (evalmachine.<anonymous>:8129:423) <- at shift (evalmachine.<anonymous>:2013:14) <- at solvePair (evalmachine.<anonymous>:2033:9) <- at resolveVisualContacts (evalmachine.<anonymous>:2059:43) <- at resolveVisualContacts (evalmachine.<anonymous>:3590:9) <- at evalmachine.<anonymous>:5385:68",
      "i": 524
    },
    {
      "id": 60,
      "key": "y",
      "old": 6.017154481451077,
      "next": 6.017285997074397,
      "pileClock": 28.458333333333762,
      "state": "RESOLVING",
      "phase": "SETTLE",
      "d": 0.9847834998023459,
      "stack": "at Object.set [as y] (evalmachine.<anonymous>:8129:423) <- at shift (evalmachine.<anonymous>:2016:18) <- at solvePair (evalmachine.<anonymous>:2033:9) <- at resolveVisualContacts (evalmachine.<anonymous>:2059:43) <- at resolveVisualContacts (evalmachine.<anonymous>:3590:9) <- at evalmachine.<anonymous>:5385:68",
      "i": 525
    },
    {
      "id": 60,
      "key": "x",
      "old": 2.9997758831717696,
      "next": 2.9845596341321827,
      "pileClock": 28.458333333333762,
      "state": "RESOLVING",
      "phase": "SETTLE",
      "d": 0.9923914997079006,
      "stack": "at Object.set [as x] (evalmachine.<anonymous>:8129:423) <- at shift (evalmachine.<anonymous>:2013:14) <- at solvePair (evalmachine.<anonymous>:2032:9) <- at resolveVisualContacts (evalmachine.<anonymous>:2059:43) <- at resolveVisualContacts (evalmachine.<anonymous>:3590:9) <- at evalmachine.<anonymous>:5385:68",
      "i": 526
    },
    {
      "id": 60,
      "key": "y",
      "old": 6.017285997074397,
      "next": 6.017336472911767,
      "pileClock": 28.458333333333762,
      "state": "RESOLVING",
      "phase": "SETTLE",
      "d": 0.992391749901173,
      "stack": "at Object.set [as y] (evalmachine.<anonymous>:8129:423) <- at shift (evalmachine.<anonymous>:2016:18) <- at solvePair (evalmachine.<anonymous>:2032:9) <- at resolveVisualContacts (evalmachine.<anonymous>:2059:43) <- at resolveVisualContacts (evalmachine.<anonymous>:3590:9) <- at evalmachine.<anonymous>:5385:68",
      "i": 527
    },
    {
      "id": 58,
      "key": "x",
      "old": 4.969310373813546,
      "next": 4.9845268740112,
      "pileClock": 28.458333333333762,
      "state": "RESOLVING",
      "phase": "SETTLE",
      "d": 0.9999998753763955,
      "stack": "at Object.set [as x] (evalmachine.<anonymous>:8129:423) <- at shift (evalmachine.<anonymous>:2013:14) <- at solvePair (evalmachine.<anonymous>:2033:9) <- at resolveVisualContacts (evalmachine.<anonymous>:2059:43) <- at resolveVisualContacts (evalmachine.<anonymous>:3590:9) <- at evalmachine.<anonymous>:5385:68",
      "i": 528
    },
    {
      "id": 58,
      "key": "x",
      "old": 4.9845268740112,
      "next": 4.98452712325841,
      "pileClock": 28.458333333333762,
      "state": "RESOLVING",
      "phase": "SETTLE",
      "d": 0.9999999999979745,
      "stack": "at Object.set [as x] (evalmachine.<anonymous>:8129:423) <- at shift (evalmachine.<anonymous>:2013:14) <- at solvePair (evalmachine.<anonymous>:2040:25) <- at resolveVisualContacts (evalmachine.<anonymous>:2059:43) <- at resolveVisualContacts (evalmachine.<anonymous>:3590:9) <- at evalmachine.<anonymous>:5385:68",
      "i": 529
    },
    {
      "id": 58,
      "key": "x",
      "old": 4.98452712325841,
      "next": 4.976264169116632,
      "pileClock": 28.458333333333762,
      "state": "RESOLVING",
      "phase": "SETTLE",
      "d": 0.9958685903646569,
      "stack": "at Object.set [as x] (evalmachine.<anonymous>:8129:423) <- at shift (evalmachine.<anonymous>:2013:14) <- at solvePair (evalmachine.<anonymous>:2032:9) <- at resolveVisualContacts (evalmachine.<anonymous>:2059:43) <- at resolveVisualContacts (evalmachine.<anonymous>:3590:9) <- at evalmachine.<anonymous>:5385:68",
      "i": 530
    },
    {
      "id": 58,
      "key": "x",
      "old": 4.976264169116632,
      "next": 4.972226680758737,
      "pileClock": 28.458333333333762,
      "state": "RESOLVING",
      "phase": "SETTLE",
      "d": 0.9938498793413245,
      "stack": "at Object.set [as x] (evalmachine.<anonymous>:8129:423) <- at shift (evalmachine.<anonymous>:2013:14) <- at solvePair (evalmachine.<anonymous>:2040:25) <- at resolveVisualContacts (evalmachine.<anonymous>:2059:43) <- at resolveVisualContacts (evalmachine.<anonymous>:3590:9) <- at evalmachine.<anonymous>:5385:68",
      "i": 531
    },
    {
      "id": 58,
      "key": "x",
      "old": 4.972226680758737,
      "next": 4.970263039834919,
      "pileClock": 28.458333333333762,
      "state": "RESOLVING",
      "phase": "SETTLE",
      "d": 0.9928680750534503,
      "stack": "at Object.set [as x] (evalmachine.<anonymous>:8129:423) <- at shift (evalmachine.<anonymous>:2013:14) <- at solvePair (evalmachine.<anonymous>:2040:25) <- at resolveVisualContacts (evalmachine.<anonymous>:2059:43) <- at resolveVisualContacts (evalmachine.<anonymous>:3590:9) <- at evalmachine.<anonymous>:5385:68",
      "i": 532
    },
    {
      "id": 58,
      "key": "x",
      "old": 4.970263039834919,
      "next": 4.969310188747675,
      "pileClock": 28.458333333333762,
      "state": "RESOLVING",
      "phase": "SETTLE",
      "d": 0.992391657369765,
      "stack": "at Object.set [as x] (evalmachine.<anonymous>:8129:423) <- at shift (evalmachine.<anonymous>:2013:14) <- at solvePair (evalmachine.<anonymous>:2040:25) <- at resolveVisualContacts (evalmachine.<anonymous>:2059:43) <- at resolveVisualContacts (evalmachine.<anonymous>:3590:9) <- at evalmachine.<anonymous>:5385:68",
      "i": 533
    },
    {
      "id": 60,
      "key": "x",
      "old": 2.9845596341321827,
      "next": 2.999771103118015,
      "pileClock": 28.458333333333762,
      "state": "RESOLVING",
      "phase": "SETTLE",
      "d": 0.9847860493839322,
      "stack": "at Object.set [as x] (evalmachine.<anonymous>:8129:423) <- at shift (evalmachine.<anonymous>:2013:14) <- at solvePair (evalmachine.<anonymous>:2033:9) <- at resolveVisualContacts (evalmachine.<anonymous>:2059:43) <- at resolveVisualContacts (evalmachine.<anonymous>:3590:9) <- at evalmachine.<anonymous>:5385:68",
      "i": 534
    },
    {
      "id": 60,
      "key": "y",
      "old": 6.017336472911767,
      "next": 6.0174693553988865,
      "pileClock": 28.458333333333762,
      "state": "RESOLVING",
      "phase": "SETTLE",
      "d": 0.9847867224064429,
      "stack": "at Object.set [as y] (evalmachine.<anonymous>:8129:423) <- at shift (evalmachine.<anonymous>:2016:18) <- at solvePair (evalmachine.<anonymous>:2033:9) <- at resolveVisualContacts (evalmachine.<anonymous>:2059:43) <- at resolveVisualContacts (evalmachine.<anonymous>:3590:9) <- at evalmachine.<anonymous>:5385:68",
      "i": 535
    },
    {
      "id": 60,
      "key": "x",
      "old": 2.999771103118015,
      "next": 2.9845580909198883,
      "pileClock": 28.458333333333762,
      "state": "RESOLVING",
      "phase": "SETTLE",
      "d": 0.9923930968271825,
      "stack": "at Object.set [as x] (evalmachine.<anonymous>:8129:423) <- at shift (evalmachine.<anonymous>:2013:14) <- at solvePair (evalmachine.<anonymous>:2032:9) <- at resolveVisualContacts (evalmachine.<anonymous>:2059:43) <- at resolveVisualContacts (evalmachine.<anonymous>:3590:9) <- at evalmachine.<anonymous>:5385:68",
      "i": 536
    },
    {
      "id": 60,
      "key": "y",
      "old": 6.0174693553988865,
      "next": 6.017521236668076,
      "pileClock": 28.458333333333762,
      "state": "RESOLVING",
      "phase": "SETTLE",
      "d": 0.9923933612032215,
      "stack": "at Object.set [as y] (evalmachine.<anonymous>:8129:423) <- at shift (evalmachine.<anonymous>:2016:18) <- at solvePair (evalmachine.<anonymous>:2032:9) <- at resolveVisualContacts (evalmachine.<anonymous>:2059:43) <- at resolveVisualContacts (evalmachine.<anonymous>:3590:9) <- at evalmachine.<anonymous>:5385:68",
      "i": 537
    },
    {
      "id": 58,
      "key": "x",
      "old": 4.969310188747675,
      "next": 4.984523466341233,
      "pileClock": 28.458333333333762,
      "state": "RESOLVING",
      "phase": "SETTLE",
      "d": 0.9999998683116598,
      "stack": "at Object.set [as x] (evalmachine.<anonymous>:8129:423) <- at shift (evalmachine.<anonymous>:2013:14) <- at solvePair (evalmachine.<anonymous>:2033:9) <- at resolveVisualContacts (evalmachine.<anonymous>:2059:43) <- at resolveVisualContacts (evalmachine.<anonymous>:3590:9) <- at evalmachine.<anonymous>:5385:68",
      "i": 538
    },
    {
      "id": 58,
      "key": "x",
      "old": 4.984523466341233,
      "next": 4.984523729717913,
      "pileClock": 28.458333333333762,
      "state": "RESOLVING",
      "phase": "SETTLE",
      "d": 0.9999999999977376,
      "stack": "at Object.set [as x] (evalmachine.<anonymous>:8129:423) <- at shift (evalmachine.<anonymous>:2013:14) <- at solvePair (evalmachine.<anonymous>:2040:25) <- at resolveVisualContacts (evalmachine.<anonymous>:2059:43) <- at resolveVisualContacts (evalmachine.<anonymous>:3590:9) <- at evalmachine.<anonymous>:5385:68",
      "i": 539
    },
    {
      "id": 58,
      "key": "x",
      "old": 4.984523729717913,
      "next": 4.976262505750608,
      "pileClock": 28.458333333333762,
      "state": "RESOLVING",
      "phase": "SETTLE",
      "d": 0.9958694592748198,
      "stack": "at Object.set [as x] (evalmachine.<anonymous>:8129:423) <- at shift (evalmachine.<anonymous>:2013:14) <- at solvePair (evalmachine.<anonymous>:2032:9) <- at resolveVisualContacts (evalmachine.<anonymous>:2059:43) <- at resolveVisualContacts (evalmachine.<anonymous>:3590:9) <- at evalmachine.<anonymous>:5385:68",
      "i": 540
    },
    {
      "id": 58,
      "key": "x",
      "old": 4.976262505750608,
      "next": 4.972225870539206,
      "pileClock": 28.458333333333762,
      "state": "RESOLVING",
      "phase": "SETTLE",
      "d": 0.9938511767042763,
      "stack": "at Object.set [as x] (evalmachine.<anonymous>:8129:423) <- at shift (evalmachine.<anonymous>:2013:14) <- at solvePair (evalmachine.<anonymous>:2040:25) <- at resolveVisualContacts (evalmachine.<anonymous>:2059:43) <- at resolveVisualContacts (evalmachine.<anonymous>:3590:9) <- at evalmachine.<anonymous>:5385:68",
      "i": 541
    },
    {
      "id": 58,
      "key": "x",
      "old": 4.972225870539206,
      "next": 4.970262646385709,
      "pileClock": 28.458333333333762,
      "state": "RESOLVING",
      "phase": "SETTLE",
      "d": 0.9928695817184179,
      "stack": "at Object.set [as x] (evalmachine.<anonymous>:8129:423) <- at shift (evalmachine.<anonymous>:2013:14) <- at solvePair (evalmachine.<anonymous>:2040:25) <- at resolveVisualContacts (evalmachine.<anonymous>:2059:43) <- at resolveVisualContacts (evalmachine.<anonymous>:3590:9) <- at evalmachine.<anonymous>:5385:68",
      "i": 542
    },
    {
      "id": 58,
      "key": "x",
      "old": 4.970262646385709,
      "next": 4.969309997969649,
      "pileClock": 28.458333333333762,
      "state": "RESOLVING",
      "phase": "SETTLE",
      "d": 0.9923932658158725,
      "stack": "at Object.set [as x] (evalmachine.<anonymous>:8129:423) <- at shift (evalmachine.<anonymous>:2013:14) <- at solvePair (evalmachine.<anonymous>:2040:25) <- at resolveVisualContacts (evalmachine.<anonymous>:2059:43) <- at resolveVisualContacts (evalmachine.<anonymous>:3590:9) <- at evalmachine.<anonymous>:5385:68",
      "i": 543
    },
    {
      "id": 60,
      "key": "x",
      "old": 2.9845580909198883,
      "next": 2.999766198670937,
      "pileClock": 28.458333333333762,
      "state": "RESOLVING",
      "phase": "SETTLE",
      "d": 0.9847893456172637,
      "stack": "at Object.set [as x] (evalmachine.<anonymous>:8129:423) <- at shift (evalmachine.<anonymous>:2013:14) <- at solvePair (evalmachine.<anonymous>:2033:9) <- at resolveVisualContacts (evalmachine.<anonymous>:2059:43) <- at resolveVisualContacts (evalmachine.<anonymous>:3590:9) <- at evalmachine.<anonymous>:5385:68",
      "i": 544
    },
    {
      "id": 60,
      "key": "y",
      "old": 6.017521236668076,
      "next": 6.017655505781385,
      "pileClock": 28.458333333333762,
      "state": "RESOLVING",
      "phase": "SETTLE",
      "d": 0.9847900446247866,
      "stack": "at Object.set [as y] (evalmachine.<anonymous>:8129:423) <- at shift (evalmachine.<anonymous>:2016:18) <- at solvePair (evalmachine.<anonymous>:2033:9) <- at resolveVisualContacts (evalmachine.<anonymous>:2059:43) <- at resolveVisualContacts (evalmachine.<anonymous>:3590:9) <- at evalmachine.<anonymous>:5385:68",
      "i": 545
    },
    {
      "id": 60,
      "key": "x",
      "old": 2.999766198670937,
      "next": 2.984556523542532,
      "pileClock": 28.458333333333762,
      "state": "RESOLVING",
      "phase": "SETTLE",
      "d": 0.9923947431419194,
      "stack": "at Object.set [as x] (evalmachine.<anonymous>:8129:423) <- at shift (evalmachine.<anonymous>:2013:14) <- at solvePair (evalmachine.<anonymous>:2032:9) <- at resolveVisualContacts (evalmachine.<anonymous>:2059:43) <- at resolveVisualContacts (evalmachine.<anonymous>:3590:9) <- at evalmachine.<anonymous>:5385:68",
      "i": 546
    },
    {
      "id": 60,
      "key": "y",
      "old": 6.017655505781385,
      "next": 6.017708813080292,
      "pileClock": 28.458333333333762,
      "state": "RESOLVING",
      "phase": "SETTLE",
      "d": 0.9923950223123932,
      "stack": "at Object.set [as y] (evalmachine.<anonymous>:8129:423) <- at shift (evalmachine.<anonymous>:2016:18) <- at solvePair (evalmachine.<anonymous>:2032:9) <- at resolveVisualContacts (evalmachine.<anonymous>:2059:43) <- at resolveVisualContacts (evalmachine.<anonymous>:3590:9) <- at evalmachine.<anonymous>:5385:68",
      "i": 547
    },
    {
      "id": 58,
      "key": "x",
      "old": 4.969309997969649,
      "next": 4.984519953344862,
      "pileClock": 28.458333333333762,
      "state": "RESOLVING",
      "phase": "SETTLE",
      "d": 0.9999998609422215,
      "stack": "at Object.set [as x] (evalmachine.<anonymous>:8129:423) <- at shift (evalmachine.<anonymous>:2013:14) <- at solvePair (evalmachine.<anonymous>:2033:9) <- at resolveVisualContacts (evalmachine.<anonymous>:2059:43) <- at resolveVisualContacts (evalmachine.<anonymous>:3590:9) <- at evalmachine.<anonymous>:5385:68",
      "i": 548
    },
    {
      "id": 58,
      "key": "x",
      "old": 4.984519953344862,
      "next": 4.98452023146042,
      "pileClock": 28.458333333333762,
      "state": "RESOLVING",
      "phase": "SETTLE",
      "d": 0.9999999999974768,
      "stack": "at Object.set [as x] (evalmachine.<anonymous>:8129:423) <- at shift (evalmachine.<anonymous>:2013:14) <- at solvePair (evalmachine.<anonymous>:2040:25) <- at resolveVisualContacts (evalmachine.<anonymous>:2059:43) <- at resolveVisualContacts (evalmachine.<anonymous>:3590:9) <- at evalmachine.<anonymous>:5385:68",
      "i": 549
    },
    {
      "id": 58,
      "key": "x",
      "old": 4.98452023146042,
      "next": 4.9762607910613434,
      "pileClock": 28.458333333333762,
      "state": "RESOLVING",
      "phase": "SETTLE",
      "d": 0.9958703550467544,
      "stack": "at Object.set [as x] (evalmachine.<anonymous>:8129:423) <- at shift (evalmachine.<anonymous>:2013:14) <- at solvePair (evalmachine.<anonymous>:2032:9) <- at resolveVisualContacts (evalmachine.<anonymous>:2059:43) <- at resolveVisualContacts (evalmachine.<anonymous>:3590:9) <- at evalmachine.<anonymous>:5385:68",
      "i": 550
    },
    {
      "id": 58,
      "key": "x",
      "old": 4.9762607910613434,
      "next": 4.972225035321382,
      "pileClock": 28.458333333333762,
      "state": "RESOLVING",
      "phase": "SETTLE",
      "d": 0.9938525141725377,
      "stack": "at Object.set [as x] (evalmachine.<anonymous>:8129:423) <- at shift (evalmachine.<anonymous>:2013:14) <- at solvePair (evalmachine.<anonymous>:2040:25) <- at resolveVisualContacts (evalmachine.<anonymous>:2059:43) <- at resolveVisualContacts (evalmachine.<anonymous>:3590:9) <- at evalmachine.<anonymous>:5385:68",
      "i": 551
    },
    {
      "id": 58,
      "key": "x",
      "old": 4.972225035321382,
      "next": 4.970262240797379,
      "pileClock": 28.458333333333762,
      "state": "RESOLVING",
      "phase": "SETTLE",
      "d": 0.9928711349578222,
      "stack": "at Object.set [as x] (evalmachine.<anonymous>:8129:423) <- at shift (evalmachine.<anonymous>:2013:14) <- at solvePair (evalmachine.<anonymous>:2040:25) <- at resolveVisualContacts (evalmachine.<anonymous>:2059:43) <- at resolveVisualContacts (evalmachine.<anonymous>:3590:9) <- at evalmachine.<anonymous>:5385:68",
      "i": 552
    },
    {
      "id": 58,
      "key": "x",
      "old": 4.970262240797379,
      "next": 4.969309801305592,
      "pileClock": 28.458333333333762,
      "state": "RESOLVING",
      "phase": "SETTLE",
      "d": 0.9923949239821763,
      "stack": "at Object.set [as x] (evalmachine.<anonymous>:8129:423) <- at shift (evalmachine.<anonymous>:2013:14) <- at solvePair (evalmachine.<anonymous>:2040:25) <- at resolveVisualContacts (evalmachine.<anonymous>:2059:43) <- at resolveVisualContacts (evalmachine.<anonymous>:3590:9) <- at evalmachine.<anonymous>:5385:68",
      "i": 553
    },
    {
      "id": 60,
      "key": "x",
      "old": 2.984556523542532,
      "next": 2.9997611664036383,
      "pileClock": 28.458333333333762,
      "state": "RESOLVING",
      "phase": "SETTLE",
      "d": 0.9847927437074382,
      "stack": "at Object.set [as x] (evalmachine.<anonymous>:8129:423) <- at shift (evalmachine.<anonymous>:2013:14) <- at solvePair (evalmachine.<anonymous>:2033:9) <- at resolveVisualContacts (evalmachine.<anonymous>:2059:43) <- at resolveVisualContacts (evalmachine.<anonymous>:3590:9) <- at evalmachine.<anonymous>:5385:68",
      "i": 554
    },
    {
      "id": 60,
      "key": "y",
      "old": 6.017708813080292,
      "next": 6.0178444888220435,
      "pileClock": 28.458333333333762,
      "state": "RESOLVING",
      "phase": "SETTLE",
      "d": 0.9847934694900358,
      "stack": "at Object.set [as y] (evalmachine.<anonymous>:8129:423) <- at shift (evalmachine.<anonymous>:2016:18) <- at solvePair (evalmachine.<anonymous>:2033:9) <- at resolveVisualContacts (evalmachine.<anonymous>:2059:43) <- at resolveVisualContacts (evalmachine.<anonymous>:3590:9) <- at evalmachine.<anonymous>:5385:68",
      "i": 555
    },
    {
      "id": 60,
      "key": "x",
      "old": 2.9997611664036383,
      "next": 2.9845549316268154,
      "pileClock": 28.458333333333762,
      "state": "RESOLVING",
      "phase": "SETTLE",
      "d": 0.9923964401475799,
      "stack": "at Object.set [as x] (evalmachine.<anonymous>:8129:423) <- at shift (evalmachine.<anonymous>:2013:14) <- at solvePair (evalmachine.<anonymous>:2032:9) <- at resolveVisualContacts (evalmachine.<anonymous>:2059:43) <- at resolveVisualContacts (evalmachine.<anonymous>:3590:9) <- at evalmachine.<anonymous>:5385:68",
      "i": 556
    },
    {
      "id": 60,
      "key": "y",
      "old": 6.0178444888220435,
      "next": 6.017899243007924,
      "pileClock": 28.458333333333762,
      "state": "RESOLVING",
      "phase": "SETTLE",
      "d": 0.9923967347450179,
      "stack": "at Object.set [as y] (evalmachine.<anonymous>:8129:423) <- at shift (evalmachine.<anonymous>:2016:18) <- at solvePair (evalmachine.<anonymous>:2032:9) <- at resolveVisualContacts (evalmachine.<anonymous>:2059:43) <- at resolveVisualContacts (evalmachine.<anonymous>:3590:9) <- at evalmachine.<anonymous>:5385:68",
      "i": 557
    },
    {
      "id": 58,
      "key": "x",
      "old": 4.969309801305592,
      "next": 4.984516331815556,
      "pileClock": 28.458333333333762,
      "state": "RESOLVING",
      "phase": "SETTLE",
      "d": 0.9999998532576873,
      "stack": "at Object.set [as x] (evalmachine.<anonymous>:8129:423) <- at shift (evalmachine.<anonymous>:2013:14) <- at solvePair (evalmachine.<anonymous>:2033:9) <- at resolveVisualContacts (evalmachine.<anonymous>:2059:43) <- at resolveVisualContacts (evalmachine.<anonymous>:3590:9) <- at evalmachine.<anonymous>:5385:68",
      "i": 558
    },
    {
      "id": 58,
      "key": "x",
      "old": 4.984516331815556,
      "next": 4.984516625300181,
      "pileClock": 28.458333333333762,
      "state": "RESOLVING",
      "phase": "SETTLE",
      "d": 0.9999999999971892,
      "stack": "at Object.set [as x] (evalmachine.<anonymous>:8129:423) <- at shift (evalmachine.<anonymous>:2013:14) <- at solvePair (evalmachine.<anonymous>:2040:25) <- at resolveVisualContacts (evalmachine.<anonymous>:2059:43) <- at resolveVisualContacts (evalmachine.<anonymous>:3590:9) <- at evalmachine.<anonymous>:5385:68",
      "i": 559
    },
    {
      "id": 58,
      "key": "x",
      "old": 4.984516625300181,
      "next": 4.97625902348774,
      "pileClock": 28.458333333333762,
      "state": "RESOLVING",
      "phase": "SETTLE",
      "d": 0.9958712784984097,
      "stack": "at Object.set [as x] (evalmachine.<anonymous>:8129:423) <- at shift (evalmachine.<anonymous>:2013:14) <- at solvePair (evalmachine.<anonymous>:2032:9) <- at resolveVisualContacts (evalmachine.<anonymous>:2059:43) <- at resolveVisualContacts (evalmachine.<anonymous>:3590:9) <- at evalmachine.<anonymous>:5385:68",
      "i": 560
    },
    {
      "id": 58,
      "key": "x",
      "old": 4.97625902348774,
      "next": 4.972224174344958,
      "pileClock": 28.458333333333762,
      "state": "RESOLVING",
      "phase": "SETTLE",
      "d": 0.9938538929672197,
      "stack": "at Object.set [as x] (evalmachine.<anonymous>:8129:423) <- at shift (evalmachine.<anonymous>:2013:14) <- at solvePair (evalmachine.<anonymous>:2040:25) <- at resolveVisualContacts (evalmachine.<anonymous>:2059:43) <- at resolveVisualContacts (evalmachine.<anonymous>:3590:9) <- at evalmachine.<anonymous>:5385:68",
      "i": 561
    },
    {
      "id": 58,
      "key": "x",
      "old": 4.972224174344958,
      "next": 4.97026182270074,
      "pileClock": 28.458333333333762,
      "state": "RESOLVING",
      "phase": "SETTLE",
      "d": 0.9928727361896829,
      "stack": "at Object.set [as x] (evalmachine.<anonymous>:8129:423) <- at shift (evalmachine.<anonymous>:2013:14) <- at solvePair (evalmachine.<anonymous>:2040:25) <- at resolveVisualContacts (evalmachine.<anonymous>:2059:43) <- at resolveVisualContacts (evalmachine.<anonymous>:3590:9) <- at evalmachine.<anonymous>:5385:68",
      "i": 562
    },
    {
      "id": 58,
      "key": "x",
      "old": 4.97026182270074,
      "next": 4.969309598576495,
      "pileClock": 28.458333333333762,
      "state": "RESOLVING",
      "phase": "SETTLE",
      "d": 0.992396633382441,
      "stack": "at Object.set [as x] (evalmachine.<anonymous>:8129:423) <- at shift (evalmachine.<anonymous>:2013:14) <- at solvePair (evalmachine.<anonymous>:2040:25) <- at resolveVisualContacts (evalmachine.<anonymous>:2059:43) <- at resolveVisualContacts (evalmachine.<anonymous>:3590:9) <- at evalmachine.<anonymous>:5385:68",
      "i": 563
    },
    {
      "id": 60,
      "key": "x",
      "old": 2.9845549316268154,
      "next": 2.9997560027938226,
      "pileClock": 28.458333333333762,
      "state": "RESOLVING",
      "phase": "SETTLE",
      "d": 0.9847962467532475,
      "stack": "at Object.set [as x] (evalmachine.<anonymous>:8129:423) <- at shift (evalmachine.<anonymous>:2013:14) <- at solvePair (evalmachine.<anonymous>:2033:9) <- at resolveVisualContacts (evalmachine.<anonymous>:2059:43) <- at resolveVisualContacts (evalmachine.<anonymous>:3590:9) <- at evalmachine.<anonymous>:5385:68",
      "i": 564
    },
    {
      "id": 60,
      "key": "y",
      "old": 6.017899243007924,
      "next": 6.018036345620939,
      "pileClock": 28.458333333333762,
      "state": "RESOLVING",
      "phase": "SETTLE",
      "d": 0.98479700012424,
      "stack": "at Object.set [as y] (evalmachine.<anonymous>:8129:423) <- at shift (evalmachine.<anonymous>:2016:18) <- at solvePair (evalmachine.<anonymous>:2033:9) <- at resolveVisualContacts (evalmachine.<anonymous>:2059:43) <- at resolveVisualContacts (evalmachine.<anonymous>:3590:9) <- at evalmachine.<anonymous>:5385:68",
      "i": 565
    },
    {
      "id": 60,
      "key": "x",
      "old": 2.9997560027938226,
      "next": 2.9845533147940575,
      "pileClock": 28.458333333333762,
      "state": "RESOLVING",
      "phase": "SETTLE",
      "d": 0.9923981893837053,
      "stack": "at Object.set [as x] (evalmachine.<anonymous>:8129:423) <- at shift (evalmachine.<anonymous>:2013:14) <- at solvePair (evalmachine.<anonymous>:2032:9) <- at resolveVisualContacts (evalmachine.<anonymous>:2059:43) <- at resolveVisualContacts (evalmachine.<anonymous>:3590:9) <- at evalmachine.<anonymous>:5385:68",
      "i": 566
    },
    {
      "id": 60,
      "key": "y",
      "old": 6.018036345620939,
      "next": 6.018092567811579,
      "pileClock": 28.458333333333762,
      "state": "RESOLVING",
      "phase": "SETTLE",
      "d": 0.99239850006212,
      "stack": "at Object.set [as y] (evalmachine.<anonymous>:8129:423) <- at shift (evalmachine.<anonymous>:2016:18) <- at solvePair (evalmachine.<anonymous>:2032:9) <- at resolveVisualContacts (evalmachine.<anonymous>:2059:43) <- at resolveVisualContacts (evalmachine.<anonymous>:3590:9) <- at evalmachine.<anonymous>:5385:68",
      "i": 567
    },
    {
      "id": 58,
      "key": "x",
      "old": 4.969309598576495,
      "next": 4.984512598452255,
      "pileClock": 28.458333333333762,
      "state": "RESOLVING",
      "phase": "SETTLE",
      "d": 0.9999998452473535,
      "stack": "at Object.set [as x] (evalmachine.<anonymous>:8129:423) <- at shift (evalmachine.<anonymous>:2013:14) <- at solvePair (evalmachine.<anonymous>:2033:9) <- at resolveVisualContacts (evalmachine.<anonymous>:2059:43) <- at resolveVisualContacts (evalmachine.<anonymous>:3590:9) <- at evalmachine.<anonymous>:5385:68",
      "i": 568
    },
    {
      "id": 58,
      "key": "x",
      "old": 4.984512598452255,
      "next": 4.984512907957548,
      "pileClock": 28.458333333333762,
      "state": "RESOLVING",
      "phase": "SETTLE",
      "d": 0.9999999999968733,
      "stack": "at Object.set [as x] (evalmachine.<anonymous>:8129:423) <- at shift (evalmachine.<anonymous>:2013:14) <- at solvePair (evalmachine.<anonymous>:2040:25) <- at resolveVisualContacts (evalmachine.<anonymous>:2059:43) <- at resolveVisualContacts (evalmachine.<anonymous>:3590:9) <- at evalmachine.<anonymous>:5385:68",
      "i": 569
    },
    {
      "id": 58,
      "key": "x",
      "old": 4.984512907957548,
      "next": 4.976257201422709,
      "pileClock": 28.458333333333762,
      "state": "RESOLVING",
      "phase": "SETTLE",
      "d": 0.9958722304718597,
      "stack": "at Object.set [as x] (evalmachine.<anonymous>:8129:423) <- at shift (evalmachine.<anonymous>:2013:14) <- at solvePair (evalmachine.<anonymous>:2032:9) <- at resolveVisualContacts (evalmachine.<anonymous>:2059:43) <- at resolveVisualContacts (evalmachine.<anonymous>:3590:9) <- at evalmachine.<anonymous>:5385:68",
      "i": 570
    },
    {
      "id": 58,
      "key": "x",
      "old": 4.976257201422709,
      "next": 4.9722232868272345,
      "pileClock": 28.458333333333762,
      "state": "RESOLVING",
      "phase": "SETTLE",
      "d": 0.9938553143454386,
      "stack": "at Object.set [as x] (evalmachine.<anonymous>:8129:423) <- at shift (evalmachine.<anonymous>:2013:14) <- at solvePair (evalmachine.<anonymous>:2040:25) <- at resolveVisualContacts (evalmachine.<anonymous>:2059:43) <- at resolveVisualContacts (evalmachine.<anonymous>:3590:9) <- at evalmachine.<anonymous>:5385:68",
      "i": 571
    },
    {
      "id": 58,
      "key": "x",
      "old": 4.9722232868272345,
      "next": 4.970261391715731,
      "pileClock": 28.458333333333762,
      "state": "RESOLVING",
      "phase": "SETTLE",
      "d": 0.9928743868738231,
      "stack": "at Object.set [as x] (evalmachine.<anonymous>:8129:423) <- at shift (evalmachine.<anonymous>:2013:14) <- at solvePair (evalmachine.<anonymous>:2040:25) <- at resolveVisualContacts (evalmachine.<anonymous>:2059:43) <- at resolveVisualContacts (evalmachine.<anonymous>:3590:9) <- at evalmachine.<anonymous>:5385:68",
      "i": 572
    },
    {
      "id": 58,
      "key": "x",
      "old": 4.970261391715731,
      "next": 4.969309389598079,
      "pileClock": 28.458333333333762,
      "state": "RESOLVING",
      "phase": "SETTLE",
      "d": 0.9923983955750557,
      "stack": "at Object.set [as x] (evalmachine.<anonymous>:8129:423) <- at shift (evalmachine.<anonymous>:2013:14) <- at solvePair (evalmachine.<anonymous>:2040:25) <- at resolveVisualContacts (evalmachine.<anonymous>:2059:43) <- at resolveVisualContacts (evalmachine.<anonymous>:3590:9) <- at evalmachine.<anonymous>:5385:68",
      "i": 573
    },
    {
      "id": 60,
      "key": "x",
      "old": 2.9845533147940575,
      "next": 2.999750704221277,
      "pileClock": 28.458333333333762,
      "state": "RESOLVING",
      "phase": "SETTLE",
      "d": 0.9847998579446878,
      "stack": "at Object.set [as x] (evalmachine.<anonymous>:8129:423) <- at shift (evalmachine.<anonymous>:2013:14) <- at solvePair (evalmachine.<anonymous>:2033:9) <- at resolveVisualContacts (evalmachine.<anonymous>:2059:43) <- at resolveVisualContacts (evalmachine.<anonymous>:3590:9) <- at evalmachine.<anonymous>:5385:68",
      "i": 574
    },
    {
      "id": 60,
      "key": "y",
      "old": 6.018092567811579,
      "next": 6.0182311177798375,
      "pileClock": 28.458333333333762,
      "state": "RESOLVING",
      "phase": "SETTLE",
      "d": 0.984800639741289,
      "stack": "at Object.set [as y] (evalmachine.<anonymous>:8129:423) <- at shift (evalmachine.<anonymous>:2016:18) <- at solvePair (evalmachine.<anonymous>:2033:9) <- at resolveVisualContacts (evalmachine.<anonymous>:2059:43) <- at resolveVisualContacts (evalmachine.<anonymous>:3590:9) <- at evalmachine.<anonymous>:5385:68",
      "i": 575
    },
    {
      "id": 60,
      "key": "x",
      "old": 2.999750704221277,
      "next": 2.984551672660138,
      "pileClock": 28.458333333333762,
      "state": "RESOLVING",
      "phase": "SETTLE",
      "d": 0.9923999924351216,
      "stack": "at Object.set [as x] (evalmachine.<anonymous>:8129:423) <- at shift (evalmachine.<anonymous>:2013:14) <- at solvePair (evalmachine.<anonymous>:2032:9) <- at resolveVisualContacts (evalmachine.<anonymous>:2059:43) <- at resolveVisualContacts (evalmachine.<anonymous>:3590:9) <- at evalmachine.<anonymous>:5385:68",
      "i": 576
    },
    {
      "id": 60,
      "key": "y",
      "old": 6.0182311177798375,
      "next": 6.018288829354607,
      "pileClock": 28.458333333333762,
      "state": "RESOLVING",
      "phase": "SETTLE",
      "d": 0.9924003198706445,
      "stack": "at Object.set [as y] (evalmachine.<anonymous>:8129:423) <- at shift (evalmachine.<anonymous>:2016:18) <- at solvePair (evalmachine.<anonymous>:2032:9) <- at resolveVisualContacts (evalmachine.<anonymous>:2059:43) <- at resolveVisualContacts (evalmachine.<anonymous>:3590:9) <- at evalmachine.<anonymous>:5385:68",
      "i": 577
    },
    {
      "id": 58,
      "key": "x",
      "old": 4.969309389598079,
      "next": 4.98450874985679,
      "pileClock": 28.458333333333762,
      "state": "RESOLVING",
      "phase": "SETTLE",
      "d": 0.9999998369001986,
      "stack": "at Object.set [as x] (evalmachine.<anonymous>:8129:423) <- at shift (evalmachine.<anonymous>:2013:14) <- at solvePair (evalmachine.<anonymous>:2033:9) <- at resolveVisualContacts (evalmachine.<anonymous>:2059:43) <- at resolveVisualContacts (evalmachine.<anonymous>:3590:9) <- at evalmachine.<anonymous>:5385:68",
      "i": 578
    },
    {
      "id": 58,
      "key": "x",
      "old": 4.98450874985679,
      "next": 4.984509076056392,
      "pileClock": 28.458333333333762,
      "state": "RESOLVING",
      "phase": "SETTLE",
      "d": 0.9999999999965262,
      "stack": "at Object.set [as x] (evalmachine.<anonymous>:8129:423) <- at shift (evalmachine.<anonymous>:2013:14) <- at solvePair (evalmachine.<anonymous>:2040:25) <- at resolveVisualContacts (evalmachine.<anonymous>:2059:43) <- at resolveVisualContacts (evalmachine.<anonymous>:3590:9) <- at evalmachine.<anonymous>:5385:68",
      "i": 579
    },
    {
      "id": 58,
      "key": "x",
      "old": 4.984509076056392,
      "next": 4.976255323211898,
      "pileClock": 28.458333333333762,
      "state": "RESOLVING",
      "phase": "SETTLE",
      "d": 0.9958732118339576,
      "stack": "at Object.set [as x] (evalmachine.<anonymous>:8129:423) <- at shift (evalmachine.<anonymous>:2013:14) <- at solvePair (evalmachine.<anonymous>:2032:9) <- at resolveVisualContacts (evalmachine.<anonymous>:2059:43) <- at resolveVisualContacts (evalmachine.<anonymous>:3590:9) <- at evalmachine.<anonymous>:5385:68",
      "i": 580
    },
    {
      "id": 58,
      "key": "x",
      "old": 4.976255323211898,
      "next": 4.972222371962497,
      "pileClock": 28.458333333333762,
      "state": "RESOLVING",
      "phase": "SETTLE",
      "d": 0.9938567796012975,
      "stack": "at Object.set [as x] (evalmachine.<anonymous>:8129:423) <- at shift (evalmachine.<anonymous>:2013:14) <- at solvePair (evalmachine.<anonymous>:2040:25) <- at resolveVisualContacts (evalmachine.<anonymous>:2059:43) <- at resolveVisualContacts (evalmachine.<anonymous>:3590:9) <- at evalmachine.<anonymous>:5385:68",
      "i": 581
    },
    {
      "id": 58,
      "key": "x",
      "old": 4.972222371962497,
      "next": 4.970260947451117,
      "pileClock": 28.458333333333762,
      "state": "RESOLVING",
      "phase": "SETTLE",
      "d": 0.9928760885130177,
      "stack": "at Object.set [as x] (evalmachine.<anonymous>:8129:423) <- at shift (evalmachine.<anonymous>:2013:14) <- at solvePair (evalmachine.<anonymous>:2040:25) <- at resolveVisualContacts (evalmachine.<anonymous>:2059:43) <- at resolveVisualContacts (evalmachine.<anonymous>:3590:9) <- at evalmachine.<anonymous>:5385:68",
      "i": 582
    },
    {
      "id": 58,
      "key": "x",
      "old": 4.970260947451117,
      "next": 4.969309174180645,
      "pileClock": 28.458333333333762,
      "state": "RESOLVING",
      "phase": "SETTLE",
      "d": 0.9924002121642566,
      "stack": "at Object.set [as x] (evalmachine.<anonymous>:8129:423) <- at shift (evalmachine.<anonymous>:2013:14) <- at solvePair (evalmachine.<anonymous>:2040:25) <- at resolveVisualContacts (evalmachine.<anonymous>:2059:43) <- at resolveVisualContacts (evalmachine.<anonymous>:3590:9) <- at evalmachine.<anonymous>:5385:68",
      "i": 583
    },
    {
      "id": 60,
      "key": "x",
      "old": 2.984551672660138,
      "next": 2.9997452669652986,
      "pileClock": 28.458333333333762,
      "state": "RESOLVING",
      "phase": "SETTLE",
      "d": 0.9848035805654474,
      "stack": "at Object.set [as x] (evalmachine.<anonymous>:8129:423) <- at shift (evalmachine.<anonymous>:2013:14) <- at solvePair (evalmachine.<anonymous>:2033:9) <- at resolveVisualContacts (evalmachine.<anonymous>:2059:43) <- at resolveVisualContacts (evalmachine.<anonymous>:3590:9) <- at evalmachine.<anonymous>:5385:68",
      "i": 584
    },
    {
      "id": 60,
      "key": "y",
      "old": 6.018288829354607,
      "next": 6.0184288474037,
      "pileClock": 28.458333333333762,
      "state": "RESOLVING",
      "phase": "SETTLE",
      "d": 0.984804391649414,
      "stack": "at Object.set [as y] (evalmachine.<anonymous>:8129:423) <- at shift (evalmachine.<anonymous>:2016:18) <- at solvePair (evalmachine.<anonymous>:2033:9) <- at resolveVisualContacts (evalmachine.<anonymous>:2059:43) <- at resolveVisualContacts (evalmachine.<anonymous>:3590:9) <- at evalmachine.<anonymous>:5385:68",
      "i": 585
    },
    {
      "id": 60,
      "key": "x",
      "old": 2.9997452669652986,
      "next": 2.984550004835442,
      "pileClock": 28.458333333333762,
      "state": "RESOLVING",
      "phase": "SETTLE",
      "d": 0.9924018509331753,
      "stack": "at Object.set [as x] (evalmachine.<anonymous>:8129:423) <- at shift (evalmachine.<anonymous>:2013:14) <- at solvePair (evalmachine.<anonymous>:2032:9) <- at resolveVisualContacts (evalmachine.<anonymous>:2059:43) <- at resolveVisualContacts (evalmachine.<anonymous>:3590:9) <- at evalmachine.<anonymous>:5385:68",
      "i": 586
    },
    {
      "id": 60,
      "key": "y",
      "old": 6.0184288474037,
      "next": 6.018488070004493,
      "pileClock": 28.458333333333762,
      "state": "RESOLVING",
      "phase": "SETTLE",
      "d": 0.9924021958247069,
      "stack": "at Object.set [as y] (evalmachine.<anonymous>:8129:423) <- at shift (evalmachine.<anonymous>:2016:18) <- at solvePair (evalmachine.<anonymous>:2032:9) <- at resolveVisualContacts (evalmachine.<anonymous>:2059:43) <- at resolveVisualContacts (evalmachine.<anonymous>:3590:9) <- at evalmachine.<anonymous>:5385:68",
      "i": 587
    },
    {
      "id": 58,
      "key": "x",
      "old": 4.969309174180645,
      "next": 4.984504782531231,
      "pileClock": 28.458333333333762,
      "state": "RESOLVING",
      "phase": "SETTLE",
      "d": 0.9999998282048794,
      "stack": "at Object.set [as x] (evalmachine.<anonymous>:8129:423) <- at shift (evalmachine.<anonymous>:2013:14) <- at solvePair (evalmachine.<anonymous>:2033:9) <- at resolveVisualContacts (evalmachine.<anonymous>:2059:43) <- at resolveVisualContacts (evalmachine.<anonymous>:3590:9) <- at evalmachine.<anonymous>:5385:68",
      "i": 588
    },
    {
      "id": 58,
      "key": "x",
      "old": 4.984504782531231,
      "next": 4.984505126121473,
      "pileClock": 28.458333333333762,
      "state": "RESOLVING",
      "phase": "SETTLE",
      "d": 0.9999999999961452,
      "stack": "at Object.set [as x] (evalmachine.<anonymous>:8129:423) <- at shift (evalmachine.<anonymous>:2013:14) <- at solvePair (evalmachine.<anonymous>:2040:25) <- at resolveVisualContacts (evalmachine.<anonymous>:2059:43) <- at resolveVisualContacts (evalmachine.<anonymous>:3590:9) <- at evalmachine.<anonymous>:5385:68",
      "i": 589
    },
    {
      "id": 58,
      "key": "x",
      "old": 4.984505126121473,
      "next": 4.976253387152411,
      "pileClock": 28.458333333333762,
      "state": "RESOLVING",
      "phase": "SETTLE",
      "d": 0.9958742234770156,
      "stack": "at Object.set [as x] (evalmachine.<anonymous>:8129:423) <- at shift (evalmachine.<anonymous>:2013:14) <- at solvePair (evalmachine.<anonymous>:2032:9) <- at resolveVisualContacts (evalmachine.<anonymous>:2059:43) <- at resolveVisualContacts (evalmachine.<anonymous>:3590:9) <- at evalmachine.<anonymous>:5385:68",
      "i": 590
    },
    {
      "id": 58,
      "key": "x",
      "old": 4.976253387152411,
      "next": 4.972221428921395,
      "pileClock": 28.458333333333762,
      "state": "RESOLVING",
      "phase": "SETTLE",
      "d": 0.9938582900669013,
      "stack": "at Object.set [as x] (evalmachine.<anonymous>:8129:423) <- at shift (evalmachine.<anonymous>:2013:14) <- at solvePair (evalmachine.<anonymous>:2040:25) <- at resolveVisualContacts (evalmachine.<anonymous>:2059:43) <- at resolveVisualContacts (evalmachine.<anonymous>:3590:9) <- at evalmachine.<anonymous>:5385:68",
      "i": 591
    },
    {
      "id": 58,
      "key": "x",
      "old": 4.972221428921395,
      "next": 4.97026048950419,
      "pileClock": 28.458333333333762,
      "state": "RESOLVING",
      "phase": "SETTLE",
      "d": 0.9928778426541622,
      "stack": "at Object.set [as x] (evalmachine.<anonymous>:8129:423) <- at shift (evalmachine.<anonymous>:2013:14) <- at solvePair (evalmachine.<anonymous>:2040:25) <- at resolveVisualContacts (evalmachine.<anonymous>:2059:43) <- at resolveVisualContacts (evalmachine.<anonymous>:3590:9) <- at evalmachine.<anonymous>:5385:68",
      "i": 592
    },
    {
      "id": 58,
      "key": "x",
      "old": 4.97026048950419,
      "next": 4.969308952128933,
      "pileClock": 28.458333333333762,
      "state": "RESOLVING",
      "phase": "SETTLE",
      "d": 0.9924020848013805,
      "stack": "at Object.set [as x] (evalmachine.<anonymous>:8129:423) <- at shift (evalmachine.<anonymous>:2013:14) <- at solvePair (evalmachine.<anonymous>:2040:25) <- at resolveVisualContacts (evalmachine.<anonymous>:2059:43) <- at resolveVisualContacts (evalmachine.<anonymous>:3590:9) <- at evalmachine.<anonymous>:5385:68",
      "i": 593
    },
    {
      "id": 60,
      "key": "x",
      "old": 2.984550004835442,
      "next": 2.9997396872020636,
      "pileClock": 28.458333333333762,
      "state": "RESOLVING",
      "phase": "SETTLE",
      "d": 0.9848074179954559,
      "stack": "at Object.set [as x] (evalmachine.<anonymous>:8129:423) <- at shift (evalmachine.<anonymous>:2013:14) <- at solvePair (evalmachine.<anonymous>:2033:9) <- at resolveVisualContacts (evalmachine.<anonymous>:2059:43) <- at resolveVisualContacts (evalmachine.<anonymous>:3590:9) <- at evalmachine.<anonymous>:5385:68",
      "i": 594
    },
    {
      "id": 60,
      "key": "y",
      "old": 6.018488070004493,
      "next": 6.018629577101949,
      "pileClock": 28.458333333333762,
      "state": "RESOLVING",
      "phase": "SETTLE",
      "d": 0.9848082592537528,
      "stack": "at Object.set [as y] (evalmachine.<anonymous>:8129:423) <- at shift (evalmachine.<anonymous>:2016:18) <- at solvePair (evalmachine.<anonymous>:2033:9) <- at resolveVisualContacts (evalmachine.<anonymous>:2059:43) <- at resolveVisualContacts (evalmachine.<anonymous>:3590:9) <- at evalmachine.<anonymous>:5385:68",
      "i": 595
    },
    {
      "id": 60,
      "key": "x",
      "old": 2.9997396872020636,
      "next": 2.984548310924808,
      "pileClock": 28.458333333333762,
      "state": "RESOLVING",
      "phase": "SETTLE",
      "d": 0.9924037665569982,
      "stack": "at Object.set [as x] (evalmachine.<anonymous>:8129:423) <- at shift (evalmachine.<anonymous>:2013:14) <- at solvePair (evalmachine.<anonymous>:2032:9) <- at resolveVisualContacts (evalmachine.<anonymous>:2059:43) <- at resolveVisualContacts (evalmachine.<anonymous>:3590:9) <- at evalmachine.<anonymous>:5385:68",
      "i": 596
    },
    {
      "id": 60,
      "key": "y",
      "old": 6.018629577101949,
      "next": 6.018690332633998,
      "pileClock": 28.458333333333762,
      "state": "RESOLVING",
      "phase": "SETTLE",
      "d": 0.9924041296268764,
      "stack": "at Object.set [as y] (evalmachine.<anonymous>:8129:423) <- at shift (evalmachine.<anonymous>:2016:18) <- at solvePair (evalmachine.<anonymous>:2032:9) <- at resolveVisualContacts (evalmachine.<anonymous>:2059:43) <- at resolveVisualContacts (evalmachine.<anonymous>:3590:9) <- at evalmachine.<anonymous>:5385:68",
      "i": 597
    },
    {
      "id": 58,
      "key": "x",
      "old": 4.969308952128933,
      "next": 4.98450069287518,
      "pileClock": 28.458333333333762,
      "state": "RESOLVING",
      "phase": "SETTLE",
      "d": 0.9999998191497176,
      "stack": "at Object.set [as x] (evalmachine.<anonymous>:8129:423) <- at shift (evalmachine.<anonymous>:2013:14) <- at solvePair (evalmachine.<anonymous>:2033:9) <- at resolveVisualContacts (evalmachine.<anonymous>:2059:43) <- at resolveVisualContacts (evalmachine.<anonymous>:3590:9) <- at evalmachine.<anonymous>:5385:68",
      "i": 598
    },
    {
      "id": 58,
      "key": "x",
      "old": 4.98450069287518,
      "next": 4.984501054575745,
      "pileClock": 28.458333333333762,
      "state": "RESOLVING",
      "phase": "SETTLE",
      "d": 0.9999999999957266,
      "stack": "at Object.set [as x] (evalmachine.<anonymous>:8129:423) <- at shift (evalmachine.<anonymous>:2013:14) <- at solvePair (evalmachine.<anonymous>:2040:25) <- at resolveVisualContacts (evalmachine.<anonymous>:2059:43) <- at resolveVisualContacts (evalmachine.<anonymous>:3590:9) <- at evalmachine.<anonymous>:5385:68",
      "i": 599
    },
    {
      "id": 58,
      "key": "x",
      "old": 4.984501054575745,
      "next": 4.976251391491488,
      "pileClock": 28.458333333333762,
      "state": "RESOLVING",
      "phase": "SETTLE",
      "d": 0.9958752663194959,
      "stack": "at Object.set [as x] (evalmachine.<anonymous>:8129:423) <- at shift (evalmachine.<anonymous>:2013:14) <- at solvePair (evalmachine.<anonymous>:2032:9) <- at resolveVisualContacts (evalmachine.<anonymous>:2059:43) <- at resolveVisualContacts (evalmachine.<anonymous>:3590:9) <- at evalmachine.<anonymous>:5385:68",
      "i": 600
    },
    {
      "id": 58,
      "key": "x",
      "old": 4.976251391491488,
      "next": 4.972220456850296,
      "pileClock": 28.458333333333762,
      "state": "RESOLVING",
      "phase": "SETTLE",
      "d": 0.9938598471133819,
      "stack": "at Object.set [as x] (evalmachine.<anonymous>:8129:423) <- at shift (evalmachine.<anonymous>:2013:14) <- at solvePair (evalmachine.<anonymous>:2040:25) <- at resolveVisualContacts (evalmachine.<anonymous>:2059:43) <- at resolveVisualContacts (evalmachine.<anonymous>:3590:9) <- at evalmachine.<anonymous>:5385:68",
      "i": 601
    },
    {
      "id": 58,
      "key": "x",
      "old": 4.972220456850296,
      "next": 4.970260017460449,
      "pileClock": 28.458333333333762,
      "state": "RESOLVING",
      "phase": "SETTLE",
      "d": 0.9928796508894709,
      "stack": "at Object.set [as x] (evalmachine.<anonymous>:8129:423) <- at shift (evalmachine.<anonymous>:2013:14) <- at solvePair (evalmachine.<anonymous>:2040:25) <- at resolveVisualContacts (evalmachine.<anonymous>:2059:43) <- at resolveVisualContacts (evalmachine.<anonymous>:3590:9) <- at evalmachine.<anonymous>:5385:68",
      "i": 602
    },
    {
      "id": 58,
      "key": "x",
      "old": 4.970260017460449,
      "next": 4.969308723241965,
      "pileClock": 28.458333333333762,
      "state": "RESOLVING",
      "phase": "SETTLE",
      "d": 0.9924040151861381,
      "stack": "at Object.set [as x] (evalmachine.<anonymous>:8129:423) <- at shift (evalmachine.<anonymous>:2013:14) <- at solvePair (evalmachine.<anonymous>:2040:25) <- at resolveVisualContacts (evalmachine.<anonymous>:2059:43) <- at resolveVisualContacts (evalmachine.<anonymous>:3590:9) <- at evalmachine.<anonymous>:5385:68",
      "i": 603
    },
    {
      "id": 60,
      "key": "x",
      "old": 2.984548310924808,
      "next": 2.999733961001944,
      "pileClock": 28.458333333333762,
      "state": "RESOLVING",
      "phase": "SETTLE",
      "d": 0.9848113737134815,
      "stack": "at Object.set [as x] (evalmachine.<anonymous>:8129:423) <- at shift (evalmachine.<anonymous>:2013:14) <- at solvePair (evalmachine.<anonymous>:2033:9) <- at resolveVisualContacts (evalmachine.<anonymous>:2059:43) <- at resolveVisualContacts (evalmachine.<anonymous>:3590:9) <- at evalmachine.<anonymous>:5385:68",
      "i": 604
    },
    {
      "id": 60,
      "key": "y",
      "old": 6.018690332633998,
      "next": 6.018833349989455,
      "pileClock": 28.458333333333762,
      "state": "RESOLVING",
      "phase": "SETTLE",
      "d": 0.9848122460589592,
      "stack": "at Object.set [as y] (evalmachine.<anonymous>:8129:423) <- at shift (evalmachine.<anonymous>:2016:18) <- at solvePair (evalmachine.<anonymous>:2033:9) <- at resolveVisualContacts (evalmachine.<anonymous>:2059:43) <- at resolveVisualContacts (evalmachine.<anonymous>:3590:9) <- at evalmachine.<anonymous>:5385:68",
      "i": 605
    },
    {
      "id": 60,
      "key": "x",
      "old": 2.999733961001944,
      "next": 2.9845465905274735,
      "pileClock": 28.458333333333762,
      "state": "RESOLVING",
      "phase": "SETTLE",
      "d": 0.9924057410347984,
      "stack": "at Object.set [as x] (evalmachine.<anonymous>:8129:423) <- at shift (evalmachine.<anonymous>:2013:14) <- at solvePair (evalmachine.<anonymous>:2032:9) <- at resolveVisualContacts (evalmachine.<anonymous>:2059:43) <- at resolveVisualContacts (evalmachine.<anonymous>:3590:9) <- at evalmachine.<anonymous>:5385:68",
      "i": 606
    },
    {
      "id": 60,
      "key": "y",
      "old": 6.018833349989455,
      "next": 6.018895660622004,
      "pileClock": 28.458333333333762,
      "state": "RESOLVING",
      "phase": "SETTLE",
      "d": 0.9924061230294796,
      "stack": "at Object.set [as y] (evalmachine.<anonymous>:8129:423) <- at shift (evalmachine.<anonymous>:2016:18) <- at solvePair (evalmachine.<anonymous>:2032:9) <- at resolveVisualContacts (evalmachine.<anonymous>:2059:43) <- at resolveVisualContacts (evalmachine.<anonymous>:3590:9) <- at evalmachine.<anonymous>:5385:68",
      "i": 607
    },
    {
      "id": 58,
      "key": "x",
      "old": 4.969308723241965,
      "next": 4.984496477183006,
      "pileClock": 28.458333333333762,
      "state": "RESOLVING",
      "phase": "SETTLE",
      "d": 0.9999998097226961,
      "stack": "at Object.set [as x] (evalmachine.<anonymous>:8129:423) <- at shift (evalmachine.<anonymous>:2013:14) <- at solvePair (evalmachine.<anonymous>:2033:9) <- at resolveVisualContacts (evalmachine.<anonymous>:2059:43) <- at resolveVisualContacts (evalmachine.<anonymous>:3590:9) <- at evalmachine.<anonymous>:5385:68",
      "i": 608
    },
    {
      "id": 58,
      "key": "x",
      "old": 4.984496477183006,
      "next": 4.984496857737613,
      "pileClock": 28.458333333333762,
      "state": "RESOLVING",
      "phase": "SETTLE",
      "d": 0.9999999999952681,
      "stack": "at Object.set [as x] (evalmachine.<anonymous>:8129:423) <- at shift (evalmachine.<anonymous>:2013:14) <- at solvePair (evalmachine.<anonymous>:2040:25) <- at resolveVisualContacts (evalmachine.<anonymous>:2059:43) <- at resolveVisualContacts (evalmachine.<anonymous>:3590:9) <- at evalmachine.<anonymous>:5385:68",
      "i": 609
    },
    {
      "id": 58,
      "key": "x",
      "old": 4.984496857737613,
      "next": 4.9762493344251615,
      "pileClock": 28.458333333333762,
      "state": "RESOLVING",
      "phase": "SETTLE",
      "d": 0.9958763413067174,
      "stack": "at Object.set [as x] (evalmachine.<anonymous>:8129:423) <- at shift (evalmachine.<anonymous>:2013:14) <- at solvePair (evalmachine.<anonymous>:2032:9) <- at resolveVisualContacts (evalmachine.<anonymous>:2059:43) <- at resolveVisualContacts (evalmachine.<anonymous>:3590:9) <- at evalmachine.<anonymous>:5385:68",
      "i": 610
    },
    {
      "id": 58,
      "key": "x",
      "old": 4.9762493344251615,
      "next": 4.972219454870636,
      "pileClock": 28.458333333333762,
      "state": "RESOLVING",
      "phase": "SETTLE",
      "d": 0.9938614521519571,
      "stack": "at Object.set [as x] (evalmachine.<anonymous>:8129:423) <- at shift (evalmachine.<anonymous>:2013:14) <- at solvePair (evalmachine.<anonymous>:2040:25) <- at resolveVisualContacts (evalmachine.<anonymous>:2059:43) <- at resolveVisualContacts (evalmachine.<anonymous>:3590:9) <- at evalmachine.<anonymous>:5385:68",
      "i": 611
    },
    {
      "id": 58,
      "key": "x",
      "old": 4.972219454870636,
      "next": 4.97025953089329,
      "pileClock": 28.458333333333762,
      "state": "RESOLVING",
      "phase": "SETTLE",
      "d": 0.9928815148577007,
      "stack": "at Object.set [as x] (evalmachine.<anonymous>:8129:423) <- at shift (evalmachine.<anonymous>:2013:14) <- at solvePair (evalmachine.<anonymous>:2040:25) <- at resolveVisualContacts (evalmachine.<anonymous>:2059:43) <- at resolveVisualContacts (evalmachine.<anonymous>:3590:9) <- at evalmachine.<anonymous>:5385:68",
      "i": 612
    },
    {
      "id": 58,
      "key": "x",
      "old": 4.97025953089329,
      "next": 4.969308487312894,
      "pileClock": 28.458333333333762,
      "state": "RESOLVING",
      "phase": "SETTLE",
      "d": 0.9924060050679226,
      "stack": "at Object.set [as x] (evalmachine.<anonymous>:8129:423) <- at shift (evalmachine.<anonymous>:2013:14) <- at solvePair (evalmachine.<anonymous>:2040:25) <- at resolveVisualContacts (evalmachine.<anonymous>:2059:43) <- at resolveVisualContacts (evalmachine.<anonymous>:3590:9) <- at evalmachine.<anonymous>:5385:68",
      "i": 613
    },
    {
      "id": 60,
      "key": "x",
      "old": 2.9845465905274735,
      "next": 2.999728084326766,
      "pileClock": 28.458333333333762,
      "state": "RESOLVING",
      "phase": "SETTLE",
      "d": 0.9848154512997894,
      "stack": "at Object.set [as x] (evalmachine.<anonymous>:8129:423) <- at shift (evalmachine.<anonymous>:2013:14) <- at solvePair (evalmachine.<anonymous>:2033:9) <- at resolveVisualContacts (evalmachine.<anonymous>:2059:43) <- at resolveVisualContacts (evalmachine.<anonymous>:3590:9) <- at evalmachine.<anonymous>:5385:68",
      "i": 614
    },
    {
      "id": 60,
      "key": "y",
      "old": 6.018895660622004,
      "next": 6.019040209687234,
      "pileClock": 28.458333333333762,
      "state": "RESOLVING",
      "phase": "SETTLE",
      "d": 0.9848163556718785,
      "stack": "at Object.set [as y] (evalmachine.<anonymous>:8129:423) <- at shift (evalmachine.<anonymous>:2016:18) <- at solvePair (evalmachine.<anonymous>:2033:9) <- at resolveVisualContacts (evalmachine.<anonymous>:2059:43) <- at resolveVisualContacts (evalmachine.<anonymous>:3590:9) <- at evalmachine.<anonymous>:5385:68",
      "i": 615
    },
    {
      "id": 60,
      "key": "x",
      "old": 2.999728084326766,
      "next": 2.9845448432370216,
      "pileClock": 28.458333333333762,
      "state": "RESOLVING",
      "phase": "SETTLE",
      "d": 0.9924077761451814,
      "stack": "at Object.set [as x] (evalmachine.<anonymous>:8129:423) <- at shift (evalmachine.<anonymous>:2013:14) <- at solvePair (evalmachine.<anonymous>:2032:9) <- at resolveVisualContacts (evalmachine.<anonymous>:2059:43) <- at resolveVisualContacts (evalmachine.<anonymous>:3590:9) <- at evalmachine.<anonymous>:5385:68",
      "i": 616
    },
    {
      "id": 60,
      "key": "y",
      "old": 6.019040209687234,
      "next": 6.019104097854077,
      "pileClock": 28.458333333333762,
      "state": "RESOLVING",
      "phase": "SETTLE",
      "d": 0.9924081778359393,
      "stack": "at Object.set [as y] (evalmachine.<anonymous>:8129:423) <- at shift (evalmachine.<anonymous>:2016:18) <- at solvePair (evalmachine.<anonymous>:2032:9) <- at resolveVisualContacts (evalmachine.<anonymous>:2059:43) <- at resolveVisualContacts (evalmachine.<anonymous>:3590:9) <- at evalmachine.<anonymous>:5385:68",
      "i": 617
    },
    {
      "id": 58,
      "key": "x",
      "old": 4.969308487312894,
      "next": 4.984492131641016,
      "pileClock": 28.458333333333762,
      "state": "RESOLVING",
      "phase": "SETTLE",
      "d": 0.9999997999114487,
      "stack": "at Object.set [as x] (evalmachine.<anonymous>:8129:423) <- at shift (evalmachine.<anonymous>:2013:14) <- at solvePair (evalmachine.<anonymous>:2033:9) <- at resolveVisualContacts (evalmachine.<anonymous>:2059:43) <- at resolveVisualContacts (evalmachine.<anonymous>:3590:9) <- at evalmachine.<anonymous>:5385:68",
      "i": 618
    },
    {
      "id": 58,
      "key": "x",
      "old": 4.984492131641016,
      "next": 4.984492531818118,
      "pileClock": 28.458333333333762,
      "state": "RESOLVING",
      "phase": "SETTLE",
      "d": 0.9999999999947663,
      "stack": "at Object.set [as x] (evalmachine.<anonymous>:8129:423) <- at shift (evalmachine.<anonymous>:2013:14) <- at solvePair (evalmachine.<anonymous>:2040:25) <- at resolveVisualContacts (evalmachine.<anonymous>:2059:43) <- at resolveVisualContacts (evalmachine.<anonymous>:3590:9) <- at evalmachine.<anonymous>:5385:68",
      "i": 619
    },
    {
      "id": 58,
      "key": "x",
      "old": 4.984492531818118,
      "next": 4.976247214096881,
      "pileClock": 28.458333333333762,
      "state": "RESOLVING",
      "phase": "SETTLE",
      "d": 0.995877449411579,
      "stack": "at Object.set [as x] (evalmachine.<anonymous>:8129:423) <- at shift (evalmachine.<anonymous>:2013:14) <- at solvePair (evalmachine.<anonymous>:2032:9) <- at resolveVisualContacts (evalmachine.<anonymous>:2059:43) <- at resolveVisualContacts (evalmachine.<anonymous>:3590:9) <- at evalmachine.<anonymous>:5385:68",
      "i": 620
    },
    {
      "id": 58,
      "key": "x",
      "old": 4.976247214096881,
      "next": 4.972218422078248,
      "pileClock": 28.458333333333762,
      "state": "RESOLVING",
      "phase": "SETTLE",
      "d": 0.9938631066350069,
      "stack": "at Object.set [as x] (evalmachine.<anonymous>:8129:423) <- at shift (evalmachine.<anonymous>:2013:14) <- at solvePair (evalmachine.<anonymous>:2040:25) <- at resolveVisualContacts (evalmachine.<anonymous>:2059:43) <- at resolveVisualContacts (evalmachine.<anonymous>:3590:9) <- at evalmachine.<anonymous>:5385:68",
      "i": 621
    },
    {
      "id": 58,
      "key": "x",
      "old": 4.972218422078248,
      "next": 4.970259029363677,
      "pileClock": 28.458333333333762,
      "state": "RESOLVING",
      "phase": "SETTLE",
      "d": 0.9928834362454017,
      "stack": "at Object.set [as x] (evalmachine.<anonymous>:8129:423) <- at shift (evalmachine.<anonymous>:2013:14) <- at solvePair (evalmachine.<anonymous>:2040:25) <- at resolveVisualContacts (evalmachine.<anonymous>:2059:43) <- at resolveVisualContacts (evalmachine.<anonymous>:3590:9) <- at evalmachine.<anonymous>:5385:68",
      "i": 622
    },
    {
      "id": 58,
      "key": "x",
      "old": 4.970259029363677,
      "next": 4.969308244128845,
      "pileClock": 28.458333333333762,
      "state": "RESOLVING",
      "phase": "SETTLE",
      "d": 0.9924080562471439,
      "stack": "at Object.set [as x] (evalmachine.<anonymous>:8129:423) <- at shift (evalmachine.<anonymous>:2013:14) <- at solvePair (evalmachine.<anonymous>:2040:25) <- at resolveVisualContacts (evalmachine.<anonymous>:2059:43) <- at resolveVisualContacts (evalmachine.<anonymous>:3590:9) <- at evalmachine.<anonymous>:5385:68",
      "i": 623
    },
    {
      "id": 60,
      "key": "x",
      "old": 2.9845448432370216,
      "next": 2.9997220530270177,
      "pileClock": 28.458333333333762,
      "state": "RESOLVING",
      "phase": "SETTLE",
      "d": 0.9848196544388551,
      "stack": "at Object.set [as x] (evalmachine.<anonymous>:8129:423) <- at shift (evalmachine.<anonymous>:2013:14) <- at solvePair (evalmachine.<anonymous>:2033:9) <- at resolveVisualContacts (evalmachine.<anonymous>:2059:43) <- at resolveVisualContacts (evalmachine.<anonymous>:3590:9) <- at evalmachine.<anonymous>:5385:68",
      "i": 624
    },
    {
      "id": 60,
      "key": "y",
      "old": 6.019104097854077,
      "next": 6.019250200322847,
      "pileClock": 28.458333333333762,
      "state": "RESOLVING",
      "phase": "SETTLE",
      "d": 0.9848205918042728,
      "stack": "at Object.set [as y] (evalmachine.<anonymous>:8129:423) <- at shift (evalmachine.<anonymous>:2016:18) <- at solvePair (evalmachine.<anonymous>:2033:9) <- at resolveVisualContacts (evalmachine.<anonymous>:2059:43) <- at resolveVisualContacts (evalmachine.<anonymous>:3590:9) <- at evalmachine.<anonymous>:5385:68",
      "i": 625
    },
    {
      "id": 60,
      "key": "x",
      "old": 2.9997220530270177,
      "next": 2.9845430686413295,
      "pileClock": 28.458333333333762,
      "state": "RESOLVING",
      "phase": "SETTLE",
      "d": 0.9924098737184978,
      "stack": "at Object.set [as x] (evalmachine.<anonymous>:8129:423) <- at shift (evalmachine.<anonymous>:2013:14) <- at solvePair (evalmachine.<anonymous>:2032:9) <- at resolveVisualContacts (evalmachine.<anonymous>:2059:43) <- at resolveVisualContacts (evalmachine.<anonymous>:3590:9) <- at evalmachine.<anonymous>:5385:68",
      "i": 626
    },
    {
      "id": 60,
      "key": "y",
      "old": 6.019250200322847,
      "next": 6.019315688722708,
      "pileClock": 28.458333333333762,
      "state": "RESOLVING",
      "phase": "SETTLE",
      "d": 0.9924102959021366,
      "stack": "at Object.set [as y] (evalmachine.<anonymous>:8129:423) <- at shift (evalmachine.<anonymous>:2016:18) <- at solvePair (evalmachine.<anonymous>:2032:9) <- at resolveVisualContacts (evalmachine.<anonymous>:2059:43) <- at resolveVisualContacts (evalmachine.<anonymous>:3590:9) <- at evalmachine.<anonymous>:5385:68",
      "i": 627
    },
    {
      "id": 58,
      "key": "x",
      "old": 4.969308244128845,
      "next": 4.984487652324572,
      "pileClock": 28.458333333333762,
      "state": "RESOLVING",
      "phase": "SETTLE",
      "d": 0.9999997897032548,
      "stack": "at Object.set [as x] (evalmachine.<anonymous>:8129:423) <- at shift (evalmachine.<anonymous>:2013:14) <- at solvePair (evalmachine.<anonymous>:2033:9) <- at resolveVisualContacts (evalmachine.<anonymous>:2059:43) <- at resolveVisualContacts (evalmachine.<anonymous>:3590:9) <- at evalmachine.<anonymous>:5385:68",
      "i": 628
    },
    {
      "id": 58,
      "key": "x",
      "old": 4.984487652324572,
      "next": 4.9844880729180625,
      "pileClock": 28.458333333333762,
      "state": "RESOLVING",
      "phase": "SETTLE",
      "d": 0.9999999999942174,
      "stack": "at Object.set [as x] (evalmachine.<anonymous>:8129:423) <- at shift (evalmachine.<anonymous>:2013:14) <- at solvePair (evalmachine.<anonymous>:2040:25) <- at resolveVisualContacts (evalmachine.<anonymous>:2059:43) <- at resolveVisualContacts (evalmachine.<anonymous>:3590:9) <- at evalmachine.<anonymous>:5385:68",
      "i": 629
    },
    {
      "id": 58,
      "key": "x",
      "old": 4.9844880729180625,
      "next": 4.976245028596107,
      "pileClock": 28.458333333333762,
      "state": "RESOLVING",
      "phase": "SETTLE",
      "d": 0.9958785916352932,
      "stack": "at Object.set [as x] (evalmachine.<anonymous>:8129:423) <- at shift (evalmachine.<anonymous>:2013:14) <- at solvePair (evalmachine.<anonymous>:2032:9) <- at resolveVisualContacts (evalmachine.<anonymous>:2059:43) <- at resolveVisualContacts (evalmachine.<anonymous>:3590:9) <- at evalmachine.<anonymous>:5385:68",
      "i": 630
    },
    {
      "id": 58,
      "key": "x",
      "old": 4.976245028596107,
      "next": 4.972217357542675,
      "pileClock": 28.458333333333762,
      "state": "RESOLVING",
      "phase": "SETTLE",
      "d": 0.9938648120571716,
      "stack": "at Object.set [as x] (evalmachine.<anonymous>:8129:423) <- at shift (evalmachine.<anonymous>:2013:14) <- at solvePair (evalmachine.<anonymous>:2040:25) <- at resolveVisualContacts (evalmachine.<anonymous>:2059:43) <- at resolveVisualContacts (evalmachine.<anonymous>:3590:9) <- at evalmachine.<anonymous>:5385:68",
      "i": 631
    },
    {
      "id": 58,
      "key": "x",
      "old": 4.972217357542675,
      "next": 4.970258512419812,
      "pileClock": 28.458333333333762,
      "state": "RESOLVING",
      "phase": "SETTLE",
      "d": 0.9928854167881926,
      "stack": "at Object.set [as x] (evalmachine.<anonymous>:8129:423) <- at shift (evalmachine.<anonymous>:2013:14) <- at solvePair (evalmachine.<anonymous>:2040:25) <- at resolveVisualContacts (evalmachine.<anonymous>:2059:43) <- at resolveVisualContacts (evalmachine.<anonymous>:3590:9) <- at evalmachine.<anonymous>:5385:68",
      "i": 632
    },
    {
      "id": 58,
      "key": "x",
      "old": 4.970258512419812,
      "next": 4.969307993470758,
      "pileClock": 28.458333333333762,
      "state": "RESOLVING",
      "phase": "SETTLE",
      "d": 0.9924101705765923,
      "stack": "at Object.set [as x] (evalmachine.<anonymous>:8129:423) <- at shift (evalmachine.<anonymous>:2013:14) <- at solvePair (evalmachine.<anonymous>:2040:25) <- at resolveVisualContacts (evalmachine.<anonymous>:2059:43) <- at resolveVisualContacts (evalmachine.<anonymous>:3590:9) <- at evalmachine.<anonymous>:5385:68",
      "i": 633
    },
    {
      "id": 60,
      "key": "x",
      "old": 2.9845430686413295,
      "next": 2.999715862838994,
      "pileClock": 28.458333333333762,
      "state": "RESOLVING",
      "phase": "SETTLE",
      "d": 0.9848239869221361,
      "stack": "at Object.set [as x] (evalmachine.<anonymous>:8129:423) <- at shift (evalmachine.<anonymous>:2013:14) <- at solvePair (evalmachine.<anonymous>:2033:9) <- at resolveVisualContacts (evalmachine.<anonymous>:2059:43) <- at resolveVisualContacts (evalmachine.<anonymous>:3590:9) <- at evalmachine.<anonymous>:5385:68",
      "i": 634
    },
    {
      "id": 60,
      "key": "y",
      "old": 6.019315688722708,
      "next": 6.019463366530465,
      "pileClock": 28.458333333333762,
      "state": "RESOLVING",
      "phase": "SETTLE",
      "d": 0.98482495827561,
      "stack": "at Object.set [as y] (evalmachine.<anonymous>:8129:423) <- at shift (evalmachine.<anonymous>:2016:18) <- at solvePair (evalmachine.<anonymous>:2033:9) <- at resolveVisualContacts (evalmachine.<anonymous>:2059:43) <- at resolveVisualContacts (evalmachine.<anonymous>:3590:9) <- at evalmachine.<anonymous>:5385:68",
      "i": 635
    },
    {
      "id": 60,
      "key": "x",
      "old": 2.999715862838994,
      "next": 2.9845412663225224,
      "pileClock": 28.458333333333762,
      "state": "RESOLVING",
      "phase": "SETTLE",
      "d": 0.9924120356382192,
      "stack": "at Object.set [as x] (evalmachine.<anonymous>:8129:423) <- at shift (evalmachine.<anonymous>:2013:14) <- at solvePair (evalmachine.<anonymous>:2032:9) <- at resolveVisualContacts (evalmachine.<anonymous>:2059:43) <- at resolveVisualContacts (evalmachine.<anonymous>:3590:9) <- at evalmachine.<anonymous>:5385:68",
      "i": 636
    },
    {
      "id": 60,
      "key": "y",
      "old": 6.019463366530465,
      "next": 6.019530478127222,
      "pileClock": 28.458333333333762,
      "state": "RESOLVING",
      "phase": "SETTLE",
      "d": 0.992412479137805,
      "stack": "at Object.set [as y] (evalmachine.<anonymous>:8129:423) <- at shift (evalmachine.<anonymous>:2016:18) <- at solvePair (evalmachine.<anonymous>:2032:9) <- at resolveVisualContacts (evalmachine.<anonymous>:2059:43) <- at resolveVisualContacts (evalmachine.<anonymous>:3590:9) <- at evalmachine.<anonymous>:5385:68",
      "i": 637
    },
    {
      "id": 58,
      "key": "x",
      "old": 4.969307993470758,
      "next": 4.984483035195148,
      "pileClock": 28.458333333333762,
      "state": "RESOLVING",
      "phase": "SETTLE",
      "d": 0.9999997790850289,
      "stack": "at Object.set [as x] (evalmachine.<anonymous>:8129:423) <- at shift (evalmachine.<anonymous>:2013:14) <- at solvePair (evalmachine.<anonymous>:2033:9) <- at resolveVisualContacts (evalmachine.<anonymous>:2059:43) <- at resolveVisualContacts (evalmachine.<anonymous>:3590:9) <- at evalmachine.<anonymous>:5385:68",
      "i": 638
    },
    {
      "id": 58,
      "key": "x",
      "old": 4.984483035195148,
      "next": 4.9844834770250905,
      "pileClock": 28.458333333333762,
      "state": "RESOLVING",
      "phase": "SETTLE",
      "d": 0.9999999999936168,
      "stack": "at Object.set [as x] (evalmachine.<anonymous>:8129:423) <- at shift (evalmachine.<anonymous>:2013:14) <- at solvePair (evalmachine.<anonymous>:2040:25) <- at resolveVisualContacts (evalmachine.<anonymous>:2059:43) <- at resolveVisualContacts (evalmachine.<anonymous>:3590:9) <- at evalmachine.<anonymous>:5385:68",
      "i": 639
    },
    {
      "id": 58,
      "key": "x",
      "old": 4.9844834770250905,
      "next": 4.976242775956878,
      "pileClock": 28.458333333333762,
      "state": "RESOLVING",
      "phase": "SETTLE",
      "d": 0.9958797690081407,
      "stack": "at Object.set [as x] (evalmachine.<anonymous>:8129:423) <- at shift (evalmachine.<anonymous>:2013:14) <- at solvePair (evalmachine.<anonymous>:2032:9) <- at resolveVisualContacts (evalmachine.<anonymous>:2059:43) <- at resolveVisualContacts (evalmachine.<anonymous>:3590:9) <- at evalmachine.<anonymous>:5385:68",
      "i": 640
    },
    {
      "id": 58,
      "key": "x",
      "old": 4.976242775956878,
      "next": 4.972216260306477,
      "pileClock": 28.458333333333762,
      "state": "RESOLVING",
      "phase": "SETTLE",
      "d": 0.9938665699564724,
      "stack": "at Object.set [as x] (evalmachine.<anonymous>:8129:423) <- at shift (evalmachine.<anonymous>:2013:14) <- at solvePair (evalmachine.<anonymous>:2040:25) <- at resolveVisualContacts (evalmachine.<anonymous>:2059:43) <- at resolveVisualContacts (evalmachine.<anonymous>:3590:9) <- at evalmachine.<anonymous>:5385:68",
      "i": 641
    },
    {
      "id": 58,
      "key": "x",
      "old": 4.972216260306477,
      "next": 4.970257979596793,
      "pileClock": 28.458333333333762,
      "state": "RESOLVING",
      "phase": "SETTLE",
      "d": 0.992887458272063,
      "stack": "at Object.set [as x] (evalmachine.<anonymous>:8129:423) <- at shift (evalmachine.<anonymous>:2013:14) <- at solvePair (evalmachine.<anonymous>:2040:25) <- at resolveVisualContacts (evalmachine.<anonymous>:2059:43) <- at resolveVisualContacts (evalmachine.<anonymous>:3590:9) <- at evalmachine.<anonymous>:5385:68",
      "i": 642
    },
    {
      "id": 58,
      "key": "x",
      "old": 4.970257979596793,
      "next": 4.969307735113218,
      "pileClock": 28.458333333333762,
      "state": "RESOLVING",
      "phase": "SETTLE",
      "d": 0.992412349962825,
      "stack": "at Object.set [as x] (evalmachine.<anonymous>:8129:423) <- at shift (evalmachine.<anonymous>:2013:14) <- at solvePair (evalmachine.<anonymous>:2040:25) <- at resolveVisualContacts (evalmachine.<anonymous>:2059:43) <- at resolveVisualContacts (evalmachine.<anonymous>:3590:9) <- at evalmachine.<anonymous>:5385:68",
      "i": 643
    },
    {
      "id": 60,
      "key": "x",
      "old": 2.9845412663225224,
      "next": 2.9997095093818924,
      "pileClock": 28.458333333333762,
      "state": "RESOLVING",
      "phase": "SETTLE",
      "d": 0.9848284526508975,
      "stack": "at Object.set [as x] (evalmachine.<anonymous>:8129:423) <- at shift (evalmachine.<anonymous>:2013:14) <- at solvePair (evalmachine.<anonymous>:2033:9) <- at resolveVisualContacts (evalmachine.<anonymous>:2059:43) <- at resolveVisualContacts (evalmachine.<anonymous>:3590:9) <- at evalmachine.<anonymous>:5385:68",
      "i": 644
    },
    {
      "id": 60,
      "key": "y",
      "old": 6.019530478127222,
      "next": 6.019679753450606,
      "pileClock": 28.458333333333762,
      "state": "RESOLVING",
      "phase": "SETTLE",
      "d": 0.984829459015901,
      "stack": "at Object.set [as y] (evalmachine.<anonymous>:8129:423) <- at shift (evalmachine.<anonymous>:2016:18) <- at solvePair (evalmachine.<anonymous>:2033:9) <- at resolveVisualContacts (evalmachine.<anonymous>:2059:43) <- at resolveVisualContacts (evalmachine.<anonymous>:3590:9) <- at evalmachine.<anonymous>:5385:68",
      "i": 645
    },
    {
      "id": 60,
      "key": "x",
      "old": 2.9997095093818924,
      "next": 2.984539435856917,
      "pileClock": 28.458333333333762,
      "state": "RESOLVING",
      "phase": "SETTLE",
      "d": 0.9924142638423447,
      "stack": "at Object.set [as x] (evalmachine.<anonymous>:8129:423) <- at shift (evalmachine.<anonymous>:2013:14) <- at solvePair (evalmachine.<anonymous>:2032:9) <- at resolveVisualContacts (evalmachine.<anonymous>:2059:43) <- at resolveVisualContacts (evalmachine.<anonymous>:3590:9) <- at evalmachine.<anonymous>:5385:68",
      "i": 646
    },
    {
      "id": 60,
      "key": "y",
      "old": 6.019679753450606,
      "next": 6.019748511473339,
      "pileClock": 28.458333333333762,
      "state": "RESOLVING",
      "phase": "SETTLE",
      "d": 0.9924147295079505,
      "stack": "at Object.set [as y] (evalmachine.<anonymous>:8129:423) <- at shift (evalmachine.<anonymous>:2016:18) <- at solvePair (evalmachine.<anonymous>:2032:9) <- at resolveVisualContacts (evalmachine.<anonymous>:2059:43) <- at resolveVisualContacts (evalmachine.<anonymous>:3590:9) <- at evalmachine.<anonymous>:5385:68",
      "i": 647
    },
    {
      "id": 58,
      "key": "x",
      "old": 4.969307735113218,
      "next": 4.984478276097317,
      "pileClock": 28.458333333333762,
      "state": "RESOLVING",
      "phase": "SETTLE",
      "d": 0.9999997680433131,
      "stack": "at Object.set [as x] (evalmachine.<anonymous>:8129:423) <- at shift (evalmachine.<anonymous>:2013:14) <- at solvePair (evalmachine.<anonymous>:2033:9) <- at resolveVisualContacts (evalmachine.<anonymous>:2059:43) <- at resolveVisualContacts (evalmachine.<anonymous>:3590:9) <- at evalmachine.<anonymous>:5385:68",
      "i": 648
    },
    {
      "id": 58,
      "key": "x",
      "old": 4.984478276097317,
      "next": 4.98447874001069,
      "pileClock": 28.458333333333762,
      "state": "RESOLVING",
      "phase": "SETTLE",
      "d": 0.9999999999929603,
      "stack": "at Object.set [as x] (evalmachine.<anonymous>:8129:423) <- at shift (evalmachine.<anonymous>:2013:14) <- at solvePair (evalmachine.<anonymous>:2040:25) <- at resolveVisualContacts (evalmachine.<anonymous>:2059:43) <- at resolveVisualContacts (evalmachine.<anonymous>:3590:9) <- at evalmachine.<anonymous>:5385:68",
      "i": 649
    },
    {
      "id": 58,
      "key": "x",
      "old": 4.98447874001069,
      "next": 4.976240454156355,
      "pileClock": 28.458333333333762,
      "state": "RESOLVING",
      "phase": "SETTLE",
      "d": 0.9958809825902418,
      "stack": "at Object.set [as x] (evalmachine.<anonymous>:8129:423) <- at shift (evalmachine.<anonymous>:2013:14) <- at solvePair (evalmachine.<anonymous>:2032:9) <- at resolveVisualContacts (evalmachine.<anonymous>:2059:43) <- at resolveVisualContacts (evalmachine.<anonymous>:3590:9) <- at evalmachine.<anonymous>:5385:68",
      "i": 650
    },
    {
      "id": 58,
      "key": "x",
      "old": 4.976240454156355,
      "next": 4.972215129384522,
      "pileClock": 28.458333333333762,
      "state": "RESOLVING",
      "phase": "SETTLE",
      "d": 0.993868381915464,
      "stack": "at Object.set [as x] (evalmachine.<anonymous>:8129:423) <- at shift (evalmachine.<anonymous>:2013:14) <- at solvePair (evalmachine.<anonymous>:2040:25) <- at resolveVisualContacts (evalmachine.<anonymous>:2059:43) <- at resolveVisualContacts (evalmachine.<anonymous>:3590:9) <- at evalmachine.<anonymous>:5385:68",
      "i": 651
    },
    {
      "id": 58,
      "key": "x",
      "old": 4.972215129384522,
      "next": 4.970257430416279,
      "pileClock": 28.458333333333762,
      "state": "RESOLVING",
      "phase": "SETTLE",
      "d": 0.9928895625347083,
      "stack": "at Object.set [as x] (evalmachine.<anonymous>:8129:423) <- at shift (evalmachine.<anonymous>:2013:14) <- at solvePair (evalmachine.<anonymous>:2040:25) <- at resolveVisualContacts (evalmachine.<anonymous>:2059:43) <- at resolveVisualContacts (evalmachine.<anonymous>:3590:9) <- at evalmachine.<anonymous>:5385:68",
      "i": 652
    },
    {
      "id": 58,
      "key": "x",
      "old": 4.970257430416279,
      "next": 4.969307468824293,
      "pileClock": 28.458333333333762,
      "state": "RESOLVING",
      "phase": "SETTLE",
      "d": 0.9924145963675907,
      "stack": "at Object.set [as x] (evalmachine.<anonymous>:8129:423) <- at shift (evalmachine.<anonymous>:2013:14) <- at solvePair (evalmachine.<anonymous>:2040:25) <- at resolveVisualContacts (evalmachine.<anonymous>:2059:43) <- at resolveVisualContacts (evalmachine.<anonymous>:3590:9) <- at evalmachine.<anonymous>:5385:68",
      "i": 653
    },
    {
      "id": 60,
      "key": "x",
      "old": 2.984539435856917,
      "next": 2.9997029881548514,
      "pileClock": 28.458333333333762,
      "state": "RESOLVING",
      "phase": "SETTLE",
      "d": 0.9848330556390948,
      "stack": "at Object.set [as x] (evalmachine.<anonymous>:8129:423) <- at shift (evalmachine.<anonymous>:2013:14) <- at solvePair (evalmachine.<anonymous>:2033:9) <- at resolveVisualContacts (evalmachine.<anonymous>:2059:43) <- at resolveVisualContacts (evalmachine.<anonymous>:3590:9) <- at evalmachine.<anonymous>:5385:68",
      "i": 654
    },
    {
      "id": 60,
      "key": "y",
      "old": 6.019748511473339,
      "next": 6.019899406729499,
      "pileClock": 28.458333333333762,
      "state": "RESOLVING",
      "phase": "SETTLE",
      "d": 0.9848340980685992,
      "stack": "at Object.set [as y] (evalmachine.<anonymous>:8129:423) <- at shift (evalmachine.<anonymous>:2016:18) <- at solvePair (evalmachine.<anonymous>:2033:9) <- at resolveVisualContacts (evalmachine.<anonymous>:2059:43) <- at resolveVisualContacts (evalmachine.<anonymous>:3590:9) <- at evalmachine.<anonymous>:5385:68",
      "i": 655
    },
    {
      "id": 60,
      "key": "x",
      "old": 2.9997029881548514,
      "next": 2.9845375768149816,
      "pileClock": 28.458333333333762,
      "state": "RESOLVING",
      "phase": "SETTLE",
      "d": 0.9924165603248313,
      "stack": "at Object.set [as x] (evalmachine.<anonymous>:8129:423) <- at shift (evalmachine.<anonymous>:2013:14) <- at solvePair (evalmachine.<anonymous>:2032:9) <- at resolveVisualContacts (evalmachine.<anonymous>:2059:43) <- at resolveVisualContacts (evalmachine.<anonymous>:3590:9) <- at evalmachine.<anonymous>:5385:68",
      "i": 656
    },
    {
      "id": 60,
      "key": "y",
      "old": 6.019899406729499,
      "next": 6.019969834672365,
      "pileClock": 28.458333333333762,
      "state": "RESOLVING",
      "phase": "SETTLE",
      "d": 0.9924170490342995,
      "stack": "at Object.set [as y] (evalmachine.<anonymous>:8129:423) <- at shift (evalmachine.<anonymous>:2016:18) <- at solvePair (evalmachine.<anonymous>:2032:9) <- at resolveVisualContacts (evalmachine.<anonymous>:2059:43) <- at resolveVisualContacts (evalmachine.<anonymous>:3590:9) <- at evalmachine.<anonymous>:5385:68",
      "i": 657
    },
    {
      "id": 58,
      "key": "x",
      "old": 4.969307468824293,
      "next": 4.984473370755694,
      "pileClock": 28.458333333333762,
      "state": "RESOLVING",
      "phase": "SETTLE",
      "d": 0.9999997565642709,
      "stack": "at Object.set [as x] (evalmachine.<anonymous>:8129:423) <- at shift (evalmachine.<anonymous>:2013:14) <- at solvePair (evalmachine.<anonymous>:2033:9) <- at resolveVisualContacts (evalmachine.<anonymous>:2059:43) <- at resolveVisualContacts (evalmachine.<anonymous>:3590:9) <- at evalmachine.<anonymous>:5385:68",
      "i": 658
    },
    {
      "id": 58,
      "key": "x",
      "old": 4.984473370755694,
      "next": 4.984473857627153,
      "pileClock": 28.458333333333762,
      "state": "RESOLVING",
      "phase": "SETTLE",
      "d": 0.9999999999922444,
      "stack": "at Object.set [as x] (evalmachine.<anonymous>:8129:423) <- at shift (evalmachine.<anonymous>:2013:14) <- at solvePair (evalmachine.<anonymous>:2040:25) <- at resolveVisualContacts (evalmachine.<anonymous>:2059:43) <- at resolveVisualContacts (evalmachine.<anonymous>:3590:9) <- at evalmachine.<anonymous>:5385:68",
      "i": 659
    },
    {
      "id": 58,
      "key": "x",
      "old": 4.984473857627153,
      "next": 4.9762380611133175,
      "pileClock": 28.458333333333762,
      "state": "RESOLVING",
      "phase": "SETTLE",
      "d": 0.9958822334723321,
      "stack": "at Object.set [as x] (evalmachine.<anonymous>:8129:423) <- at shift (evalmachine.<anonymous>:2013:14) <- at solvePair (evalmachine.<anonymous>:2032:9) <- at resolveVisualContacts (evalmachine.<anonymous>:2059:43) <- at resolveVisualContacts (evalmachine.<anonymous>:3590:9) <- at evalmachine.<anonymous>:5385:68",
      "i": 660
    },
    {
      "id": 58,
      "key": "x",
      "old": 4.9762380611133175,
      "next": 4.972213963763251,
      "pileClock": 28.458333333333762,
      "state": "RESOLVING",
      "phase": "SETTLE",
      "d": 0.9938702495623943,
      "stack": "at Object.set [as x] (evalmachine.<anonymous>:8129:423) <- at shift (evalmachine.<anonymous>:2013:14) <- at solvePair (evalmachine.<anonymous>:2040:25) <- at resolveVisualContacts (evalmachine.<anonymous>:2059:43) <- at resolveVisualContacts (evalmachine.<anonymous>:3590:9) <- at evalmachine.<anonymous>:5385:68",
      "i": 661
    },
    {
      "id": 58,
      "key": "x",
      "old": 4.972213963763251,
      "next": 4.97025686438612,
      "pileClock": 28.458333333333762,
      "state": "RESOLVING",
      "phase": "SETTLE",
      "d": 0.9928917314668761,
      "stack": "at Object.set [as x] (evalmachine.<anonymous>:8129:423) <- at shift (evalmachine.<anonymous>:2013:14) <- at solvePair (evalmachine.<anonymous>:2040:25) <- at resolveVisualContacts (evalmachine.<anonymous>:2059:43) <- at resolveVisualContacts (evalmachine.<anonymous>:3590:9) <- at evalmachine.<anonymous>:5385:68",
      "i": 662
    },
    {
      "id": 58,
      "key": "x",
      "old": 4.97025686438612,
      "next": 4.96930719436536,
      "pileClock": 28.458333333333762,
      "state": "RESOLVING",
      "phase": "SETTLE",
      "d": 0.9924169118092723,
      "stack": "at Object.set [as x] (evalmachine.<anonymous>:8129:423) <- at shift (evalmachine.<anonymous>:2013:14) <- at solvePair (evalmachine.<anonymous>:2040:25) <- at resolveVisualContacts (evalmachine.<anonymous>:2059:43) <- at resolveVisualContacts (evalmachine.<anonymous>:3590:9) <- at evalmachine.<anonymous>:5385:68",
      "i": 663
    },
    {
      "id": 60,
      "key": "x",
      "old": 2.9845375768149816,
      "next": 2.9996962945339303,
      "pileClock": 28.458333333333762,
      "state": "RESOLVING",
      "phase": "SETTLE",
      "d": 0.9848378000163162,
      "stack": "at Object.set [as x] (evalmachine.<anonymous>:8129:423) <- at shift (evalmachine.<anonymous>:2013:14) <- at solvePair (evalmachine.<anonymous>:2033:9) <- at resolveVisualContacts (evalmachine.<anonymous>:2059:43) <- at resolveVisualContacts (evalmachine.<anonymous>:3590:9) <- at evalmachine.<anonymous>:5385:68",
      "i": 664
    },
    {
      "id": 60,
      "key": "y",
      "old": 6.019969834672365,
      "next": 6.020122372518072,
      "pileClock": 28.458333333333762,
      "state": "RESOLVING",
      "phase": "SETTLE",
      "d": 0.9848388795935571,
      "stack": "at Object.set [as y] (evalmachine.<anonymous>:8129:423) <- at shift (evalmachine.<anonymous>:2016:18) <- at solvePair (evalmachine.<anonymous>:2033:9) <- at resolveVisualContacts (evalmachine.<anonymous>:2059:43) <- at resolveVisualContacts (evalmachine.<anonymous>:3590:9) <- at evalmachine.<anonymous>:5385:68",
      "i": 665
    },
    {
      "id": 60,
      "key": "x",
      "old": 2.9996962945339303,
      "next": 2.9845356887612833,
      "pileClock": 28.458333333333762,
      "state": "RESOLVING",
      "phase": "SETTLE",
      "d": 0.9924189271370573,
      "stack": "at Object.set [as x] (evalmachine.<anonymous>:8129:423) <- at shift (evalmachine.<anonymous>:2013:14) <- at solvePair (evalmachine.<anonymous>:2032:9) <- at resolveVisualContacts (evalmachine.<anonymous>:2059:43) <- at resolveVisualContacts (evalmachine.<anonymous>:3590:9) <- at evalmachine.<anonymous>:5385:68",
      "i": 666
    },
    {
      "id": 60,
      "key": "y",
      "old": 6.020122372518072,
      "next": 6.020194494139981,
      "pileClock": 28.458333333333762,
      "state": "RESOLVING",
      "phase": "SETTLE",
      "d": 0.9924194397967786,
      "stack": "at Object.set [as y] (evalmachine.<anonymous>:8129:423) <- at shift (evalmachine.<anonymous>:2016:18) <- at solvePair (evalmachine.<anonymous>:2032:9) <- at resolveVisualContacts (evalmachine.<anonymous>:2059:43) <- at resolveVisualContacts (evalmachine.<anonymous>:3590:9) <- at evalmachine.<anonymous>:5385:68",
      "i": 667
    },
    {
      "id": 58,
      "key": "x",
      "old": 4.96930719436536,
      "next": 4.984468314771803,
      "pileClock": 28.458333333333762,
      "state": "RESOLVING",
      "phase": "SETTLE",
      "d": 0.9999997446336758,
      "stack": "at Object.set [as x] (evalmachine.<anonymous>:8129:423) <- at shift (evalmachine.<anonymous>:2013:14) <- at solvePair (evalmachine.<anonymous>:2033:9) <- at resolveVisualContacts (evalmachine.<anonymous>:2059:43) <- at resolveVisualContacts (evalmachine.<anonymous>:3590:9) <- at evalmachine.<anonymous>:5385:68",
      "i": 668
    },
    {
      "id": 58,
      "key": "x",
      "old": 4.984468314771803,
      "next": 4.984468825504451,
      "pileClock": 28.458333333333762,
      "state": "RESOLVING",
      "phase": "SETTLE",
      "d": 0.9999999999914626,
      "stack": "at Object.set [as x] (evalmachine.<anonymous>:8129:423) <- at shift (evalmachine.<anonymous>:2013:14) <- at solvePair (evalmachine.<anonymous>:2040:25) <- at resolveVisualContacts (evalmachine.<anonymous>:2059:43) <- at resolveVisualContacts (evalmachine.<anonymous>:3590:9) <- at evalmachine.<anonymous>:5385:68",
      "i": 669
    },
    {
      "id": 58,
      "key": "x",
      "old": 4.984468825504451,
      "next": 4.976235594686654,
      "pileClock": 28.458333333333762,
      "state": "RESOLVING",
      "phase": "SETTLE",
      "d": 0.9958835227765673,
      "stack": "at Object.set [as x] (evalmachine.<anonymous>:8129:423) <- at shift (evalmachine.<anonymous>:2013:14) <- at solvePair (evalmachine.<anonymous>:2032:9) <- at resolveVisualContacts (evalmachine.<anonymous>:2059:43) <- at resolveVisualContacts (evalmachine.<anonymous>:3590:9) <- at evalmachine.<anonymous>:5385:68",
      "i": 670
    },
    {
      "id": 58,
      "key": "x",
      "old": 4.976235594686654,
      "next": 4.972212762399949,
      "pileClock": 28.458333333333762,
      "state": "RESOLVING",
      "phase": "SETTLE",
      "d": 0.9938721745724025,
      "stack": "at Object.set [as x] (evalmachine.<anonymous>:8129:423) <- at shift (evalmachine.<anonymous>:2013:14) <- at solvePair (evalmachine.<anonymous>:2040:25) <- at resolveVisualContacts (evalmachine.<anonymous>:2059:43) <- at resolveVisualContacts (evalmachine.<anonymous>:3590:9) <- at evalmachine.<anonymous>:5385:68",
      "i": 671
    },
    {
      "id": 58,
      "key": "x",
      "old": 4.972212762399949,
      "next": 4.970256281000018,
      "pileClock": 28.458333333333762,
      "state": "RESOLVING",
      "phase": "SETTLE",
      "d": 0.9928939670137599,
      "stack": "at Object.set [as x] (evalmachine.<anonymous>:8129:423) <- at shift (evalmachine.<anonymous>:2013:14) <- at solvePair (evalmachine.<anonymous>:2040:25) <- at resolveVisualContacts (evalmachine.<anonymous>:2059:43) <- at resolveVisualContacts (evalmachine.<anonymous>:3590:9) <- at evalmachine.<anonymous>:5385:68",
      "i": 672
    },
    {
      "id": 58,
      "key": "x",
      "old": 4.970256281000018,
      "next": 4.96930691149093,
      "pileClock": 28.458333333333762,
      "state": "RESOLVING",
      "phase": "SETTLE",
      "d": 0.9924192983643647,
      "stack": "at Object.set [as x] (evalmachine.<anonymous>:8129:423) <- at shift (evalmachine.<anonymous>:2013:14) <- at solvePair (evalmachine.<anonymous>:2040:25) <- at resolveVisualContacts (evalmachine.<anonymous>:2059:43) <- at resolveVisualContacts (evalmachine.<anonymous>:3590:9) <- at evalmachine.<anonymous>:5385:68",
      "i": 673
    },
    {
      "id": 60,
      "key": "x",
      "old": 2.9845356887612833,
      "next": 2.999689423769041,
      "pileClock": 28.458333333333762,
      "state": "RESOLVING",
      "phase": "SETTLE",
      "d": 0.9848426900307762,
      "stack": "at Object.set [as x] (evalmachine.<anonymous>:8129:423) <- at shift (evalmachine.<anonymous>:2013:14) <- at solvePair (evalmachine.<anonymous>:2033:9) <- at resolveVisualContacts (evalmachine.<anonymous>:2059:43) <- at resolveVisualContacts (evalmachine.<anonymous>:3590:9) <- at evalmachine.<anonymous>:5385:68",
      "i": 674
    },
    {
      "id": 60,
      "key": "y",
      "old": 6.020194494139981,
      "next": 6.020348697470537,
      "pileClock": 28.458333333333762,
      "state": "RESOLVING",
      "phase": "SETTLE",
      "d": 0.9848438078700333,
      "stack": "at Object.set [as y] (evalmachine.<anonymous>:8129:423) <- at shift (evalmachine.<anonymous>:2016:18) <- at solvePair (evalmachine.<anonymous>:2033:9) <- at resolveVisualContacts (evalmachine.<anonymous>:2059:43) <- at resolveVisualContacts (evalmachine.<anonymous>:3590:9) <- at evalmachine.<anonymous>:5385:68",
      "i": 675
    },
    {
      "id": 60,
      "key": "x",
      "old": 2.999689423769041,
      "next": 2.984533771254447,
      "pileClock": 28.458333333333762,
      "state": "RESOLVING",
      "phase": "SETTLE",
      "d": 0.992421366389309,
      "stack": "at Object.set [as x] (evalmachine.<anonymous>:8129:423) <- at shift (evalmachine.<anonymous>:2013:14) <- at solvePair (evalmachine.<anonymous>:2032:9) <- at resolveVisualContacts (evalmachine.<anonymous>:2059:43) <- at resolveVisualContacts (evalmachine.<anonymous>:3590:9) <- at evalmachine.<anonymous>:5385:68",
      "i": 676
    },
    {
      "id": 60,
      "key": "y",
      "old": 6.020348697470537,
      "next": 6.020422536794635,
      "pileClock": 28.458333333333762,
      "state": "RESOLVING",
      "phase": "SETTLE",
      "d": 0.9924219039350167,
      "stack": "at Object.set [as y] (evalmachine.<anonymous>:8129:423) <- at shift (evalmachine.<anonymous>:2016:18) <- at solvePair (evalmachine.<anonymous>:2032:9) <- at resolveVisualContacts (evalmachine.<anonymous>:2059:43) <- at resolveVisualContacts (evalmachine.<anonymous>:3590:9) <- at evalmachine.<anonymous>:5385:68",
      "i": 677
    },
    {
      "id": 58,
      "key": "x",
      "old": 4.96930691149093,
      "next": 4.984463103620897,
      "pileClock": 28.458333333333762,
      "state": "RESOLVING",
      "phase": "SETTLE",
      "d": 0.9999997322369061,
      "stack": "at Object.set [as x] (evalmachine.<anonymous>:8129:423) <- at shift (evalmachine.<anonymous>:2013:14) <- at solvePair (evalmachine.<anonymous>:2033:9) <- at resolveVisualContacts (evalmachine.<anonymous>:2059:43) <- at resolveVisualContacts (evalmachine.<anonymous>:3590:9) <- at evalmachine.<anonymous>:5385:68",
      "i": 678
    },
    {
      "id": 58,
      "key": "x",
      "old": 4.984463103620897,
      "next": 4.9844636391470845,
      "pileClock": 28.458333333333762,
      "state": "RESOLVING",
      "phase": "SETTLE",
      "d": 0.9999999999906105,
      "stack": "at Object.set [as x] (evalmachine.<anonymous>:8129:423) <- at shift (evalmachine.<anonymous>:2013:14) <- at solvePair (evalmachine.<anonymous>:2040:25) <- at resolveVisualContacts (evalmachine.<anonymous>:2059:43) <- at resolveVisualContacts (evalmachine.<anonymous>:3590:9) <- at evalmachine.<anonymous>:5385:68",
      "i": 679
    },
    {
      "id": 58,
      "key": "x",
      "old": 4.9844636391470845,
      "next": 4.976233052673806,
      "pileClock": 28.458333333333762,
      "state": "RESOLVING",
      "phase": "SETTLE",
      "d": 0.9958848516573358,
      "stack": "at Object.set [as x] (evalmachine.<anonymous>:8129:423) <- at shift (evalmachine.<anonymous>:2013:14) <- at solvePair (evalmachine.<anonymous>:2032:9) <- at resolveVisualContacts (evalmachine.<anonymous>:2059:43) <- at resolveVisualContacts (evalmachine.<anonymous>:3590:9) <- at evalmachine.<anonymous>:5385:68",
      "i": 680
    },
    {
      "id": 58,
      "key": "x",
      "old": 4.976233052673806,
      "next": 4.972211524221983,
      "pileClock": 28.458333333333762,
      "state": "RESOLVING",
      "phase": "SETTLE",
      "d": 0.9938741586687289,
      "stack": "at Object.set [as x] (evalmachine.<anonymous>:8129:423) <- at shift (evalmachine.<anonymous>:2013:14) <- at solvePair (evalmachine.<anonymous>:2040:25) <- at resolveVisualContacts (evalmachine.<anonymous>:2059:43) <- at resolveVisualContacts (evalmachine.<anonymous>:3590:9) <- at evalmachine.<anonymous>:5385:68",
      "i": 681
    },
    {
      "id": 58,
      "key": "x",
      "old": 4.972211524221983,
      "next": 4.9702556797371455,
      "pileClock": 28.458333333333762,
      "state": "RESOLVING",
      "phase": "SETTLE",
      "d": 0.9928962711763996,
      "stack": "at Object.set [as x] (evalmachine.<anonymous>:8129:423) <- at shift (evalmachine.<anonymous>:2013:14) <- at solvePair (evalmachine.<anonymous>:2040:25) <- at resolveVisualContacts (evalmachine.<anonymous>:2059:43) <- at resolveVisualContacts (evalmachine.<anonymous>:3590:9) <- at evalmachine.<anonymous>:5385:68",
      "i": 682
    },
    {
      "id": 58,
      "key": "x",
      "old": 4.9702556797371455,
      "next": 4.969306619948477,
      "pileClock": 28.458333333333762,
      "state": "RESOLVING",
      "phase": "SETTLE",
      "d": 0.9924217581689799,
      "stack": "at Object.set [as x] (evalmachine.<anonymous>:8129:423) <- at shift (evalmachine.<anonymous>:2013:14) <- at solvePair (evalmachine.<anonymous>:2040:25) <- at resolveVisualContacts (evalmachine.<anonymous>:2059:43) <- at resolveVisualContacts (evalmachine.<anonymous>:3590:9) <- at evalmachine.<anonymous>:5385:68",
      "i": 683
    },
    {
      "id": 60,
      "key": "x",
      "old": 2.984533771254447,
      "next": 2.9996823709808176,
      "pileClock": 28.458333333333762,
      "state": "RESOLVING",
      "phase": "SETTLE",
      "d": 0.984847730052372,
      "stack": "at Object.set [as x] (evalmachine.<anonymous>:8129:423) <- at shift (evalmachine.<anonymous>:2013:14) <- at solvePair (evalmachine.<anonymous>:2033:9) <- at resolveVisualContacts (evalmachine.<anonymous>:2059:43) <- at resolveVisualContacts (evalmachine.<anonymous>:3590:9) <- at evalmachine.<anonymous>:5385:68",
      "i": 684
    },
    {
      "id": 60,
      "key": "y",
      "old": 6.020422536794635,
      "next": 6.020578428742548,
      "pileClock": 28.458333333333762,
      "state": "RESOLVING",
      "phase": "SETTLE",
      "d": 0.9848488872997639,
      "stack": "at Object.set [as y] (evalmachine.<anonymous>:8129:423) <- at shift (evalmachine.<anonymous>:2016:18) <- at solvePair (evalmachine.<anonymous>:2033:9) <- at resolveVisualContacts (evalmachine.<anonymous>:2059:43) <- at resolveVisualContacts (evalmachine.<anonymous>:3590:9) <- at evalmachine.<anonymous>:5385:68",
      "i": 685
    },
    {
      "id": 60,
      "key": "x",
      "old": 2.9996823709808176,
      "next": 2.984531823847111,
      "pileClock": 28.458333333333762,
      "state": "RESOLVING",
      "phase": "SETTLE",
      "d": 0.992423880252301,
      "stack": "at Object.set [as x] (evalmachine.<anonymous>:8129:423) <- at shift (evalmachine.<anonymous>:2013:14) <- at solvePair (evalmachine.<anonymous>:2032:9) <- at resolveVisualContacts (evalmachine.<anonymous>:2059:43) <- at resolveVisualContacts (evalmachine.<anonymous>:3590:9) <- at evalmachine.<anonymous>:5385:68",
      "i": 686
    },
    {
      "id": 60,
      "key": "y",
      "old": 6.020578428742548,
      "next": 6.020654010055481,
      "pileClock": 28.458333333333762,
      "state": "RESOLVING",
      "phase": "SETTLE",
      "d": 0.992424443649882,
      "stack": "at Object.set [as y] (evalmachine.<anonymous>:8129:423) <- at shift (evalmachine.<anonymous>:2016:18) <- at solvePair (evalmachine.<anonymous>:2032:9) <- at resolveVisualContacts (evalmachine.<anonymous>:2059:43) <- at resolveVisualContacts (evalmachine.<anonymous>:3590:9) <- at evalmachine.<anonymous>:5385:68",
      "i": 687
    },
    {
      "id": 58,
      "key": "x",
      "old": 4.969306619948477,
      "next": 4.984457732648713,
      "pileClock": 28.458333333333762,
      "state": "RESOLVING",
      "phase": "SETTLE",
      "d": 0.9999997193589364,
      "stack": "at Object.set [as x] (evalmachine.<anonymous>:8129:423) <- at shift (evalmachine.<anonymous>:2013:14) <- at solvePair (evalmachine.<anonymous>:2033:9) <- at resolveVisualContacts (evalmachine.<anonymous>:2059:43) <- at resolveVisualContacts (evalmachine.<anonymous>:3590:9) <- at evalmachine.<anonymous>:5385:68",
      "i": 688
    },
    {
      "id": 58,
      "key": "x",
      "old": 4.984457732648713,
      "next": 4.984458293930841,
      "pileClock": 28.458333333333762,
      "state": "RESOLVING",
      "phase": "SETTLE",
      "d": 0.9999999999896825,
      "stack": "at Object.set [as x] (evalmachine.<anonymous>:8129:423) <- at shift (evalmachine.<anonymous>:2013:14) <- at solvePair (evalmachine.<anonymous>:2040:25) <- at resolveVisualContacts (evalmachine.<anonymous>:2059:43) <- at resolveVisualContacts (evalmachine.<anonymous>:3590:9) <- at evalmachine.<anonymous>:5385:68",
      "i": 689
    },
    {
      "id": 58,
      "key": "x",
      "old": 4.984458293930841,
      "next": 4.976230432809196,
      "pileClock": 28.458333333333762,
      "state": "RESOLVING",
      "phase": "SETTLE",
      "d": 0.9958862213020867,
      "stack": "at Object.set [as x] (evalmachine.<anonymous>:8129:423) <- at shift (evalmachine.<anonymous>:2013:14) <- at solvePair (evalmachine.<anonymous>:2032:9) <- at resolveVisualContacts (evalmachine.<anonymous>:2059:43) <- at resolveVisualContacts (evalmachine.<anonymous>:3590:9) <- at evalmachine.<anonymous>:5385:68",
      "i": 690
    },
    {
      "id": 58,
      "key": "x",
      "old": 4.976230432809196,
      "next": 4.972210248126036,
      "pileClock": 28.458333333333762,
      "state": "RESOLVING",
      "phase": "SETTLE",
      "d": 0.9938762036239526,
      "stack": "at Object.set [as x] (evalmachine.<anonymous>:8129:423) <- at shift (evalmachine.<anonymous>:2013:14) <- at solvePair (evalmachine.<anonymous>:2040:25) <- at resolveVisualContacts (evalmachine.<anonymous>:2059:43) <- at resolveVisualContacts (evalmachine.<anonymous>:3590:9) <- at evalmachine.<anonymous>:5385:68",
      "i": 691
    },
    {
      "id": 58,
      "key": "x",
      "old": 4.972210248126036,
      "next": 4.97025506006178,
      "pileClock": 28.458333333333762,
      "state": "RESOLVING",
      "phase": "SETTLE",
      "d": 0.9928986460131205,
      "stack": "at Object.set [as x] (evalmachine.<anonymous>:8129:423) <- at shift (evalmachine.<anonymous>:2013:14) <- at solvePair (evalmachine.<anonymous>:2040:25) <- at resolveVisualContacts (evalmachine.<anonymous>:2059:43) <- at resolveVisualContacts (evalmachine.<anonymous>:3590:9) <- at evalmachine.<anonymous>:5385:68",
      "i": 692
    },
    {
      "id": 58,
      "key": "x",
      "old": 4.97025506006178,
      "next": 4.969306319478249,
      "pileClock": 28.458333333333762,
      "state": "RESOLVING",
      "phase": "SETTLE",
      "d": 0.9924242934203759,
      "stack": "at Object.set [as x] (evalmachine.<anonymous>:8129:423) <- at shift (evalmachine.<anonymous>:2013:14) <- at solvePair (evalmachine.<anonymous>:2040:25) <- at resolveVisualContacts (evalmachine.<anonymous>:2059:43) <- at resolveVisualContacts (evalmachine.<anonymous>:3590:9) <- at evalmachine.<anonymous>:5385:68",
      "i": 693
    },
    {
      "id": 60,
      "key": "x",
      "old": 2.984531823847111,
      "next": 2.999675131157441,
      "pileClock": 28.458333333333762,
      "state": "RESOLVING",
      "phase": "SETTLE",
      "d": 0.9848529245757877,
      "stack": "at Object.set [as x] (evalmachine.<anonymous>:8129:423) <- at shift (evalmachine.<anonymous>:2013:14) <- at solvePair (evalmachine.<anonymous>:2033:9) <- at resolveVisualContacts (evalmachine.<anonymous>:2059:43) <- at resolveVisualContacts (evalmachine.<anonymous>:3590:9) <- at evalmachine.<anonymous>:5385:68",
      "i": 694
    },
    {
      "id": 60,
      "key": "y",
      "old": 6.020654010055481,
      "next": 6.020811613988914,
      "pileClock": 28.458333333333762,
      "state": "RESOLVING",
      "phase": "SETTLE",
      "d": 0.9848541224100811,
      "stack": "at Object.set [as y] (evalmachine.<anonymous>:8129:423) <- at shift (evalmachine.<anonymous>:2016:18) <- at solvePair (evalmachine.<anonymous>:2033:9) <- at resolveVisualContacts (evalmachine.<anonymous>:2059:43) <- at resolveVisualContacts (evalmachine.<anonymous>:3590:9) <- at evalmachine.<anonymous>:5385:68",
      "i": 695
    },
    {
      "id": 60,
      "key": "x",
      "old": 2.999675131157441,
      "next": 2.9845298460858865,
      "pileClock": 28.458333333333762,
      "state": "RESOLVING",
      "phase": "SETTLE",
      "d": 0.9924264709587193,
      "stack": "at Object.set [as x] (evalmachine.<anonymous>:8129:423) <- at shift (evalmachine.<anonymous>:2013:14) <- at solvePair (evalmachine.<anonymous>:2032:9) <- at resolveVisualContacts (evalmachine.<anonymous>:2059:43) <- at resolveVisualContacts (evalmachine.<anonymous>:3590:9) <- at evalmachine.<anonymous>:5385:68",
      "i": 696
    },
    {
      "id": 60,
      "key": "y",
      "old": 6.020811613988914,
      "next": 6.020888961839871,
      "pileClock": 28.458333333333762,
      "state": "RESOLVING",
      "phase": "SETTLE",
      "d": 0.9924270612050404,
      "stack": "at Object.set [as y] (evalmachine.<anonymous>:8129:423) <- at shift (evalmachine.<anonymous>:2016:18) <- at solvePair (evalmachine.<anonymous>:2032:9) <- at resolveVisualContacts (evalmachine.<anonymous>:2059:43) <- at resolveVisualContacts (evalmachine.<anonymous>:3590:9) <- at evalmachine.<anonymous>:5385:68",
      "i": 697
    },
    {
      "id": 58,
      "key": "x",
      "old": 4.969306319478249,
      "next": 4.984452197068168,
      "pileClock": 28.458333333333762,
      "state": "RESOLVING",
      "phase": "SETTLE",
      "d": 0.9999997059843275,
      "stack": "at Object.set [as x] (evalmachine.<anonymous>:8129:423) <- at shift (evalmachine.<anonymous>:2013:14) <- at solvePair (evalmachine.<anonymous>:2033:9) <- at resolveVisualContacts (evalmachine.<anonymous>:2059:43) <- at resolveVisualContacts (evalmachine.<anonymous>:3590:9) <- at evalmachine.<anonymous>:5385:68",
      "i": 698
    },
    {
      "id": 58,
      "key": "x",
      "old": 4.984452197068168,
      "next": 4.9844527850995135,
      "pileClock": 28.458333333333762,
      "state": "RESOLVING",
      "phase": "SETTLE",
      "d": 0.9999999999886716,
      "stack": "at Object.set [as x] (evalmachine.<anonymous>:8129:423) <- at shift (evalmachine.<anonymous>:2013:14) <- at solvePair (evalmachine.<anonymous>:2040:25) <- at resolveVisualContacts (evalmachine.<anonymous>:2059:43) <- at resolveVisualContacts (evalmachine.<anonymous>:3590:9) <- at evalmachine.<anonymous>:5385:68",
      "i": 699
    },
    {
      "id": 58,
      "key": "x",
      "old": 4.9844527850995135,
      "next": 4.976227732762611,
      "pileClock": 28.458333333333762,
      "state": "RESOLVING",
      "phase": "SETTLE",
      "d": 0.9958876329321747,
      "stack": "at Object.set [as x] (evalmachine.<anonymous>:8129:423) <- at shift (evalmachine.<anonymous>:2013:14) <- at solvePair (evalmachine.<anonymous>:2032:9) <- at resolveVisualContacts (evalmachine.<anonymous>:2059:43) <- at resolveVisualContacts (evalmachine.<anonymous>:3590:9) <- at evalmachine.<anonymous>:5385:68",
      "i": 700
    },
    {
      "id": 58,
      "key": "x",
      "old": 4.976227732762611,
      "next": 4.9722089329773285,
      "pileClock": 28.458333333333762,
      "state": "RESOLVING",
      "phase": "SETTLE",
      "d": 0.9938783112612513,
      "stack": "at Object.set [as x] (evalmachine.<anonymous>:8129:423) <- at shift (evalmachine.<anonymous>:2013:14) <- at solvePair (evalmachine.<anonymous>:2040:25) <- at resolveVisualContacts (evalmachine.<anonymous>:2059:43) <- at resolveVisualContacts (evalmachine.<anonymous>:3590:9) <- at evalmachine.<anonymous>:5385:68",
      "i": 701
    },
    {
      "id": 58,
      "key": "x",
      "old": 4.9722089329773285,
      "next": 4.970254421422925,
      "pileClock": 28.458333333333762,
      "state": "RESOLVING",
      "phase": "SETTLE",
      "d": 0.9929010936409943,
      "stack": "at Object.set [as x] (evalmachine.<anonymous>:8129:423) <- at shift (evalmachine.<anonymous>:2013:14) <- at solvePair (evalmachine.<anonymous>:2040:25) <- at resolveVisualContacts (evalmachine.<anonymous>:2059:43) <- at resolveVisualContacts (evalmachine.<anonymous>:3590:9) <- at evalmachine.<anonymous>:5385:68",
      "i": 702
    },
    {
      "id": 58,
      "key": "x",
      "old": 4.970254421422925,
      "next": 4.969306009813089,
      "pileClock": 28.458333333333762,
      "state": "RESOLVING",
      "phase": "SETTLE",
      "d": 0.9924269063785176,
      "stack": "at Object.set [as x] (evalmachine.<anonymous>:8129:423) <- at shift (evalmachine.<anonymous>:2013:14) <- at solvePair (evalmachine.<anonymous>:2040:25) <- at resolveVisualContacts (evalmachine.<anonymous>:2059:43) <- at resolveVisualContacts (evalmachine.<anonymous>:3590:9) <- at evalmachine.<anonymous>:5385:68",
      "i": 703
    },
    {
      "id": 60,
      "key": "x",
      "old": 2.9845298460858865,
      "next": 2.999667699151404,
      "pileClock": 28.458333333333762,
      "state": "RESOLVING",
      "phase": "SETTLE",
      "d": 0.9848582782236595,
      "stack": "at Object.set [as x] (evalmachine.<anonymous>:8129:423) <- at shift (evalmachine.<anonymous>:2013:14) <- at solvePair (evalmachine.<anonymous>:2033:9) <- at resolveVisualContacts (evalmachine.<anonymous>:2059:43) <- at resolveVisualContacts (evalmachine.<anonymous>:3590:9) <- at evalmachine.<anonymous>:5385:68",
      "i": 704
    },
    {
      "id": 60,
      "key": "y",
      "old": 6.020888961839871,
      "next": 6.02104830136084,
      "pileClock": 28.458333333333762,
      "state": "RESOLVING",
      "phase": "SETTLE",
      "d": 0.9848595178570918,
      "stack": "at Object.set [as y] (evalmachine.<anonymous>:8129:423) <- at shift (evalmachine.<anonymous>:2016:18) <- at solvePair (evalmachine.<anonymous>:2033:9) <- at resolveVisualContacts (evalmachine.<anonymous>:2059:43) <- at resolveVisualContacts (evalmachine.<anonymous>:3590:9) <- at evalmachine.<anonymous>:5385:68",
      "i": 705
    },
    {
      "id": 60,
      "key": "x",
      "old": 2.999667699151404,
      "next": 2.9845278375113153,
      "pileClock": 28.458333333333762,
      "state": "RESOLVING",
      "phase": "SETTLE",
      "d": 0.9924291408047939,
      "stack": "at Object.set [as x] (evalmachine.<anonymous>:8129:423) <- at shift (evalmachine.<anonymous>:2013:14) <- at solvePair (evalmachine.<anonymous>:2032:9) <- at resolveVisualContacts (evalmachine.<anonymous>:2059:43) <- at resolveVisualContacts (evalmachine.<anonymous>:3590:9) <- at evalmachine.<anonymous>:5385:68",
      "i": 706
    },
    {
      "id": 60,
      "key": "y",
      "old": 6.02104830136084,
      "next": 6.021127440560359,
      "pileClock": 28.458333333333762,
      "state": "RESOLVING",
      "phase": "SETTLE",
      "d": 0.992429758928546,
      "stack": "at Object.set [as y] (evalmachine.<anonymous>:8129:423) <- at shift (evalmachine.<anonymous>:2016:18) <- at solvePair (evalmachine.<anonymous>:2032:9) <- at resolveVisualContacts (evalmachine.<anonymous>:2059:43) <- at resolveVisualContacts (evalmachine.<anonymous>:3590:9) <- at evalmachine.<anonymous>:5385:68",
      "i": 707
    },
    {
      "id": 58,
      "key": "x",
      "old": 4.969306009813089,
      "next": 4.984446491955997,
      "pileClock": 28.458333333333762,
      "state": "RESOLVING",
      "phase": "SETTLE",
      "d": 0.9999996920972208,
      "stack": "at Object.set [as x] (evalmachine.<anonymous>:8129:423) <- at shift (evalmachine.<anonymous>:2013:14) <- at solvePair (evalmachine.<anonymous>:2033:9) <- at resolveVisualContacts (evalmachine.<anonymous>:2059:43) <- at resolveVisualContacts (evalmachine.<anonymous>:3590:9) <- at evalmachine.<anonymous>:5385:68",
      "i": 708
    },
    {
      "id": 58,
      "key": "x",
      "old": 4.984446491955997,
      "next": 4.9844471077615555,
      "pileClock": 28.458333333333762,
      "state": "RESOLVING",
      "phase": "SETTLE",
      "d": 0.9999999999875717,
      "stack": "at Object.set [as x] (evalmachine.<anonymous>:8129:423) <- at shift (evalmachine.<anonymous>:2013:14) <- at solvePair (evalmachine.<anonymous>:2040:25) <- at resolveVisualContacts (evalmachine.<anonymous>:2059:43) <- at resolveVisualContacts (evalmachine.<anonymous>:3590:9) <- at evalmachine.<anonymous>:5385:68",
      "i": 709
    },
    {
      "id": 58,
      "key": "x",
      "old": 4.9844471077615555,
      "next": 4.976224950137575,
      "pileClock": 28.458333333333762,
      "state": "RESOLVING",
      "phase": "SETTLE",
      "d": 0.9958890878037197,
      "stack": "at Object.set [as x] (evalmachine.<anonymous>:8129:423) <- at shift (evalmachine.<anonymous>:2013:14) <- at solvePair (evalmachine.<anonymous>:2032:9) <- at resolveVisualContacts (evalmachine.<anonymous>:2059:43) <- at resolveVisualContacts (evalmachine.<anonymous>:3590:9) <- at evalmachine.<anonymous>:5385:68",
      "i": 710
    },
    {
      "id": 58,
      "key": "x",
      "old": 4.976224950137575,
      "next": 4.9722075776088195,
      "pileClock": 28.458333333333762,
      "state": "RESOLVING",
      "phase": "SETTLE",
      "d": 0.9938804834556821,
      "stack": "at Object.set [as x] (evalmachine.<anonymous>:8129:423) <- at shift (evalmachine.<anonymous>:2013:14) <- at solvePair (evalmachine.<anonymous>:2040:25) <- at resolveVisualContacts (evalmachine.<anonymous>:2059:43) <- at resolveVisualContacts (evalmachine.<anonymous>:3590:9) <- at evalmachine.<anonymous>:5385:68",
      "i": 711
    },
    {
      "id": 58,
      "key": "x",
      "old": 4.9722075776088195,
      "next": 4.970253763253919,
      "pileClock": 28.458333333333762,
      "state": "RESOLVING",
      "phase": "SETTLE",
      "d": 0.9929036162373265,
      "stack": "at Object.set [as x] (evalmachine.<anonymous>:8129:423) <- at shift (evalmachine.<anonymous>:2013:14) <- at solvePair (evalmachine.<anonymous>:2040:25) <- at resolveVisualContacts (evalmachine.<anonymous>:2059:43) <- at resolveVisualContacts (evalmachine.<anonymous>:3590:9) <- at evalmachine.<anonymous>:5385:68",
      "i": 712
    },
    {
      "id": 58,
      "key": "x",
      "old": 4.970253763253919,
      "next": 4.969305690678246,
      "pileClock": 28.458333333333762,
      "state": "RESOLVING",
      "phase": "SETTLE",
      "d": 0.9924295993676641,
      "stack": "at Object.set [as x] (evalmachine.<anonymous>:8129:423) <- at shift (evalmachine.<anonymous>:2013:14) <- at solvePair (evalmachine.<anonymous>:2040:25) <- at resolveVisualContacts (evalmachine.<anonymous>:2059:43) <- at resolveVisualContacts (evalmachine.<anonymous>:3590:9) <- at evalmachine.<anonymous>:5385:68",
      "i": 713
    },
    {
      "id": 60,
      "key": "x",
      "old": 2.9845278375113153,
      "next": 2.999660069676226,
      "pileClock": 28.458333333333762,
      "state": "RESOLVING",
      "phase": "SETTLE",
      "d": 0.9848637957497918,
      "stack": "at Object.set [as x] (evalmachine.<anonymous>:8129:423) <- at shift (evalmachine.<anonymous>:2013:14) <- at solvePair (evalmachine.<anonymous>:2033:9) <- at resolveVisualContacts (evalmachine.<anonymous>:2059:43) <- at resolveVisualContacts (evalmachine.<anonymous>:3590:9) <- at evalmachine.<anonymous>:5385:68",
      "i": 714
    },
    {
      "id": 60,
      "key": "y",
      "old": 6.021127440560359,
      "next": 6.021288539502669,
      "pileClock": 28.458333333333762,
      "state": "RESOLVING",
      "phase": "SETTLE",
      "d": 0.9848650784289082,
      "stack": "at Object.set [as y] (evalmachine.<anonymous>:8129:423) <- at shift (evalmachine.<anonymous>:2016:18) <- at solvePair (evalmachine.<anonymous>:2033:9) <- at resolveVisualContacts (evalmachine.<anonymous>:2059:43) <- at resolveVisualContacts (evalmachine.<anonymous>:3590:9) <- at evalmachine.<anonymous>:5385:68",
      "i": 715
    },
    {
      "id": 60,
      "key": "x",
      "old": 2.999660069676226,
      "next": 2.984525797657837,
      "pileClock": 28.458333333333762,
      "state": "RESOLVING",
      "phase": "SETTLE",
      "d": 0.9924318921518985,
      "stack": "at Object.set [as x] (evalmachine.<anonymous>:8129:423) <- at shift (evalmachine.<anonymous>:2013:14) <- at solvePair (evalmachine.<anonymous>:2032:9) <- at resolveVisualContacts (evalmachine.<anonymous>:2059:43) <- at resolveVisualContacts (evalmachine.<anonymous>:3590:9) <- at evalmachine.<anonymous>:5385:68",
      "i": 716
    },
    {
      "id": 60,
      "key": "y",
      "old": 6.021288539502669,
      "next": 6.021369495121193,
      "pileClock": 28.458333333333762,
      "state": "RESOLVING",
      "phase": "SETTLE",
      "d": 0.9924325392144541,
      "stack": "at Object.set [as y] (evalmachine.<anonymous>:8129:423) <- at shift (evalmachine.<anonymous>:2016:18) <- at solvePair (evalmachine.<anonymous>:2032:9) <- at resolveVisualContacts (evalmachine.<anonymous>:2059:43) <- at resolveVisualContacts (evalmachine.<anonymous>:3590:9) <- at evalmachine.<anonymous>:5385:68",
      "i": 717
    },
    {
      "id": 58,
      "key": "x",
      "old": 4.969305690678246,
      "next": 4.984440612249338,
      "pileClock": 28.458333333333762,
      "state": "RESOLVING",
      "phase": "SETTLE",
      "d": 0.999999677681329,
      "stack": "at Object.set [as x] (evalmachine.<anonymous>:8129:423) <- at shift (evalmachine.<anonymous>:2013:14) <- at solvePair (evalmachine.<anonymous>:2033:9) <- at resolveVisualContacts (evalmachine.<anonymous>:2059:43) <- at resolveVisualContacts (evalmachine.<anonymous>:3590:9) <- at evalmachine.<anonymous>:5385:68",
      "i": 718
    },
    {
      "id": 58,
      "key": "x",
      "old": 4.984440612249338,
      "next": 4.984441256886679,
      "pileClock": 28.458333333333762,
      "state": "RESOLVING",
      "phase": "SETTLE",
      "d": 0.9999999999863753,
      "stack": "at Object.set [as x] (evalmachine.<anonymous>:8129:423) <- at shift (evalmachine.<anonymous>:2013:14) <- at solvePair (evalmachine.<anonymous>:2040:25) <- at resolveVisualContacts (evalmachine.<anonymous>:2059:43) <- at resolveVisualContacts (evalmachine.<anonymous>:3590:9) <- at evalmachine.<anonymous>:5385:68",
      "i": 719
    },
    {
      "id": 58,
      "key": "x",
      "old": 4.984441256886679,
      "next": 4.976222082469683,
      "pileClock": 28.458333333333762,
      "state": "RESOLVING",
      "phase": "SETTLE",
      "d": 0.9958905872084793,
      "stack": "at Object.set [as x] (evalmachine.<anonymous>:8129:423) <- at shift (evalmachine.<anonymous>:2013:14) <- at solvePair (evalmachine.<anonymous>:2032:9) <- at resolveVisualContacts (evalmachine.<anonymous>:2059:43) <- at resolveVisualContacts (evalmachine.<anonymous>:3590:9) <- at evalmachine.<anonymous>:5385:68",
      "i": 720
    },
    {
      "id": 58,
      "key": "x",
      "old": 4.976222082469683,
      "next": 4.972206180820397,
      "pileClock": 28.458333333333762,
      "state": "RESOLVING",
      "phase": "SETTLE",
      "d": 0.993882722135483,
      "stack": "at Object.set [as x] (evalmachine.<anonymous>:8129:423) <- at shift (evalmachine.<anonymous>:2013:14) <- at solvePair (evalmachine.<anonymous>:2040:25) <- at resolveVisualContacts (evalmachine.<anonymous>:2059:43) <- at resolveVisualContacts (evalmachine.<anonymous>:3590:9) <- at evalmachine.<anonymous>:5385:68",
      "i": 721
    },
    {
      "id": 58,
      "key": "x",
      "old": 4.972206180820397,
      "next": 4.970253084972048,
      "pileClock": 28.458333333333762,
      "state": "RESOLVING",
      "phase": "SETTLE",
      "d": 0.9929062160411657,
      "stack": "at Object.set [as x] (evalmachine.<anonymous>:8129:423) <- at shift (evalmachine.<anonymous>:2013:14) <- at solvePair (evalmachine.<anonymous>:2040:25) <- at resolveVisualContacts (evalmachine.<anonymous>:2059:43) <- at resolveVisualContacts (evalmachine.<anonymous>:3590:9) <- at evalmachine.<anonymous>:5385:68",
      "i": 722
    },
    {
      "id": 58,
      "key": "x",
      "old": 4.970253084972048,
      "next": 4.969305361791187,
      "pileClock": 28.458333333333762,
      "state": "RESOLVING",
      "phase": "SETTLE",
      "d": 0.9924323747779821,
      "stack": "at Object.set [as x] (evalmachine.<anonymous>:8129:423) <- at shift (evalmachine.<anonymous>:2013:14) <- at solvePair (evalmachine.<anonymous>:2040:25) <- at resolveVisualContacts (evalmachine.<anonymous>:2059:43) <- at resolveVisualContacts (evalmachine.<anonymous>:3590:9) <- at evalmachine.<anonymous>:5385:68",
      "i": 723
    },
    {
      "id": 60,
      "key": "x",
      "old": 2.984525797657837,
      "next": 2.999652237303121,
      "pileClock": 28.458333333333762,
      "state": "RESOLVING",
      "phase": "SETTLE",
      "d": 0.9848694820424292,
      "stack": "at Object.set [as x] (evalmachine.<anonymous>:8129:423) <- at shift (evalmachine.<anonymous>:2013:14) <- at solvePair (evalmachine.<anonymous>:2033:9) <- at resolveVisualContacts (evalmachine.<anonymous>:2059:43) <- at resolveVisualContacts (evalmachine.<anonymous>:3590:9) <- at evalmachine.<anonymous>:5385:68",
      "i": 724
    },
    {
      "id": 60,
      "key": "y",
      "old": 6.021369495121193,
      "next": 6.02153237754811,
      "pileClock": 28.458333333333762,
      "state": "RESOLVING",
      "phase": "SETTLE",
      "d": 0.9848708090489326,
      "stack": "at Object.set [as y] (evalmachine.<anonymous>:8129:423) <- at shift (evalmachine.<anonymous>:2016:18) <- at solvePair (evalmachine.<anonymous>:2033:9) <- at resolveVisualContacts (evalmachine.<anonymous>:2059:43) <- at resolveVisualContacts (evalmachine.<anonymous>:3590:9) <- at evalmachine.<anonymous>:5385:68",
      "i": 725
    },
    {
      "id": 60,
      "key": "x",
      "old": 2.999652237303121,
      "next": 2.9845237260537507,
      "pileClock": 28.458333333333762,
      "state": "RESOLVING",
      "phase": "SETTLE",
      "d": 0.9924347274281783,
      "stack": "at Object.set [as x] (evalmachine.<anonymous>:8129:423) <- at shift (evalmachine.<anonymous>:2013:14) <- at solvePair (evalmachine.<anonymous>:2032:9) <- at resolveVisualContacts (evalmachine.<anonymous>:2059:43) <- at resolveVisualContacts (evalmachine.<anonymous>:3590:9) <- at evalmachine.<anonymous>:5385:68",
      "i": 726
    },
    {
      "id": 60,
      "key": "y",
      "old": 6.02153237754811,
      "next": 6.021615174914282,
      "pileClock": 28.458333333333762,
      "state": "RESOLVING",
      "phase": "SETTLE",
      "d": 0.9924354045244663,
      "stack": "at Object.set [as y] (evalmachine.<anonymous>:8129:423) <- at shift (evalmachine.<anonymous>:2016:18) <- at solvePair (evalmachine.<anonymous>:2032:9) <- at resolveVisualContacts (evalmachine.<anonymous>:2059:43) <- at resolveVisualContacts (evalmachine.<anonymous>:3590:9) <- at evalmachine.<anonymous>:5385:68",
      "i": 727
    },
    {
      "id": 58,
      "key": "x",
      "old": 4.969305361791187,
      "next": 4.984434552742254,
      "pileClock": 28.458333333333762,
      "state": "RESOLVING",
      "phase": "SETTLE",
      "d": 0.9999996627199287,
      "stack": "at Object.set [as x] (evalmachine.<anonymous>:8129:423) <- at shift (evalmachine.<anonymous>:2013:14) <- at solvePair (evalmachine.<anonymous>:2033:9) <- at resolveVisualContacts (evalmachine.<anonymous>:2059:43) <- at resolveVisualContacts (evalmachine.<anonymous>:3590:9) <- at evalmachine.<anonymous>:5385:68",
      "i": 728
    },
    {
      "id": 58,
      "key": "x",
      "old": 4.984434552742254,
      "next": 4.984435227302397,
      "pileClock": 28.458333333333762,
      "state": "RESOLVING",
      "phase": "SETTLE",
      "d": 0.9999999999850757,
      "stack": "at Object.set [as x] (evalmachine.<anonymous>:8129:423) <- at shift (evalmachine.<anonymous>:2013:14) <- at solvePair (evalmachine.<anonymous>:2040:25) <- at resolveVisualContacts (evalmachine.<anonymous>:2059:43) <- at resolveVisualContacts (evalmachine.<anonymous>:3590:9) <- at evalmachine.<anonymous>:5385:68",
      "i": 729
    },
    {
      "id": 58,
      "key": "x",
      "old": 4.984435227302397,
      "next": 4.976219127224909,
      "pileClock": 28.458333333333762,
      "state": "RESOLVING",
      "phase": "SETTLE",
      "d": 0.9958921324747393,
      "stack": "at Object.set [as x] (evalmachine.<anonymous>:8129:423) <- at shift (evalmachine.<anonymous>:2013:14) <- at solvePair (evalmachine.<anonymous>:2032:9) <- at resolveVisualContacts (evalmachine.<anonymous>:2059:43) <- at resolveVisualContacts (evalmachine.<anonymous>:3590:9) <- at evalmachine.<anonymous>:5385:68",
      "i": 730
    },
    {
      "id": 58,
      "key": "x",
      "old": 4.976219127224909,
      "next": 4.972204741378059,
      "pileClock": 28.458333333333762,
      "state": "RESOLVING",
      "phase": "SETTLE",
      "d": 0.9938850292834007,
      "stack": "at Object.set [as x] (evalmachine.<anonymous>:8129:423) <- at shift (evalmachine.<anonymous>:2013:14) <- at solvePair (evalmachine.<anonymous>:2040:25) <- at resolveVisualContacts (evalmachine.<anonymous>:2059:43) <- at resolveVisualContacts (evalmachine.<anonymous>:3590:9) <- at evalmachine.<anonymous>:5385:68",
      "i": 731
    },
    {
      "id": 58,
      "key": "x",
      "old": 4.972204741378059,
      "next": 4.970252385978142,
      "pileClock": 28.458333333333762,
      "state": "RESOLVING",
      "phase": "SETTLE",
      "d": 0.9929088953548447,
      "stack": "at Object.set [as x] (evalmachine.<anonymous>:8129:423) <- at shift (evalmachine.<anonymous>:2013:14) <- at solvePair (evalmachine.<anonymous>:2040:25) <- at resolveVisualContacts (evalmachine.<anonymous>:2059:43) <- at resolveVisualContacts (evalmachine.<anonymous>:3590:9) <- at evalmachine.<anonymous>:5385:68",
      "i": 732
    },
    {
      "id": 58,
      "key": "x",
      "old": 4.970252385978142,
      "next": 4.9693050228614,
      "pileClock": 28.458333333333762,
      "state": "RESOLVING",
      "phase": "SETTLE",
      "d": 0.9924352350671867,
      "stack": "at Object.set [as x] (evalmachine.<anonymous>:8129:423) <- at shift (evalmachine.<anonymous>:2013:14) <- at solvePair (evalmachine.<anonymous>:2040:25) <- at resolveVisualContacts (evalmachine.<anonymous>:2059:43) <- at resolveVisualContacts (evalmachine.<anonymous>:3590:9) <- at evalmachine.<anonymous>:5385:68",
      "i": 733
    },
    {
      "id": 60,
      "key": "x",
      "old": 2.9845237260537507,
      "next": 2.9996441964576093,
      "pileClock": 28.458333333333762,
      "state": "RESOLVING",
      "phase": "SETTLE",
      "d": 0.9848753421275783,
      "stack": "at Object.set [as x] (evalmachine.<anonymous>:8129:423) <- at shift (evalmachine.<anonymous>:2013:14) <- at solvePair (evalmachine.<anonymous>:2033:9) <- at resolveVisualContacts (evalmachine.<anonymous>:2059:43) <- at resolveVisualContacts (evalmachine.<anonymous>:3590:9) <- at evalmachine.<anonymous>:5385:68",
      "i": 734
    },
    {
      "id": 60,
      "key": "y",
      "old": 6.021615174914282,
      "next": 6.021779865115903,
      "pileClock": 28.458333333333762,
      "state": "RESOLVING",
      "phase": "SETTLE",
      "d": 0.9848767147791931,
      "stack": "at Object.set [as y] (evalmachine.<anonymous>:8129:423) <- at shift (evalmachine.<anonymous>:2016:18) <- at solvePair (evalmachine.<anonymous>:2033:9) <- at resolveVisualContacts (evalmachine.<anonymous>:2059:43) <- at resolveVisualContacts (evalmachine.<anonymous>:3590:9) <- at evalmachine.<anonymous>:5385:68",
      "i": 735
    },
    {
      "id": 60,
      "key": "x",
      "old": 2.9996441964576093,
      "next": 2.9845216222211817,
      "pileClock": 28.458333333333762,
      "state": "RESOLVING",
      "phase": "SETTLE",
      "d": 0.9924376491301999,
      "stack": "at Object.set [as x] (evalmachine.<anonymous>:8129:423) <- at shift (evalmachine.<anonymous>:2013:14) <- at solvePair (evalmachine.<anonymous>:2032:9) <- at resolveVisualContacts (evalmachine.<anonymous>:2059:43) <- at resolveVisualContacts (evalmachine.<anonymous>:3590:9) <- at evalmachine.<anonymous>:5385:68",
      "i": 736
    },
    {
      "id": 60,
      "key": "y",
      "old": 6.021779865115903,
      "next": 6.021864529814587,
      "pileClock": 28.458333333333762,
      "state": "RESOLVING",
      "phase": "SETTLE",
      "d": 0.9924383573895966,
      "stack": "at Object.set [as y] (evalmachine.<anonymous>:8129:423) <- at shift (evalmachine.<anonymous>:2016:18) <- at solvePair (evalmachine.<anonymous>:2032:9) <- at resolveVisualContacts (evalmachine.<anonymous>:2059:43) <- at resolveVisualContacts (evalmachine.<anonymous>:3590:9) <- at evalmachine.<anonymous>:5385:68",
      "i": 737
    },
    {
      "id": 58,
      "key": "x",
      "old": 4.9693050228614,
      "next": 4.984428308082207,
      "pileClock": 28.458333333333762,
      "state": "RESOLVING",
      "phase": "SETTLE",
      "d": 0.9999996471958531,
      "stack": "at Object.set [as x] (evalmachine.<anonymous>:8129:423) <- at shift (evalmachine.<anonymous>:2013:14) <- at solvePair (evalmachine.<anonymous>:2033:9) <- at resolveVisualContacts (evalmachine.<anonymous>:2059:43) <- at resolveVisualContacts (evalmachine.<anonymous>:3590:9) <- at evalmachine.<anonymous>:5385:68",
      "i": 738
    },
    {
      "id": 58,
      "key": "x",
      "old": 4.984428308082207,
      "next": 4.984429013690501,
      "pileClock": 28.458333333333762,
      "state": "RESOLVING",
      "phase": "SETTLE",
      "d": 0.9999999999836635,
      "stack": "at Object.set [as x] (evalmachine.<anonymous>:8129:423) <- at shift (evalmachine.<anonymous>:2013:14) <- at solvePair (evalmachine.<anonymous>:2040:25) <- at resolveVisualContacts (evalmachine.<anonymous>:2059:43) <- at resolveVisualContacts (evalmachine.<anonymous>:3590:9) <- at evalmachine.<anonymous>:5385:68",
      "i": 739
    },
    {
      "id": 58,
      "key": "x",
      "old": 4.984429013690501,
      "next": 4.9762160817978955,
      "pileClock": 28.458333333333762,
      "state": "RESOLVING",
      "phase": "SETTLE",
      "d": 0.9958937249682156,
      "stack": "at Object.set [as x] (evalmachine.<anonymous>:8129:423) <- at shift (evalmachine.<anonymous>:2013:14) <- at solvePair (evalmachine.<anonymous>:2032:9) <- at resolveVisualContacts (evalmachine.<anonymous>:2059:43) <- at resolveVisualContacts (evalmachine.<anonymous>:3590:9) <- at evalmachine.<anonymous>:5385:68",
      "i": 740
    },
    {
      "id": 58,
      "key": "x",
      "old": 4.9762160817978955,
      "next": 4.972203258013077,
      "pileClock": 28.458333333333762,
      "state": "RESOLVING",
      "phase": "SETTLE",
      "d": 0.993887406938034,
      "stack": "at Object.set [as x] (evalmachine.<anonymous>:8129:423) <- at shift (evalmachine.<anonymous>:2013:14) <- at solvePair (evalmachine.<anonymous>:2040:25) <- at resolveVisualContacts (evalmachine.<anonymous>:2059:43) <- at resolveVisualContacts (evalmachine.<anonymous>:3590:9) <- at evalmachine.<anonymous>:5385:68",
      "i": 741
    },
    {
      "id": 58,
      "key": "x",
      "old": 4.972203258013077,
      "next": 4.970251665656178,
      "pileClock": 28.458333333333762,
      "state": "RESOLVING",
      "phase": "SETTLE",
      "d": 0.9929116565455415,
      "stack": "at Object.set [as x] (evalmachine.<anonymous>:8129:423) <- at shift (evalmachine.<anonymous>:2013:14) <- at solvePair (evalmachine.<anonymous>:2040:25) <- at resolveVisualContacts (evalmachine.<anonymous>:2059:43) <- at resolveVisualContacts (evalmachine.<anonymous>:3590:9) <- at evalmachine.<anonymous>:5385:68",
      "i": 742
    },
    {
      "id": 58,
      "key": "x",
      "old": 4.970251665656178,
      "next": 4.969304673590203,
      "pileClock": 28.458333333333762,
      "state": "RESOLVING",
      "phase": "SETTLE",
      "d": 0.9924381827622081,
      "stack": "at Object.set [as x] (evalmachine.<anonymous>:8129:423) <- at shift (evalmachine.<anonymous>:2013:14) <- at solvePair (evalmachine.<anonymous>:2040:25) <- at resolveVisualContacts (evalmachine.<anonymous>:2059:43) <- at resolveVisualContacts (evalmachine.<anonymous>:3590:9) <- at evalmachine.<anonymous>:5385:68",
      "i": 743
    },
    {
      "id": 60,
      "key": "x",
      "old": 2.9845216222211817,
      "next": 2.99963594141609,
      "pileClock": 28.458333333333762,
      "state": "RESOLVING",
      "phase": "SETTLE",
      "d": 0.9848813811723814,
      "stack": "at Object.set [as x] (evalmachine.<anonymous>:8129:423) <- at shift (evalmachine.<anonymous>:2013:14) <- at solvePair (evalmachine.<anonymous>:2033:9) <- at resolveVisualContacts (evalmachine.<anonymous>:2059:43) <- at resolveVisualContacts (evalmachine.<anonymous>:3590:9) <- at evalmachine.<anonymous>:5385:68",
      "i": 744
    },
    {
      "id": 60,
      "key": "y",
      "old": 6.021864529814587,
      "next": 6.022031052304926,
      "pileClock": 28.458333333333762,
      "state": "RESOLVING",
      "phase": "SETTLE",
      "d": 0.9848828008237301,
      "stack": "at Object.set [as y] (evalmachine.<anonymous>:8129:423) <- at shift (evalmachine.<anonymous>:2016:18) <- at solvePair (evalmachine.<anonymous>:2033:9) <- at resolveVisualContacts (evalmachine.<anonymous>:2059:43) <- at resolveVisualContacts (evalmachine.<anonymous>:3590:9) <- at evalmachine.<anonymous>:5385:68",
      "i": 745
    },
    {
      "id": 60,
      "key": "x",
      "old": 2.99963594141609,
      "next": 2.984519485676055,
      "pileClock": 28.458333333333762,
      "state": "RESOLVING",
      "phase": "SETTLE",
      "d": 0.9924406598246318,
      "stack": "at Object.set [as x] (evalmachine.<anonymous>:8129:423) <- at shift (evalmachine.<anonymous>:2013:14) <- at solvePair (evalmachine.<anonymous>:2032:9) <- at resolveVisualContacts (evalmachine.<anonymous>:2059:43) <- at resolveVisualContacts (evalmachine.<anonymous>:3590:9) <- at evalmachine.<anonymous>:5385:68",
      "i": 746
    },
    {
      "id": 60,
      "key": "y",
      "old": 6.022031052304926,
      "next": 6.022117610174933,
      "pileClock": 28.458333333333762,
      "state": "RESOLVING",
      "phase": "SETTLE",
      "d": 0.9924414004118651,
      "stack": "at Object.set [as y] (evalmachine.<anonymous>:8129:423) <- at shift (evalmachine.<anonymous>:2016:18) <- at solvePair (evalmachine.<anonymous>:2032:9) <- at resolveVisualContacts (evalmachine.<anonymous>:2059:43) <- at resolveVisualContacts (evalmachine.<anonymous>:3590:9) <- at evalmachine.<anonymous>:5385:68",
      "i": 747
    },
    {
      "id": 58,
      "key": "x",
      "old": 4.969304673590203,
      "next": 4.9844218727664735,
      "pileClock": 28.458333333333762,
      "state": "RESOLVING",
      "phase": "SETTLE",
      "d": 0.999999631091483,
      "stack": "at Object.set [as x] (evalmachine.<anonymous>:8129:423) <- at shift (evalmachine.<anonymous>:2013:14) <- at solvePair (evalmachine.<anonymous>:2033:9) <- at resolveVisualContacts (evalmachine.<anonymous>:2059:43) <- at resolveVisualContacts (evalmachine.<anonymous>:3590:9) <- at evalmachine.<anonymous>:5385:68",
      "i": 748
    },
    {
      "id": 58,
      "key": "x",
      "old": 4.9844218727664735,
      "next": 4.984422610583508,
      "pileClock": 28.458333333333762,
      "state": "RESOLVING",
      "phase": "SETTLE",
      "d": 0.9999999999821312,
      "stack": "at Object.set [as x] (evalmachine.<anonymous>:8129:423) <- at shift (evalmachine.<anonymous>:2013:14) <- at solvePair (evalmachine.<anonymous>:2040:25) <- at resolveVisualContacts (evalmachine.<anonymous>:2059:43) <- at resolveVisualContacts (evalmachine.<anonymous>:3590:9) <- at evalmachine.<anonymous>:5385:68",
      "i": 749
    },
    {
      "id": 58,
      "key": "x",
      "old": 4.984422610583508,
      "next": 4.976212943510198,
      "pileClock": 28.458333333333762,
      "state": "RESOLVING",
      "phase": "SETTLE",
      "d": 0.9958953660929671,
      "stack": "at Object.set [as x] (evalmachine.<anonymous>:8129:423) <- at shift (evalmachine.<anonymous>:2013:14) <- at solvePair (evalmachine.<anonymous>:2032:9) <- at resolveVisualContacts (evalmachine.<anonymous>:2059:43) <- at resolveVisualContacts (evalmachine.<anonymous>:3590:9) <- at evalmachine.<anonymous>:5385:68",
      "i": 750
    },
    {
      "id": 58,
      "key": "x",
      "old": 4.976212943510198,
      "next": 4.972201729421144,
      "pileClock": 28.458333333333762,
      "state": "RESOLVING",
      "phase": "SETTLE",
      "d": 0.9938898571951981,
      "stack": "at Object.set [as x] (evalmachine.<anonymous>:8129:423) <- at shift (evalmachine.<anonymous>:2013:14) <- at solvePair (evalmachine.<anonymous>:2040:25) <- at resolveVisualContacts (evalmachine.<anonymous>:2059:43) <- at resolveVisualContacts (evalmachine.<anonymous>:3590:9) <- at evalmachine.<anonymous>:5385:68",
      "i": 751
    },
    {
      "id": 58,
      "key": "x",
      "old": 4.972201729421144,
      "next": 4.9702509233728565,
      "pileClock": 28.458333333333762,
      "state": "RESOLVING",
      "phase": "SETTLE",
      "d": 0.9929145020468606,
      "stack": "at Object.set [as x] (evalmachine.<anonymous>:8129:423) <- at shift (evalmachine.<anonymous>:2013:14) <- at solvePair (evalmachine.<anonymous>:2040:25) <- at resolveVisualContacts (evalmachine.<anonymous>:2059:43) <- at resolveVisualContacts (evalmachine.<anonymous>:3590:9) <- at evalmachine.<anonymous>:5385:68",
      "i": 752
    },
    {
      "id": 58,
      "key": "x",
      "old": 4.9702509233728565,
      "next": 4.969304313670538,
      "pileClock": 28.458333333333762,
      "state": "RESOLVING",
      "phase": "SETTLE",
      "d": 0.9924412204608823,
      "stack": "at Object.set [as x] (evalmachine.<anonymous>:8129:423) <- at shift (evalmachine.<anonymous>:2013:14) <- at solvePair (evalmachine.<anonymous>:2040:25) <- at resolveVisualContacts (evalmachine.<anonymous>:2059:43) <- at resolveVisualContacts (evalmachine.<anonymous>:3590:9) <- at evalmachine.<anonymous>:5385:68",
      "i": 753
    },
    {
      "id": 60,
      "key": "x",
      "old": 2.984519485676055,
      "next": 2.999627466302358,
      "pileClock": 28.458333333333762,
      "state": "RESOLVING",
      "phase": "SETTLE",
      "d": 0.9848876044885411,
      "stack": "at Object.set [as x] (evalmachine.<anonymous>:8129:423) <- at shift (evalmachine.<anonymous>:2013:14) <- at solvePair (evalmachine.<anonymous>:2033:9) <- at resolveVisualContacts (evalmachine.<anonymous>:2059:43) <- at resolveVisualContacts (evalmachine.<anonymous>:3590:9) <- at evalmachine.<anonymous>:5385:68",
      "i": 754
    },
    {
      "id": 60,
      "key": "y",
      "old": 6.022117610174933,
      "next": 6.022285989688682,
      "pileClock": 28.458333333333762,
      "state": "RESOLVING",
      "phase": "SETTLE",
      "d": 0.9848890725320324,
      "stack": "at Object.set [as y] (evalmachine.<anonymous>:8129:423) <- at shift (evalmachine.<anonymous>:2016:18) <- at solvePair (evalmachine.<anonymous>:2033:9) <- at resolveVisualContacts (evalmachine.<anonymous>:2059:43) <- at resolveVisualContacts (evalmachine.<anonymous>:3590:9) <- at evalmachine.<anonymous>:5385:68",
      "i": 755
    },
    {
      "id": 60,
      "key": "x",
      "old": 2.999627466302358,
      "next": 2.984517315928064,
      "pileClock": 28.458333333333762,
      "state": "RESOLVING",
      "phase": "SETTLE",
      "d": 0.9924437621499466,
      "stack": "at Object.set [as x] (evalmachine.<anonymous>:8129:423) <- at shift (evalmachine.<anonymous>:2013:14) <- at solvePair (evalmachine.<anonymous>:2032:9) <- at resolveVisualContacts (evalmachine.<anonymous>:2059:43) <- at resolveVisualContacts (evalmachine.<anonymous>:3590:9) <- at evalmachine.<anonymous>:5385:68",
      "i": 756
    },
    {
      "id": 60,
      "key": "y",
      "old": 6.022285989688682,
      "next": 6.0223744668201995,
      "pileClock": 28.458333333333762,
      "state": "RESOLVING",
      "phase": "SETTLE",
      "d": 0.9924445362660163,
      "stack": "at Object.set [as y] (evalmachine.<anonymous>:8129:423) <- at shift (evalmachine.<anonymous>:2016:18) <- at solvePair (evalmachine.<anonymous>:2032:9) <- at resolveVisualContacts (evalmachine.<anonymous>:2059:43) <- at resolveVisualContacts (evalmachine.<anonymous>:3590:9) <- at evalmachine.<anonymous>:5385:68",
      "i": 757
    },
    {
      "id": 58,
      "key": "x",
      "old": 4.969304313670538,
      "next": 4.984415241138505,
      "pileClock": 28.458333333333762,
      "state": "RESOLVING",
      "phase": "SETTLE",
      "d": 0.9999996143887401,
      "stack": "at Object.set [as x] (evalmachine.<anonymous>:8129:423) <- at shift (evalmachine.<anonymous>:2013:14) <- at solvePair (evalmachine.<anonymous>:2033:9) <- at resolveVisualContacts (evalmachine.<anonymous>:2059:43) <- at resolveVisualContacts (evalmachine.<anonymous>:3590:9) <- at evalmachine.<anonymous>:5385:68",
      "i": 758
    },
    {
      "id": 58,
      "key": "x",
      "old": 4.984415241138505,
      "next": 4.984416012361025,
      "pileClock": 28.458333333333762,
      "state": "RESOLVING",
      "phase": "SETTLE",
      "d": 0.999999999980468,
      "stack": "at Object.set [as x] (evalmachine.<anonymous>:8129:423) <- at shift (evalmachine.<anonymous>:2013:14) <- at solvePair (evalmachine.<anonymous>:2040:25) <- at resolveVisualContacts (evalmachine.<anonymous>:2059:43) <- at resolveVisualContacts (evalmachine.<anonymous>:3590:9) <- at evalmachine.<anonymous>:5385:68",
      "i": 759
    },
    {
      "id": 58,
      "key": "x",
      "old": 4.984416012361025,
      "next": 4.976209709608529,
      "pileClock": 28.458333333333762,
      "state": "RESOLVING",
      "phase": "SETTLE",
      "d": 0.9958970572923325,
      "stack": "at Object.set [as x] (evalmachine.<anonymous>:8129:423) <- at shift (evalmachine.<anonymous>:2013:14) <- at solvePair (evalmachine.<anonymous>:2032:9) <- at resolveVisualContacts (evalmachine.<anonymous>:2059:43) <- at resolveVisualContacts (evalmachine.<anonymous>:3590:9) <- at evalmachine.<anonymous>:5385:68",
      "i": 760
    },
    {
      "id": 58,
      "key": "x",
      "old": 4.976209709608529,
      "next": 4.972200154261522,
      "pileClock": 28.458333333333762,
      "state": "RESOLVING",
      "phase": "SETTLE",
      "d": 0.9938923822093165,
      "stack": "at Object.set [as x] (evalmachine.<anonymous>:8129:423) <- at shift (evalmachine.<anonymous>:2013:14) <- at solvePair (evalmachine.<anonymous>:2040:25) <- at resolveVisualContacts (evalmachine.<anonymous>:2059:43) <- at resolveVisualContacts (evalmachine.<anonymous>:3590:9) <- at evalmachine.<anonymous>:5385:68",
      "i": 761
    },
    {
      "id": 58,
      "key": "x",
      "old": 4.972200154261522,
      "next": 4.970250158477192,
      "pileClock": 28.458333333333762,
      "state": "RESOLVING",
      "phase": "SETTLE",
      "d": 0.9929174343604471,
      "stack": "at Object.set [as x] (evalmachine.<anonymous>:8129:423) <- at shift (evalmachine.<anonymous>:2013:14) <- at solvePair (evalmachine.<anonymous>:2040:25) <- at resolveVisualContacts (evalmachine.<anonymous>:2059:43) <- at resolveVisualContacts (evalmachine.<anonymous>:3590:9) <- at evalmachine.<anonymous>:5385:68",
      "i": 762
    },
    {
      "id": 58,
      "key": "x",
      "old": 4.970250158477192,
      "next": 4.969303942786771,
      "pileClock": 28.458333333333762,
      "state": "RESOLVING",
      "phase": "SETTLE",
      "d": 0.9924443508336696,
      "stack": "at Object.set [as x] (evalmachine.<anonymous>:8129:423) <- at shift (evalmachine.<anonymous>:2013:14) <- at solvePair (evalmachine.<anonymous>:2040:25) <- at resolveVisualContacts (evalmachine.<anonymous>:2059:43) <- at resolveVisualContacts (evalmachine.<anonymous>:3590:9) <- at evalmachine.<anonymous>:5385:68",
      "i": 763
    },
    {
      "id": 60,
      "key": "x",
      "old": 2.984517315928064,
      "next": 2.9996187650840844,
      "pileClock": 28.458333333333762,
      "state": "RESOLVING",
      "phase": "SETTLE",
      "d": 0.9848940175357898,
      "stack": "at Object.set [as x] (evalmachine.<anonymous>:8129:423) <- at shift (evalmachine.<anonymous>:2013:14) <- at solvePair (evalmachine.<anonymous>:2033:9) <- at resolveVisualContacts (evalmachine.<anonymous>:2059:43) <- at resolveVisualContacts (evalmachine.<anonymous>:3590:9) <- at evalmachine.<anonymous>:5385:68",
      "i": 764
    },
    {
      "id": 60,
      "key": "y",
      "old": 6.0223744668201995,
      "next": 6.02254472830916,
      "pileClock": 28.458333333333762,
      "state": "RESOLVING",
      "phase": "SETTLE",
      "d": 0.9848955354025204,
      "stack": "at Object.set [as y] (evalmachine.<anonymous>:8129:423) <- at shift (evalmachine.<anonymous>:2016:18) <- at solvePair (evalmachine.<anonymous>:2033:9) <- at resolveVisualContacts (evalmachine.<anonymous>:2059:43) <- at resolveVisualContacts (evalmachine.<anonymous>:3590:9) <- at evalmachine.<anonymous>:5385:68",
      "i": 765
    },
    {
      "id": 60,
      "key": "x",
      "old": 2.9996187650840844,
      "next": 2.984515112480648,
      "pileClock": 28.458333333333762,
      "state": "RESOLVING",
      "phase": "SETTLE",
      "d": 0.9924469588181469,
      "stack": "at Object.set [as x] (evalmachine.<anonymous>:8129:423) <- at shift (evalmachine.<anonymous>:2013:14) <- at solvePair (evalmachine.<anonymous>:2032:9) <- at resolveVisualContacts (evalmachine.<anonymous>:2059:43) <- at resolveVisualContacts (evalmachine.<anonymous>:3590:9) <- at evalmachine.<anonymous>:5385:68",
      "i": 766
    },
    {
      "id": 60,
      "key": "y",
      "old": 6.02254472830916,
      "next": 6.022635151040853,
      "pileClock": 28.458333333333762,
      "state": "RESOLVING",
      "phase": "SETTLE",
      "d": 0.9924477677012602,
      "stack": "at Object.set [as y] (evalmachine.<anonymous>:8129:423) <- at shift (evalmachine.<anonymous>:2016:18) <- at solvePair (evalmachine.<anonymous>:2032:9) <- at resolveVisualContacts (evalmachine.<anonymous>:2059:43) <- at resolveVisualContacts (evalmachine.<anonymous>:3590:9) <- at evalmachine.<anonymous>:5385:68",
      "i": 767
    },
    {
      "id": 58,
      "key": "x",
      "old": 4.969303942786771,
      "next": 4.984408407384251,
      "pileClock": 28.458333333333762,
      "state": "RESOLVING",
      "phase": "SETTLE",
      "d": 0.999999597069081,
      "stack": "at Object.set [as x] (evalmachine.<anonymous>:8129:423) <- at shift (evalmachine.<anonymous>:2013:14) <- at solvePair (evalmachine.<anonymous>:2033:9) <- at resolveVisualContacts (evalmachine.<anonymous>:2059:43) <- at resolveVisualContacts (evalmachine.<anonymous>:3590:9) <- at evalmachine.<anonymous>:5385:68",
      "i": 768
    },
    {
      "id": 58,
      "key": "x",
      "old": 4.984408407384251,
      "next": 4.984409213246089,
      "pileClock": 28.458333333333762,
      "state": "RESOLVING",
      "phase": "SETTLE",
      "d": 0.999999999978665,
      "stack": "at Object.set [as x] (evalmachine.<anonymous>:8129:423) <- at shift (evalmachine.<anonymous>:2013:14) <- at solvePair (evalmachine.<anonymous>:2040:25) <- at resolveVisualContacts (evalmachine.<anonymous>:2059:43) <- at resolveVisualContacts (evalmachine.<anonymous>:3590:9) <- at evalmachine.<anonymous>:5385:68",
      "i": 769
    },
    {
      "id": 58,
      "key": "x",
      "old": 4.984409213246089,
      "next": 4.976206377262955,
      "pileClock": 28.458333333333762,
      "state": "RESOLVING",
      "phase": "SETTLE",
      "d": 0.9958988000498662,
      "stack": "at Object.set [as x] (evalmachine.<anonymous>:8129:423) <- at shift (evalmachine.<anonymous>:2013:14) <- at solvePair (evalmachine.<anonymous>:2032:9) <- at resolveVisualContacts (evalmachine.<anonymous>:2059:43) <- at resolveVisualContacts (evalmachine.<anonymous>:3590:9) <- at evalmachine.<anonymous>:5385:68",
      "i": 770
    },
    {
      "id": 58,
      "key": "x",
      "old": 4.976206377262955,
      "next": 4.972198531156161,
      "pileClock": 28.458333333333762,
      "state": "RESOLVING",
      "phase": "SETTLE",
      "d": 0.9938949841948199,
      "stack": "at Object.set [as x] (evalmachine.<anonymous>:8129:423) <- at shift (evalmachine.<anonymous>:2013:14) <- at solvePair (evalmachine.<anonymous>:2040:25) <- at resolveVisualContacts (evalmachine.<anonymous>:2059:43) <- at resolveVisualContacts (evalmachine.<anonymous>:3590:9) <- at evalmachine.<anonymous>:5385:68",
      "i": 771
    },
    {
      "id": 58,
      "key": "x",
      "old": 4.972198531156161,
      "next": 4.970249370300088,
      "pileClock": 28.458333333333762,
      "state": "RESOLVING",
      "phase": "SETTLE",
      "d": 0.992920456057613,
      "stack": "at Object.set [as x] (evalmachine.<anonymous>:8129:423) <- at shift (evalmachine.<anonymous>:2013:14) <- at solvePair (evalmachine.<anonymous>:2040:25) <- at resolveVisualContacts (evalmachine.<anonymous>:2059:43) <- at resolveVisualContacts (evalmachine.<anonymous>:3590:9) <- at evalmachine.<anonymous>:5385:68",
      "i": 772
    },
    {
      "id": 58,
      "key": "x",
      "old": 4.970249370300088,
      "next": 4.969303560614489,
      "pileClock": 28.458333333333762,
      "state": "RESOLVING",
      "phase": "SETTLE",
      "d": 0.9924475766253917,
      "stack": "at Object.set [as x] (evalmachine.<anonymous>:8129:423) <- at shift (evalmachine.<anonymous>:2013:14) <- at solvePair (evalmachine.<anonymous>:2040:25) <- at resolveVisualContacts (evalmachine.<anonymous>:2059:43) <- at resolveVisualContacts (evalmachine.<anonymous>:3590:9) <- at evalmachine.<anonymous>:5385:68",
      "i": 773
    },
    {
      "id": 60,
      "key": "x",
      "old": 2.984515112480648,
      "next": 2.999609831569251,
      "pileClock": 28.458333333333762,
      "state": "RESOLVING",
      "phase": "SETTLE",
      "d": 0.9849006259254083,
      "stack": "at Object.set [as x] (evalmachine.<anonymous>:8129:423) <- at shift (evalmachine.<anonymous>:2013:14) <- at solvePair (evalmachine.<anonymous>:2033:9) <- at resolveVisualContacts (evalmachine.<anonymous>:2059:43) <- at resolveVisualContacts (evalmachine.<anonymous>:3590:9) <- at evalmachine.<anonymous>:5385:68",
      "i": 774
    },
    {
      "id": 60,
      "key": "y",
      "old": 6.022635151040853,
      "next": 6.022807319670027,
      "pileClock": 28.458333333333762,
      "state": "RESOLVING",
      "phase": "SETTLE",
      "d": 0.9849021950860746,
      "stack": "at Object.set [as y] (evalmachine.<anonymous>:8129:423) <- at shift (evalmachine.<anonymous>:2016:18) <- at solvePair (evalmachine.<anonymous>:2033:9) <- at resolveVisualContacts (evalmachine.<anonymous>:2059:43) <- at resolveVisualContacts (evalmachine.<anonymous>:3590:9) <- at evalmachine.<anonymous>:5385:68",
      "i": 775
    },
    {
      "id": 60,
      "key": "x",
      "old": 2.999609831569251,
      "next": 2.984512874830969,
      "pileClock": 28.458333333333762,
      "state": "RESOLVING",
      "phase": "SETTLE",
      "d": 0.9924502526165169,
      "stack": "at Object.set [as x] (evalmachine.<anonymous>:8129:423) <- at shift (evalmachine.<anonymous>:2013:14) <- at solvePair (evalmachine.<anonymous>:2032:9) <- at resolveVisualContacts (evalmachine.<anonymous>:2059:43) <- at resolveVisualContacts (evalmachine.<anonymous>:3590:9) <- at evalmachine.<anonymous>:5385:68",
      "i": 776
    },
    {
      "id": 60,
      "key": "y",
      "old": 6.022807319670027,
      "next": 6.022899714585807,
      "pileClock": 28.458333333333762,
      "state": "RESOLVING",
      "phase": "SETTLE",
      "d": 0.9924510975430372,
      "stack": "at Object.set [as y] (evalmachine.<anonymous>:8129:423) <- at shift (evalmachine.<anonymous>:2016:18) <- at solvePair (evalmachine.<anonymous>:2032:9) <- at resolveVisualContacts (evalmachine.<anonymous>:2059:43) <- at resolveVisualContacts (evalmachine.<anonymous>:3590:9) <- at evalmachine.<anonymous>:5385:68",
      "i": 777
    },
    {
      "id": 58,
      "key": "x",
      "old": 4.969303560614489,
      "next": 4.984401365528415,
      "pileClock": 28.458333333333762,
      "state": "RESOLVING",
      "phase": "SETTLE",
      "d": 0.9999995791134874,
      "stack": "at Object.set [as x] (evalmachine.<anonymous>:8129:423) <- at shift (evalmachine.<anonymous>:2013:14) <- at solvePair (evalmachine.<anonymous>:2033:9) <- at resolveVisualContacts (evalmachine.<anonymous>:2059:43) <- at resolveVisualContacts (evalmachine.<anonymous>:3590:9) <- at evalmachine.<anonymous>:5385:68",
      "i": 778
    },
    {
      "id": 58,
      "key": "x",
      "old": 4.984401365528415,
      "next": 4.98440220730144,
      "pileClock": 28.458333333333762,
      "state": "RESOLVING",
      "phase": "SETTLE",
      "d": 0.9999999999767112,
      "stack": "at Object.set [as x] (evalmachine.<anonymous>:8129:423) <- at shift (evalmachine.<anonymous>:2013:14) <- at solvePair (evalmachine.<anonymous>:2040:25) <- at resolveVisualContacts (evalmachine.<anonymous>:2059:43) <- at resolveVisualContacts (evalmachine.<anonymous>:3590:9) <- at evalmachine.<anonymous>:5385:68",
      "i": 779
    },
    {
      "id": 58,
      "key": "x",
      "old": 4.98440220730144,
      "next": 4.976202943565083,
      "pileClock": 28.458333333333762,
      "state": "RESOLVING",
      "phase": "SETTLE",
      "d": 0.9959005958902977,
      "stack": "at Object.set [as x] (evalmachine.<anonymous>:8129:423) <- at shift (evalmachine.<anonymous>:2013:14) <- at solvePair (evalmachine.<anonymous>:2032:9) <- at resolveVisualContacts (evalmachine.<anonymous>:2059:43) <- at resolveVisualContacts (evalmachine.<anonymous>:3590:9) <- at evalmachine.<anonymous>:5385:68",
      "i": 780
    },
    {
      "id": 58,
      "key": "x",
      "old": 4.976202943565083,
      "next": 4.972196858688824,
      "pileClock": 28.458333333333762,
      "state": "RESOLVING",
      "phase": "SETTLE",
      "d": 0.9938976654275752,
      "stack": "at Object.set [as x] (evalmachine.<anonymous>:8129:423) <- at shift (evalmachine.<anonymous>:2013:14) <- at solvePair (evalmachine.<anonymous>:2040:25) <- at resolveVisualContacts (evalmachine.<anonymous>:2059:43) <- at resolveVisualContacts (evalmachine.<anonymous>:3590:9) <- at evalmachine.<anonymous>:5385:68",
      "i": 781
    },
    {
      "id": 58,
      "key": "x",
      "old": 4.972196858688824,
      "next": 4.970248558153911,
      "pileClock": 28.458333333333762,
      "state": "RESOLVING",
      "phase": "SETTLE",
      "d": 0.9929235697809944,
      "stack": "at Object.set [as x] (evalmachine.<anonymous>:8129:423) <- at shift (evalmachine.<anonymous>:2013:14) <- at solvePair (evalmachine.<anonymous>:2040:25) <- at resolveVisualContacts (evalmachine.<anonymous>:2059:43) <- at resolveVisualContacts (evalmachine.<anonymous>:3590:9) <- at evalmachine.<anonymous>:5385:68",
      "i": 782
    },
    {
      "id": 58,
      "key": "x",
      "old": 4.970248558153911,
      "next": 4.969303166820293,
      "pileClock": 28.458333333333762,
      "state": "RESOLVING",
      "phase": "SETTLE",
      "d": 0.9924509006570005,
      "stack": "at Object.set [as x] (evalmachine.<anonymous>:8129:423) <- at shift (evalmachine.<anonymous>:2013:14) <- at solvePair (evalmachine.<anonymous>:2040:25) <- at resolveVisualContacts (evalmachine.<anonymous>:2059:43) <- at resolveVisualContacts (evalmachine.<anonymous>:3590:9) <- at evalmachine.<anonymous>:5385:68",
      "i": 783
    },
    {
      "id": 60,
      "key": "x",
      "old": 2.984512874830969,
      "next": 2.999600659402546,
      "pileClock": 28.458333333333762,
      "state": "RESOLVING",
      "phase": "SETTLE",
      "d": 0.984907435423789,
      "stack": "at Object.set [as x] (evalmachine.<anonymous>:8129:423) <- at shift (evalmachine.<anonymous>:2013:14) <- at solvePair (evalmachine.<anonymous>:2033:9) <- at resolveVisualContacts (evalmachine.<anonymous>:2059:43) <- at resolveVisualContacts (evalmachine.<anonymous>:3590:9) <- at evalmachine.<anonymous>:5385:68",
      "i": 784
    },
    {
      "id": 60,
      "key": "y",
      "old": 6.022899714585807,
      "next": 6.023073815729117,
      "pileClock": 28.458333333333762,
      "state": "RESOLVING",
      "phase": "SETTLE",
      "d": 0.9849090573896103,
      "stack": "at Object.set [as y] (evalmachine.<anonymous>:8129:423) <- at shift (evalmachine.<anonymous>:2016:18) <- at solvePair (evalmachine.<anonymous>:2033:9) <- at resolveVisualContacts (evalmachine.<anonymous>:2059:43) <- at resolveVisualContacts (evalmachine.<anonymous>:3590:9) <- at evalmachine.<anonymous>:5385:68",
      "i": 785
    },
    {
      "id": 60,
      "key": "x",
      "old": 2.999600659402546,
      "next": 2.984510602469897,
      "pileClock": 28.458333333333762,
      "state": "RESOLVING",
      "phase": "SETTLE",
      "d": 0.9924536464093958,
      "stack": "at Object.set [as x] (evalmachine.<anonymous>:8129:423) <- at shift (evalmachine.<anonymous>:2013:14) <- at solvePair (evalmachine.<anonymous>:2032:9) <- at resolveVisualContacts (evalmachine.<anonymous>:2059:43) <- at resolveVisualContacts (evalmachine.<anonymous>:3590:9) <- at evalmachine.<anonymous>:5385:68",
      "i": 786
    },
    {
      "id": 60,
      "key": "y",
      "old": 6.023073815729117,
      "next": 6.023168209654567,
      "pileClock": 28.458333333333762,
      "state": "RESOLVING",
      "phase": "SETTLE",
      "d": 0.9924545286948052,
      "stack": "at Object.set [as y] (evalmachine.<anonymous>:8129:423) <- at shift (evalmachine.<anonymous>:2016:18) <- at solvePair (evalmachine.<anonymous>:2032:9) <- at resolveVisualContacts (evalmachine.<anonymous>:2059:43) <- at resolveVisualContacts (evalmachine.<anonymous>:3590:9) <- at evalmachine.<anonymous>:5385:68",
      "i": 787
    },
    {
      "id": 58,
      "key": "x",
      "old": 4.969303166820293,
      "next": 4.984394109430682,
      "pileClock": 28.458333333333762,
      "state": "RESOLVING",
      "phase": "SETTLE",
      "d": 0.9999995605024613,
      "stack": "at Object.set [as x] (evalmachine.<anonymous>:8129:423) <- at shift (evalmachine.<anonymous>:2013:14) <- at solvePair (evalmachine.<anonymous>:2033:9) <- at resolveVisualContacts (evalmachine.<anonymous>:2059:43) <- at resolveVisualContacts (evalmachine.<anonymous>:3590:9) <- at evalmachine.<anonymous>:5385:68",
      "i": 788
    },
    {
      "id": 58,
      "key": "x",
      "old": 4.984394109430682,
      "next": 4.98439498842576,
      "pileClock": 28.458333333333762,
      "state": "RESOLVING",
      "phase": "SETTLE",
      "d": 0.9999999999745941,
      "stack": "at Object.set [as x] (evalmachine.<anonymous>:8129:423) <- at shift (evalmachine.<anonymous>:2013:14) <- at solvePair (evalmachine.<anonymous>:2040:25) <- at resolveVisualContacts (evalmachine.<anonymous>:2059:43) <- at resolveVisualContacts (evalmachine.<anonymous>:3590:9) <- at evalmachine.<anonymous>:5385:68",
      "i": 789
    },
    {
      "id": 58,
      "key": "x",
      "old": 4.98439498842576,
      "next": 4.976199405526222,
      "pileClock": 28.458333333333762,
      "state": "RESOLVING",
      "phase": "SETTLE",
      "d": 0.9959024463804962,
      "stack": "at Object.set [as x] (evalmachine.<anonymous>:8129:423) <- at shift (evalmachine.<anonymous>:2013:14) <- at solvePair (evalmachine.<anonymous>:2032:9) <- at resolveVisualContacts (evalmachine.<anonymous>:2059:43) <- at resolveVisualContacts (evalmachine.<anonymous>:3590:9) <- at evalmachine.<anonymous>:5385:68",
      "i": 790
    },
    {
      "id": 58,
      "key": "x",
      "old": 4.976199405526222,
      "next": 4.972195135404185,
      "pileClock": 28.458333333333762,
      "state": "RESOLVING",
      "phase": "SETTLE",
      "d": 0.9939004282463223,
      "stack": "at Object.set [as x] (evalmachine.<anonymous>:8129:423) <- at shift (evalmachine.<anonymous>:2013:14) <- at solvePair (evalmachine.<anonymous>:2040:25) <- at resolveVisualContacts (evalmachine.<anonymous>:2059:43) <- at resolveVisualContacts (evalmachine.<anonymous>:3590:9) <- at evalmachine.<anonymous>:5385:68",
      "i": 791
    },
    {
      "id": 58,
      "key": "x",
      "old": 4.972195135404185,
      "next": 4.970247721332048,
      "pileClock": 28.458333333333762,
      "state": "RESOLVING",
      "phase": "SETTLE",
      "d": 0.9929267782462171,
      "stack": "at Object.set [as x] (evalmachine.<anonymous>:8129:423) <- at shift (evalmachine.<anonymous>:2013:14) <- at solvePair (evalmachine.<anonymous>:2040:25) <- at resolveVisualContacts (evalmachine.<anonymous>:2059:43) <- at resolveVisualContacts (evalmachine.<anonymous>:3590:9) <- at evalmachine.<anonymous>:5385:68",
      "i": 792
    },
    {
      "id": 58,
      "key": "x",
      "old": 4.970247721332048,
      "next": 4.96930276106158,
      "pileClock": 28.458333333333762,
      "state": "RESOLVING",
      "phase": "SETTLE",
      "d": 0.9924543258273558,
      "stack": "at Object.set [as x] (evalmachine.<anonymous>:8129:423) <- at shift (evalmachine.<anonymous>:2013:14) <- at solvePair (evalmachine.<anonymous>:2040:25) <- at resolveVisualContacts (evalmachine.<anonymous>:2059:43) <- at resolveVisualContacts (evalmachine.<anonymous>:3590:9) <- at evalmachine.<anonymous>:5385:68",
      "i": 793
    },
    {
      "id": 60,
      "key": "x",
      "old": 2.984510602469897,
      "next": 2.9995912420617232,
      "pileClock": 28.458333333333762,
      "state": "RESOLVING",
      "phase": "SETTLE",
      "d": 0.9849144519560334,
      "stack": "at Object.set [as x] (evalmachine.<anonymous>:8129:423) <- at shift (evalmachine.<anonymous>:2013:14) <- at solvePair (evalmachine.<anonymous>:2033:9) <- at resolveVisualContacts (evalmachine.<anonymous>:2059:43) <- at resolveVisualContacts (evalmachine.<anonymous>:3590:9) <- at evalmachine.<anonymous>:5385:68",
      "i": 794
    },
    {
      "id": 60,
      "key": "y",
      "old": 6.023168209654567,
      "next": 6.023344268890206,
      "pileClock": 28.458333333333762,
      "state": "RESOLVING",
      "phase": "SETTLE",
      "d": 0.9849161282796863,
      "stack": "at Object.set [as y] (evalmachine.<anonymous>:8129:423) <- at shift (evalmachine.<anonymous>:2016:18) <- at solvePair (evalmachine.<anonymous>:2033:9) <- at resolveVisualContacts (evalmachine.<anonymous>:2059:43) <- at resolveVisualContacts (evalmachine.<anonymous>:3590:9) <- at evalmachine.<anonymous>:5385:68",
      "i": 795
    },
    {
      "id": 60,
      "key": "x",
      "old": 2.9995912420617232,
      "next": 2.9845082948819908,
      "pileClock": 28.458333333333762,
      "state": "RESOLVING",
      "phase": "SETTLE",
      "d": 0.9924571431399678,
      "stack": "at Object.set [as x] (evalmachine.<anonymous>:8129:423) <- at shift (evalmachine.<anonymous>:2013:14) <- at solvePair (evalmachine.<anonymous>:2032:9) <- at resolveVisualContacts (evalmachine.<anonymous>:2059:43) <- at resolveVisualContacts (evalmachine.<anonymous>:3590:9) <- at evalmachine.<anonymous>:5385:68",
      "i": 796
    },
    {
      "id": 60,
      "key": "y",
      "old": 6.023344268890206,
      "next": 6.023440688888619,
      "pileClock": 28.458333333333762,
      "state": "RESOLVING",
      "phase": "SETTLE",
      "d": 0.9924580641398433,
      "stack": "at Object.set [as y] (evalmachine.<anonymous>:8129:423) <- at shift (evalmachine.<anonymous>:2016:18) <- at solvePair (evalmachine.<anonymous>:2032:9) <- at resolveVisualContacts (evalmachine.<anonymous>:2059:43) <- at resolveVisualContacts (evalmachine.<anonymous>:3590:9) <- at evalmachine.<anonymous>:5385:68",
      "i": 797
    },
    {
      "id": 58,
      "key": "x",
      "old": 4.96930276106158,
      "next": 4.984386632781893,
      "pileClock": 28.458333333333762,
      "state": "RESOLVING",
      "phase": "SETTLE",
      "d": 0.9999995412160169,
      "stack": "at Object.set [as x] (evalmachine.<anonymous>:8129:423) <- at shift (evalmachine.<anonymous>:2013:14) <- at solvePair (evalmachine.<anonymous>:2033:9) <- at resolveVisualContacts (evalmachine.<anonymous>:2059:43) <- at resolveVisualContacts (evalmachine.<anonymous>:3590:9) <- at evalmachine.<anonymous>:5385:68",
      "i": 798
    },
    {
      "id": 58,
      "key": "x",
      "old": 4.984386632781893,
      "next": 4.98438755034986,
      "pileClock": 28.458333333333762,
      "state": "RESOLVING",
      "phase": "SETTLE",
      "d": 0.9999999999723022,
      "stack": "at Object.set [as x] (evalmachine.<anonymous>:8129:423) <- at shift (evalmachine.<anonymous>:2013:14) <- at solvePair (evalmachine.<anonymous>:2040:25) <- at resolveVisualContacts (evalmachine.<anonymous>:2059:43) <- at resolveVisualContacts (evalmachine.<anonymous>:3590:9) <- at evalmachine.<anonymous>:5385:68",
      "i": 799
    },
    {
      "id": 58,
      "key": "x",
      "old": 4.98438755034986,
      "next": 4.976195760075525,
      "pileClock": 28.458333333333762,
      "state": "RESOLVING",
      "phase": "SETTLE",
      "d": 0.9959043531304531,
      "stack": "at Object.set [as x] (evalmachine.<anonymous>:8129:423) <- at shift (evalmachine.<anonymous>:2013:14) <- at solvePair (evalmachine.<anonymous>:2032:9) <- at resolveVisualContacts (evalmachine.<anonymous>:2059:43) <- at resolveVisualContacts (evalmachine.<anonymous>:3590:9) <- at evalmachine.<anonymous>:5385:68",
      "i": 800
    },
    {
      "id": 58,
      "key": "x",
      "old": 4.976195760075525,
      "next": 4.97219335980693,
      "pileClock": 28.458333333333762,
      "state": "RESOLVING",
      "phase": "SETTLE",
      "d": 0.9939032750541372,
      "stack": "at Object.set [as x] (evalmachine.<anonymous>:8129:423) <- at shift (evalmachine.<anonymous>:2013:14) <- at solvePair (evalmachine.<anonymous>:2040:25) <- at resolveVisualContacts (evalmachine.<anonymous>:2059:43) <- at resolveVisualContacts (evalmachine.<anonymous>:3590:9) <- at evalmachine.<anonymous>:5385:68",
      "i": 801
    },
    {
      "id": 58,
      "key": "x",
      "old": 4.97219335980693,
      "next": 4.970246859108479,
      "pileClock": 28.458333333333762,
      "state": "RESOLVING",
      "phase": "SETTLE",
      "d": 0.9929300842435956,
      "stack": "at Object.set [as x] (evalmachine.<anonymous>:8129:423) <- at shift (evalmachine.<anonymous>:2013:14) <- at solvePair (evalmachine.<anonymous>:2040:25) <- at resolveVisualContacts (evalmachine.<anonymous>:2059:43) <- at resolveVisualContacts (evalmachine.<anonymous>:3590:9) <- at evalmachine.<anonymous>:5385:68",
      "i": 802
    },
    {
      "id": 58,
      "key": "x",
      "old": 4.970246859108479,
      "next": 4.9693023429863405,
      "pileClock": 28.458333333333762,
      "state": "RESOLVING",
      "phase": "SETTLE",
      "d": 0.9924578551150363,
      "stack": "at Object.set [as x] (evalmachine.<anonymous>:8129:423) <- at shift (evalmachine.<anonymous>:2013:14) <- at solvePair (evalmachine.<anonymous>:2040:25) <- at resolveVisualContacts (evalmachine.<anonymous>:2059:43) <- at resolveVisualContacts (evalmachine.<anonymous>:3590:9) <- at evalmachine.<anonymous>:5385:68",
      "i": 803
    },
    {
      "id": 60,
      "key": "x",
      "old": 2.9845082948819908,
      "next": 2.999581572853928,
      "pileClock": 28.458333333333762,
      "state": "RESOLVING",
      "phase": "SETTLE",
      "d": 0.9849216816095995,
      "stack": "at Object.set [as x] (evalmachine.<anonymous>:8129:423) <- at shift (evalmachine.<anonymous>:2013:14) <- at solvePair (evalmachine.<anonymous>:2033:9) <- at resolveVisualContacts (evalmachine.<anonymous>:2059:43) <- at resolveVisualContacts (evalmachine.<anonymous>:3590:9) <- at evalmachine.<anonymous>:5385:68",
      "i": 804
    },
    {
      "id": 60,
      "key": "y",
      "old": 6.023440688888619,
      "next": 6.023618731993999,
      "pileClock": 28.458333333333762,
      "state": "RESOLVING",
      "phase": "SETTLE",
      "d": 0.9849234138861596,
      "stack": "at Object.set [as y] (evalmachine.<anonymous>:8129:423) <- at shift (evalmachine.<anonymous>:2016:18) <- at solvePair (evalmachine.<anonymous>:2033:9) <- at resolveVisualContacts (evalmachine.<anonymous>:2059:43) <- at resolveVisualContacts (evalmachine.<anonymous>:3590:9) <- at evalmachine.<anonymous>:5385:68",
      "i": 805
    },
    {
      "id": 60,
      "key": "x",
      "old": 2.999581572853928,
      "next": 2.984505951545491,
      "pileClock": 28.458333333333762,
      "state": "RESOLVING",
      "phase": "SETTLE",
      "d": 0.9924607458320788,
      "stack": "at Object.set [as x] (evalmachine.<anonymous>:8129:423) <- at shift (evalmachine.<anonymous>:2013:14) <- at solvePair (evalmachine.<anonymous>:2032:9) <- at resolveVisualContacts (evalmachine.<anonymous>:2059:43) <- at resolveVisualContacts (evalmachine.<anonymous>:3590:9) <- at evalmachine.<anonymous>:5385:68",
      "i": 806
    },
    {
      "id": 60,
      "key": "y",
      "old": 6.023618731993999,
      "next": 6.0237172053620505,
      "pileClock": 28.458333333333762,
      "state": "RESOLVING",
      "phase": "SETTLE",
      "d": 0.9924617069430798,
      "stack": "at Object.set [as y] (evalmachine.<anonymous>:8129:423) <- at shift (evalmachine.<anonymous>:2016:18) <- at solvePair (evalmachine.<anonymous>:2032:9) <- at resolveVisualContacts (evalmachine.<anonymous>:2059:43) <- at resolveVisualContacts (evalmachine.<anonymous>:3590:9) <- at evalmachine.<anonymous>:5385:68",
      "i": 807
    },
    {
      "id": 58,
      "key": "x",
      "old": 4.9693023429863405,
      "next": 4.984378929100181,
      "pileClock": 28.458333333333762,
      "state": "RESOLVING",
      "phase": "SETTLE",
      "d": 0.9999995212336767,
      "stack": "at Object.set [as x] (evalmachine.<anonymous>:8129:423) <- at shift (evalmachine.<anonymous>:2013:14) <- at solvePair (evalmachine.<anonymous>:2033:9) <- at resolveVisualContacts (evalmachine.<anonymous>:2059:43) <- at resolveVisualContacts (evalmachine.<anonymous>:3590:9) <- at evalmachine.<anonymous>:5385:68",
      "i": 808
    },
    {
      "id": 58,
      "key": "x",
      "old": 4.984378929100181,
      "next": 4.984379886632827,
      "pileClock": 28.458333333333762,
      "state": "RESOLVING",
      "phase": "SETTLE",
      "d": 0.999999999969822,
      "stack": "at Object.set [as x] (evalmachine.<anonymous>:8129:423) <- at shift (evalmachine.<anonymous>:2013:14) <- at solvePair (evalmachine.<anonymous>:2040:25) <- at resolveVisualContacts (evalmachine.<anonymous>:2059:43) <- at resolveVisualContacts (evalmachine.<anonymous>:3590:9) <- at evalmachine.<anonymous>:5385:68",
      "i": 809
    },
    {
      "id": 58,
      "key": "x",
      "old": 4.984379886632827,
      "next": 4.976192004058101,
      "pileClock": 28.458333333333762,
      "state": "RESOLVING",
      "phase": "SETTLE",
      "d": 0.9959063177942655,
      "stack": "at Object.set [as x] (evalmachine.<anonymous>:8129:423) <- at shift (evalmachine.<anonymous>:2013:14) <- at solvePair (evalmachine.<anonymous>:2032:9) <- at resolveVisualContacts (evalmachine.<anonymous>:2059:43) <- at resolveVisualContacts (evalmachine.<anonymous>:3590:9) <- at evalmachine.<anonymous>:5385:68",
      "i": 810
    },
    {
      "id": 58,
      "key": "x",
      "old": 4.976192004058101,
      "next": 4.972191530360842,
      "pileClock": 28.458333333333762,
      "state": "RESOLVING",
      "phase": "SETTLE",
      "d": 0.993906208319903,
      "stack": "at Object.set [as x] (evalmachine.<anonymous>:8129:423) <- at shift (evalmachine.<anonymous>:2013:14) <- at solvePair (evalmachine.<anonymous>:2040:25) <- at resolveVisualContacts (evalmachine.<anonymous>:2059:43) <- at resolveVisualContacts (evalmachine.<anonymous>:3590:9) <- at evalmachine.<anonymous>:5385:68",
      "i": 811
    },
    {
      "id": 58,
      "key": "x",
      "old": 4.972191530360842,
      "next": 4.970245970737327,
      "pileClock": 28.458333333333762,
      "state": "RESOLVING",
      "phase": "SETTLE",
      "d": 0.9929334906398392,
      "stack": "at Object.set [as x] (evalmachine.<anonymous>:8129:423) <- at shift (evalmachine.<anonymous>:2013:14) <- at solvePair (evalmachine.<anonymous>:2040:25) <- at resolveVisualContacts (evalmachine.<anonymous>:2059:43) <- at resolveVisualContacts (evalmachine.<anonymous>:3590:9) <- at evalmachine.<anonymous>:5385:68",
      "i": 812
    },
    {
      "id": 58,
      "key": "x",
      "old": 4.970245970737327,
      "next": 4.96930191223294,
      "pileClock": 28.458333333333762,
      "state": "RESOLVING",
      "phase": "SETTLE",
      "d": 0.9924614915801621,
      "stack": "at Object.set [as x] (evalmachine.<anonymous>:8129:423) <- at shift (evalmachine.<anonymous>:2013:14) <- at solvePair (evalmachine.<anonymous>:2040:25) <- at resolveVisualContacts (evalmachine.<anonymous>:2059:43) <- at resolveVisualContacts (evalmachine.<anonymous>:3590:9) <- at evalmachine.<anonymous>:5385:68",
      "i": 813
    },
    {
      "id": 60,
      "key": "x",
      "old": 2.984505951545491,
      "next": 2.9995716449119882,
      "pileClock": 28.458333333333762,
      "state": "RESOLVING",
      "phase": "SETTLE",
      "d": 0.9849291306379784,
      "stack": "at Object.set [as x] (evalmachine.<anonymous>:8129:423) <- at shift (evalmachine.<anonymous>:2013:14) <- at solvePair (evalmachine.<anonymous>:2033:9) <- at resolveVisualContacts (evalmachine.<anonymous>:2059:43) <- at resolveVisualContacts (evalmachine.<anonymous>:3590:9) <- at evalmachine.<anonymous>:5385:68",
      "i": 814
    },
    {
      "id": 60,
      "key": "y",
      "old": 6.0237172053620505,
      "next": 6.023897258308335,
      "pileClock": 28.458333333333762,
      "state": "RESOLVING",
      "phase": "SETTLE",
      "d": 0.9849309205058732,
      "stack": "at Object.set [as y] (evalmachine.<anonymous>:8129:423) <- at shift (evalmachine.<anonymous>:2016:18) <- at solvePair (evalmachine.<anonymous>:2033:9) <- at resolveVisualContacts (evalmachine.<anonymous>:2059:43) <- at resolveVisualContacts (evalmachine.<anonymous>:3590:9) <- at evalmachine.<anonymous>:5385:68",
      "i": 815
    },
    {
      "id": 60,
      "key": "x",
      "old": 2.9995716449119882,
      "next": 2.9845035719323105,
      "pileClock": 28.458333333333762,
      "state": "RESOLVING",
      "phase": "SETTLE",
      "d": 0.9924644575920655,
      "stack": "at Object.set [as x] (evalmachine.<anonymous>:8129:423) <- at shift (evalmachine.<anonymous>:2013:14) <- at solvePair (evalmachine.<anonymous>:2032:9) <- at resolveVisualContacts (evalmachine.<anonymous>:2059:43) <- at resolveVisualContacts (evalmachine.<anonymous>:3590:9) <- at evalmachine.<anonymous>:5385:68",
      "i": 816
    },
    {
      "id": 60,
      "key": "y",
      "old": 6.023897258308335,
      "next": 6.023997812571335,
      "pileClock": 28.458333333333762,
      "state": "RESOLVING",
      "phase": "SETTLE",
      "d": 0.9924654602529367,
      "stack": "at Object.set [as y] (evalmachine.<anonymous>:8129:423) <- at shift (evalmachine.<anonymous>:2016:18) <- at solvePair (evalmachine.<anonymous>:2032:9) <- at resolveVisualContacts (evalmachine.<anonymous>:2059:43) <- at resolveVisualContacts (evalmachine.<anonymous>:3590:9) <- at evalmachine.<anonymous>:5385:68",
      "i": 817
    },
    {
      "id": 58,
      "key": "x",
      "old": 4.96930191223294,
      "next": 4.984370991727067,
      "pileClock": 28.458333333333762,
      "state": "RESOLVING",
      "phase": "SETTLE",
      "d": 0.9999995005344623,
      "stack": "at Object.set [as x] (evalmachine.<anonymous>:8129:423) <- at shift (evalmachine.<anonymous>:2013:14) <- at solvePair (evalmachine.<anonymous>:2033:9) <- at resolveVisualContacts (evalmachine.<anonymous>:2059:43) <- at resolveVisualContacts (evalmachine.<anonymous>:3590:9) <- at evalmachine.<anonymous>:5385:68",
      "i": 818
    },
    {
      "id": 58,
      "key": "x",
      "old": 4.984370991727067,
      "next": 4.9843719906581425,
      "pileClock": 28.458333333333762,
      "state": "RESOLVING",
      "phase": "SETTLE",
      "d": 0.9999999999671401,
      "stack": "at Object.set [as x] (evalmachine.<anonymous>:8129:423) <- at shift (evalmachine.<anonymous>:2013:14) <- at solvePair (evalmachine.<anonymous>:2040:25) <- at resolveVisualContacts (evalmachine.<anonymous>:2059:43) <- at resolveVisualContacts (evalmachine.<anonymous>:3590:9) <- at evalmachine.<anonymous>:5385:68",
      "i": 819
    },
    {
      "id": 58,
      "key": "x",
      "old": 4.9843719906581425,
      "next": 4.976188134233122,
      "pileClock": 28.458333333333762,
      "state": "RESOLVING",
      "phase": "SETTLE",
      "d": 0.9959083420711387,
      "stack": "at Object.set [as x] (evalmachine.<anonymous>:8129:423) <- at shift (evalmachine.<anonymous>:2013:14) <- at solvePair (evalmachine.<anonymous>:2032:9) <- at resolveVisualContacts (evalmachine.<anonymous>:2059:43) <- at resolveVisualContacts (evalmachine.<anonymous>:3590:9) <- at evalmachine.<anonymous>:5385:68",
      "i": 820
    },
    {
      "id": 58,
      "key": "x",
      "old": 4.976188134233122,
      "next": 4.972189645487874,
      "pileClock": 28.458333333333762,
      "state": "RESOLVING",
      "phase": "SETTLE",
      "d": 0.9939092305797966,
      "stack": "at Object.set [as x] (evalmachine.<anonymous>:8129:423) <- at shift (evalmachine.<anonymous>:2013:14) <- at solvePair (evalmachine.<anonymous>:2040:25) <- at resolveVisualContacts (evalmachine.<anonymous>:2059:43) <- at resolveVisualContacts (evalmachine.<anonymous>:3590:9) <- at evalmachine.<anonymous>:5385:68",
      "i": 821
    },
    {
      "id": 58,
      "key": "x",
      "old": 4.972189645487874,
      "next": 4.970245055452408,
      "pileClock": 28.458333333333762,
      "state": "RESOLVING",
      "phase": "SETTLE",
      "d": 0.9929370003797772,
      "stack": "at Object.set [as x] (evalmachine.<anonymous>:8129:423) <- at shift (evalmachine.<anonymous>:2013:14) <- at solvePair (evalmachine.<anonymous>:2040:25) <- at resolveVisualContacts (evalmachine.<anonymous>:2059:43) <- at resolveVisualContacts (evalmachine.<anonymous>:3590:9) <- at evalmachine.<anonymous>:5385:68",
      "i": 822
    },
    {
      "id": 58,
      "key": "x",
      "old": 4.970245055452408,
      "next": 4.969301468429895,
      "pileClock": 28.458333333333762,
      "state": "RESOLVING",
      "phase": "SETTLE",
      "d": 0.9924652383662356,
      "stack": "at Object.set [as x] (evalmachine.<anonymous>:8129:423) <- at shift (evalmachine.<anonymous>:2013:14) <- at solvePair (evalmachine.<anonymous>:2040:25) <- at resolveVisualContacts (evalmachine.<anonymous>:2059:43) <- at resolveVisualContacts (evalmachine.<anonymous>:3590:9) <- at evalmachine.<anonymous>:5385:68",
      "i": 823
    },
    {
      "id": 60,
      "key": "x",
      "old": 2.9845035719323105,
      "next": 2.999561451190687,
      "pileClock": 28.458333333333762,
      "state": "RESOLVING",
      "phase": "SETTLE",
      "d": 0.9849368054644008,
      "stack": "at Object.set [as x] (evalmachine.<anonymous>:8129:423) <- at shift (evalmachine.<anonymous>:2013:14) <- at solvePair (evalmachine.<anonymous>:2033:9) <- at resolveVisualContacts (evalmachine.<anonymous>:2059:43) <- at resolveVisualContacts (evalmachine.<anonymous>:3590:9) <- at evalmachine.<anonymous>:5385:68",
      "i": 824
    },
    {
      "id": 60,
      "key": "y",
      "old": 6.023997812571335,
      "next": 6.024179901517546,
      "pileClock": 28.458333333333762,
      "state": "RESOLVING",
      "phase": "SETTLE",
      "d": 0.9849386546063685,
      "stack": "at Object.set [as y] (evalmachine.<anonymous>:8129:423) <- at shift (evalmachine.<anonymous>:2016:18) <- at solvePair (evalmachine.<anonymous>:2033:9) <- at resolveVisualContacts (evalmachine.<anonymous>:2059:43) <- at resolveVisualContacts (evalmachine.<anonymous>:3590:9) <- at evalmachine.<anonymous>:5385:68",
      "i": 825
    },
    {
      "id": 60,
      "key": "x",
      "old": 2.999561451190687,
      "next": 2.9845011555080316,
      "pileClock": 28.458333333333762,
      "state": "RESOLVING",
      "phase": "SETTLE",
      "d": 0.9924682816106044,
      "stack": "at Object.set [as x] (evalmachine.<anonymous>:8129:423) <- at shift (evalmachine.<anonymous>:2013:14) <- at solvePair (evalmachine.<anonymous>:2032:9) <- at resolveVisualContacts (evalmachine.<anonymous>:2059:43) <- at resolveVisualContacts (evalmachine.<anonymous>:3590:9) <- at evalmachine.<anonymous>:5385:68",
      "i": 826
    },
    {
      "id": 60,
      "key": "y",
      "old": 6.024179901517546,
      "next": 6.024282564424279,
      "pileClock": 28.458333333333762,
      "state": "RESOLVING",
      "phase": "SETTLE",
      "d": 0.9924693273031843,
      "stack": "at Object.set [as y] (evalmachine.<anonymous>:8129:423) <- at shift (evalmachine.<anonymous>:2016:18) <- at solvePair (evalmachine.<anonymous>:2032:9) <- at resolveVisualContacts (evalmachine.<anonymous>:2059:43) <- at resolveVisualContacts (evalmachine.<anonymous>:3590:9) <- at evalmachine.<anonymous>:5385:68",
      "i": 827
    },
    {
      "id": 58,
      "key": "x",
      "old": 4.969301468429895,
      "next": 4.984362813823526,
      "pileClock": 28.458333333333762,
      "state": "RESOLVING",
      "phase": "SETTLE",
      "d": 0.9999994790968911,
      "stack": "at Object.set [as x] (evalmachine.<anonymous>:8129:423) <- at shift (evalmachine.<anonymous>:2013:14) <- at solvePair (evalmachine.<anonymous>:2033:9) <- at resolveVisualContacts (evalmachine.<anonymous>:2059:43) <- at resolveVisualContacts (evalmachine.<anonymous>:3590:9) <- at evalmachine.<anonymous>:5385:68",
      "i": 828
    },
    {
      "id": 58,
      "key": "x",
      "old": 4.984362813823526,
      "next": 4.984363855629743,
      "pileClock": 28.458333333333762,
      "state": "RESOLVING",
      "phase": "SETTLE",
      "d": 0.9999999999642397,
      "stack": "at Object.set [as x] (evalmachine.<anonymous>:8129:423) <- at shift (evalmachine.<anonymous>:2013:14) <- at solvePair (evalmachine.<anonymous>:2040:25) <- at resolveVisualContacts (evalmachine.<anonymous>:2059:43) <- at resolveVisualContacts (evalmachine.<anonymous>:3590:9) <- at evalmachine.<anonymous>:5385:68",
      "i": 829
    },
    {
      "id": 58,
      "key": "x",
      "old": 4.984363855629743,
      "next": 4.976184147271908,
      "pileClock": 28.458333333333762,
      "state": "RESOLVING",
      "phase": "SETTLE",
      "d": 0.9959104277063928,
      "stack": "at Object.set [as x] (evalmachine.<anonymous>:8129:423) <- at shift (evalmachine.<anonymous>:2013:14) <- at solvePair (evalmachine.<anonymous>:2032:9) <- at resolveVisualContacts (evalmachine.<anonymous>:2059:43) <- at resolveVisualContacts (evalmachine.<anonymous>:3590:9) <- at evalmachine.<anonymous>:5385:68",
      "i": 830
    },
    {
      "id": 58,
      "key": "x",
      "old": 4.976184147271908,
      "next": 4.972187703567225,
      "pileClock": 28.458333333333762,
      "state": "RESOLVING",
      "phase": "SETTLE",
      "d": 0.993912344438795,
      "stack": "at Object.set [as x] (evalmachine.<anonymous>:8129:423) <- at shift (evalmachine.<anonymous>:2013:14) <- at solvePair (evalmachine.<anonymous>:2040:25) <- at resolveVisualContacts (evalmachine.<anonymous>:2059:43) <- at resolveVisualContacts (evalmachine.<anonymous>:3590:9) <- at evalmachine.<anonymous>:5385:68",
      "i": 831
    },
    {
      "id": 58,
      "key": "x",
      "old": 4.972187703567225,
      "next": 4.970244112466787,
      "pileClock": 28.458333333333762,
      "state": "RESOLVING",
      "phase": "SETTLE",
      "d": 0.9929406164881056,
      "stack": "at Object.set [as x] (evalmachine.<anonymous>:8129:423) <- at shift (evalmachine.<anonymous>:2013:14) <- at solvePair (evalmachine.<anonymous>:2040:25) <- at resolveVisualContacts (evalmachine.<anonymous>:2059:43) <- at resolveVisualContacts (evalmachine.<anonymous>:3590:9) <- at evalmachine.<anonymous>:5385:68",
      "i": 832
    },
    {
      "id": 58,
      "key": "x",
      "old": 4.970244112466787,
      "next": 4.969301011195665,
      "pileClock": 28.458333333333762,
      "state": "RESOLVING",
      "phase": "SETTLE",
      "d": 0.9924690987020027,
      "stack": "at Object.set [as x] (evalmachine.<anonymous>:8129:423) <- at shift (evalmachine.<anonymous>:2013:14) <- at solvePair (evalmachine.<anonymous>:2040:25) <- at resolveVisualContacts (evalmachine.<anonymous>:2059:43) <- at resolveVisualContacts (evalmachine.<anonymous>:3590:9) <- at evalmachine.<anonymous>:5385:68",
      "i": 833
    },
    {
      "id": 60,
      "key": "x",
      "old": 2.9845011555080316,
      "next": 2.9995509844630015,
      "pileClock": 28.458333333333762,
      "state": "RESOLVING",
      "phase": "SETTLE",
      "d": 0.9849447126855829,
      "stack": "at Object.set [as x] (evalmachine.<anonymous>:8129:423) <- at shift (evalmachine.<anonymous>:2013:14) <- at solvePair (evalmachine.<anonymous>:2033:9) <- at resolveVisualContacts (evalmachine.<anonymous>:2059:43) <- at resolveVisualContacts (evalmachine.<anonymous>:3590:9) <- at evalmachine.<anonymous>:5385:68",
      "i": 834
    },
    {
      "id": 60,
      "key": "y",
      "old": 6.024282564424279,
      "next": 6.024466715710943,
      "pileClock": 28.458333333333762,
      "state": "RESOLVING",
      "phase": "SETTLE",
      "d": 0.9849466228296396,
      "stack": "at Object.set [as y] (evalmachine.<anonymous>:8129:423) <- at shift (evalmachine.<anonymous>:2016:18) <- at solvePair (evalmachine.<anonymous>:2033:9) <- at resolveVisualContacts (evalmachine.<anonymous>:2059:43) <- at resolveVisualContacts (evalmachine.<anonymous>:3590:9) <- at evalmachine.<anonymous>:5385:68",
      "i": 835
    },
    {
      "id": 60,
      "key": "x",
      "old": 2.9995509844630015,
      "next": 2.9844987017319085,
      "pileClock": 28.458333333333762,
      "state": "RESOLVING",
      "phase": "SETTLE",
      "d": 0.9924722211645752,
      "stack": "at Object.set [as x] (evalmachine.<anonymous>:8129:423) <- at shift (evalmachine.<anonymous>:2013:14) <- at solvePair (evalmachine.<anonymous>:2032:9) <- at resolveVisualContacts (evalmachine.<anonymous>:2059:43) <- at resolveVisualContacts (evalmachine.<anonymous>:3590:9) <- at evalmachine.<anonymous>:5385:68",
      "i": 836
    },
    {
      "id": 60,
      "key": "y",
      "old": 6.024466715710943,
      "next": 6.024571515228057,
      "pileClock": 28.458333333333762,
      "state": "RESOLVING",
      "phase": "SETTLE",
      "d": 0.9924733114148198,
      "stack": "at Object.set [as y] (evalmachine.<anonymous>:8129:423) <- at shift (evalmachine.<anonymous>:2016:18) <- at solvePair (evalmachine.<anonymous>:2032:9) <- at resolveVisualContacts (evalmachine.<anonymous>:2059:43) <- at resolveVisualContacts (evalmachine.<anonymous>:3590:9) <- at evalmachine.<anonymous>:5385:68",
      "i": 837
    },
    {
      "id": 58,
      "key": "x",
      "old": 4.969301011195665,
      "next": 4.984354388366025,
      "pileClock": 28.458333333333762,
      "state": "RESOLVING",
      "phase": "SETTLE",
      "d": 0.9999994568989706,
      "stack": "at Object.set [as x] (evalmachine.<anonymous>:8129:423) <- at shift (evalmachine.<anonymous>:2013:14) <- at solvePair (evalmachine.<anonymous>:2033:9) <- at resolveVisualContacts (evalmachine.<anonymous>:2059:43) <- at resolveVisualContacts (evalmachine.<anonymous>:3590:9) <- at evalmachine.<anonymous>:5385:68",
      "i": 838
    },
    {
      "id": 58,
      "key": "x",
      "old": 4.984354388366025,
      "next": 4.984355474568084,
      "pileClock": 28.458333333333762,
      "state": "RESOLVING",
      "phase": "SETTLE",
      "d": 0.9999999999611068,
      "stack": "at Object.set [as x] (evalmachine.<anonymous>:8129:423) <- at shift (evalmachine.<anonymous>:2013:14) <- at solvePair (evalmachine.<anonymous>:2040:25) <- at resolveVisualContacts (evalmachine.<anonymous>:2059:43) <- at resolveVisualContacts (evalmachine.<anonymous>:3590:9) <- at evalmachine.<anonymous>:5385:68",
      "i": 839
    },
    {
      "id": 58,
      "key": "x",
      "old": 4.984355474568084,
      "next": 4.976180039755998,
      "pileClock": 28.458333333333762,
      "state": "RESOLVING",
      "phase": "SETTLE",
      "d": 0.9959125764924798,
      "stack": "at Object.set [as x] (evalmachine.<anonymous>:8129:423) <- at shift (evalmachine.<anonymous>:2013:14) <- at solvePair (evalmachine.<anonymous>:2032:9) <- at resolveVisualContacts (evalmachine.<anonymous>:2059:43) <- at resolveVisualContacts (evalmachine.<anonymous>:3590:9) <- at evalmachine.<anonymous>:5385:68",
      "i": 840
    },
    {
      "id": 58,
      "key": "x",
      "old": 4.976180039755998,
      "next": 4.972185702934395,
      "pileClock": 28.458333333333762,
      "state": "RESOLVING",
      "phase": "SETTLE",
      "d": 0.993915552572182,
      "stack": "at Object.set [as x] (evalmachine.<anonymous>:8129:423) <- at shift (evalmachine.<anonymous>:2013:14) <- at solvePair (evalmachine.<anonymous>:2040:25) <- at resolveVisualContacts (evalmachine.<anonymous>:2059:43) <- at resolveVisualContacts (evalmachine.<anonymous>:3590:9) <- at evalmachine.<anonymous>:5385:68",
      "i": 841
    },
    {
      "id": 58,
      "key": "x",
      "old": 4.972185702934395,
      "next": 4.9702431409723165,
      "pileClock": 28.458333333333762,
      "state": "RESOLVING",
      "phase": "SETTLE",
      "d": 0.992944342071137,
      "stack": "at Object.set [as x] (evalmachine.<anonymous>:8129:423) <- at shift (evalmachine.<anonymous>:2013:14) <- at solvePair (evalmachine.<anonymous>:2040:25) <- at resolveVisualContacts (evalmachine.<anonymous>:2059:43) <- at resolveVisualContacts (evalmachine.<anonymous>:3590:9) <- at evalmachine.<anonymous>:5385:68",
      "i": 842
    },
    {
      "id": 58,
      "key": "x",
      "old": 4.9702431409723165,
      "next": 4.969300540138424,
      "pileClock": 28.458333333333762,
      "state": "RESOLVING",
      "phase": "SETTLE",
      "d": 0.9924730759033233,
      "stack": "at Object.set [as x] (evalmachine.<anonymous>:8129:423) <- at shift (evalmachine.<anonymous>:2013:14) <- at solvePair (evalmachine.<anonymous>:2040:25) <- at resolveVisualContacts (evalmachine.<anonymous>:2059:43) <- at resolveVisualContacts (evalmachine.<anonymous>:3590:9) <- at evalmachine.<anonymous>:5385:68",
      "i": 843
    },
    {
      "id": 60,
      "key": "x",
      "old": 2.9844987017319085,
      "next": 2.999540237316334,
      "pileClock": 28.458333333333762,
      "state": "RESOLVING",
      "phase": "SETTLE",
      "d": 0.984952859075487,
      "stack": "at Object.set [as x] (evalmachine.<anonymous>:8129:423) <- at shift (evalmachine.<anonymous>:2013:14) <- at solvePair (evalmachine.<anonymous>:2033:9) <- at resolveVisualContacts (evalmachine.<anonymous>:2059:43) <- at resolveVisualContacts (evalmachine.<anonymous>:3590:9) <- at evalmachine.<anonymous>:5385:68",
      "i": 844
    },
    {
      "id": 60,
      "key": "y",
      "old": 6.024571515228057,
      "next": 6.024757755370388,
      "pileClock": 28.458333333333762,
      "state": "RESOLVING",
      "phase": "SETTLE",
      "d": 0.9849548319958981,
      "stack": "at Object.set [as y] (evalmachine.<anonymous>:8129:423) <- at shift (evalmachine.<anonymous>:2016:18) <- at solvePair (evalmachine.<anonymous>:2033:9) <- at resolveVisualContacts (evalmachine.<anonymous>:2059:43) <- at resolveVisualContacts (evalmachine.<anonymous>:3590:9) <- at evalmachine.<anonymous>:5385:68",
      "i": 845
    },
    {
      "id": 60,
      "key": "x",
      "old": 2.999540237316334,
      "next": 2.9844962100568724,
      "pileClock": 28.458333333333762,
      "state": "RESOLVING",
      "phase": "SETTLE",
      "d": 0.9924762796189358,
      "stack": "at Object.set [as x] (evalmachine.<anonymous>:8129:423) <- at shift (evalmachine.<anonymous>:2013:14) <- at solvePair (evalmachine.<anonymous>:2032:9) <- at resolveVisualContacts (evalmachine.<anonymous>:2059:43) <- at resolveVisualContacts (evalmachine.<anonymous>:3590:9) <- at evalmachine.<anonymous>:5385:68",
      "i": 846
    },
    {
      "id": 60,
      "key": "y",
      "old": 6.024757755370388,
      "next": 6.024864719676326,
      "pileClock": 28.458333333333762,
      "state": "RESOLVING",
      "phase": "SETTLE",
      "d": 0.992477415997949,
      "stack": "at Object.set [as y] (evalmachine.<anonymous>:8129:423) <- at shift (evalmachine.<anonymous>:2016:18) <- at solvePair (evalmachine.<anonymous>:2032:9) <- at resolveVisualContacts (evalmachine.<anonymous>:2059:43) <- at resolveVisualContacts (evalmachine.<anonymous>:3590:9) <- at evalmachine.<anonymous>:5385:68",
      "i": 847
    },
    {
      "id": 58,
      "key": "x",
      "old": 4.969300540138424,
      "next": 4.984345708142526,
      "pileClock": 28.458333333333762,
      "state": "RESOLVING",
      "phase": "SETTLE",
      "d": 0.9999994339181933,
      "stack": "at Object.set [as x] (evalmachine.<anonymous>:8129:423) <- at shift (evalmachine.<anonymous>:2013:14) <- at solvePair (evalmachine.<anonymous>:2033:9) <- at resolveVisualContacts (evalmachine.<anonymous>:2059:43) <- at resolveVisualContacts (evalmachine.<anonymous>:3590:9) <- at evalmachine.<anonymous>:5385:68",
      "i": 848
    },
    {
      "id": 58,
      "key": "x",
      "old": 4.984345708142526,
      "next": 4.98434684030614,
      "pileClock": 28.458333333333762,
      "state": "RESOLVING",
      "phase": "SETTLE",
      "d": 0.999999999957722,
      "stack": "at Object.set [as x] (evalmachine.<anonymous>:8129:423) <- at shift (evalmachine.<anonymous>:2013:14) <- at solvePair (evalmachine.<anonymous>:2040:25) <- at resolveVisualContacts (evalmachine.<anonymous>:2059:43) <- at resolveVisualContacts (evalmachine.<anonymous>:3590:9) <- at evalmachine.<anonymous>:5385:68",
      "i": 849
    },
    {
      "id": 58,
      "key": "x",
      "old": 4.98434684030614,
      "next": 4.976175808175199,
      "pileClock": 28.458333333333762,
      "state": "RESOLVING",
      "phase": "SETTLE",
      "d": 0.9959147902700015,
      "stack": "at Object.set [as x] (evalmachine.<anonymous>:8129:423) <- at shift (evalmachine.<anonymous>:2013:14) <- at solvePair (evalmachine.<anonymous>:2032:9) <- at resolveVisualContacts (evalmachine.<anonymous>:2059:43) <- at resolveVisualContacts (evalmachine.<anonymous>:3590:9) <- at evalmachine.<anonymous>:5385:68",
      "i": 850
    },
    {
      "id": 58,
      "key": "x",
      "old": 4.976175808175199,
      "next": 4.972183641880244,
      "pileClock": 28.458333333333762,
      "state": "RESOLVING",
      "phase": "SETTLE",
      "d": 0.9939188577270753,
      "stack": "at Object.set [as x] (evalmachine.<anonymous>:8129:423) <- at shift (evalmachine.<anonymous>:2013:14) <- at solvePair (evalmachine.<anonymous>:2040:25) <- at resolveVisualContacts (evalmachine.<anonymous>:2059:43) <- at resolveVisualContacts (evalmachine.<anonymous>:3590:9) <- at evalmachine.<anonymous>:5385:68",
      "i": 851
    },
    {
      "id": 58,
      "key": "x",
      "old": 4.972183641880244,
      "next": 4.970242140139181,
      "pileClock": 28.458333333333762,
      "state": "RESOLVING",
      "phase": "SETTLE",
      "d": 0.9929481803185701,
      "stack": "at Object.set [as x] (evalmachine.<anonymous>:8129:423) <- at shift (evalmachine.<anonymous>:2013:14) <- at solvePair (evalmachine.<anonymous>:2040:25) <- at resolveVisualContacts (evalmachine.<anonymous>:2059:43) <- at resolveVisualContacts (evalmachine.<anonymous>:3590:9) <- at evalmachine.<anonymous>:5385:68",
      "i": 852
    },
    {
      "id": 58,
      "key": "x",
      "old": 4.970242140139181,
      "next": 4.969300054855844,
      "pileClock": 28.458333333333762,
      "state": "RESOLVING",
      "phase": "SETTLE",
      "d": 0.9924771733750563,
      "stack": "at Object.set [as x] (evalmachine.<anonymous>:8129:423) <- at shift (evalmachine.<anonymous>:2013:14) <- at solvePair (evalmachine.<anonymous>:2040:25) <- at resolveVisualContacts (evalmachine.<anonymous>:2059:43) <- at resolveVisualContacts (evalmachine.<anonymous>:3590:9) <- at evalmachine.<anonymous>:5385:68",
      "i": 853
    },
    {
      "id": 60,
      "key": "x",
      "old": 2.9844962100568724,
      "next": 2.9995292021487163,
      "pileClock": 28.458333333333762,
      "state": "RESOLVING",
      "phase": "SETTLE",
      "d": 0.9849612515891106,
      "stack": "at Object.set [as x] (evalmachine.<anonymous>:8129:423) <- at shift (evalmachine.<anonymous>:2013:14) <- at solvePair (evalmachine.<anonymous>:2033:9) <- at resolveVisualContacts (evalmachine.<anonymous>:2059:43) <- at resolveVisualContacts (evalmachine.<anonymous>:3590:9) <- at evalmachine.<anonymous>:5385:68",
      "i": 854
    },
    {
      "id": 60,
      "key": "y",
      "old": 6.024864719676326,
      "next": 6.025053075356909,
      "pileClock": 28.458333333333762,
      "state": "RESOLVING",
      "phase": "SETTLE",
      "d": 0.9849632891073687,
      "stack": "at Object.set [as y] (evalmachine.<anonymous>:8129:423) <- at shift (evalmachine.<anonymous>:2016:18) <- at solvePair (evalmachine.<anonymous>:2033:9) <- at resolveVisualContacts (evalmachine.<anonymous>:2059:43) <- at resolveVisualContacts (evalmachine.<anonymous>:3590:9) <- at evalmachine.<anonymous>:5385:68",
      "i": 855
    },
    {
      "id": 60,
      "key": "x",
      "old": 2.9995292021487163,
      "next": 2.9844936799295425,
      "pileClock": 28.458333333333762,
      "state": "RESOLVING",
      "phase": "SETTLE",
      "d": 0.9924804604286104,
      "stack": "at Object.set [as x] (evalmachine.<anonymous>:8129:423) <- at shift (evalmachine.<anonymous>:2013:14) <- at solvePair (evalmachine.<anonymous>:2032:9) <- at resolveVisualContacts (evalmachine.<anonymous>:2059:43) <- at resolveVisualContacts (evalmachine.<anonymous>:3590:9) <- at evalmachine.<anonymous>:5385:68",
      "i": 856
    },
    {
      "id": 60,
      "key": "y",
      "old": 6.025053075356909,
      "next": 6.025162232835359,
      "pileClock": 28.458333333333762,
      "state": "RESOLVING",
      "phase": "SETTLE",
      "d": 0.9924816445536844,
      "stack": "at Object.set [as y] (evalmachine.<anonymous>:8129:423) <- at shift (evalmachine.<anonymous>:2016:18) <- at solvePair (evalmachine.<anonymous>:2032:9) <- at resolveVisualContacts (evalmachine.<anonymous>:2059:43) <- at resolveVisualContacts (evalmachine.<anonymous>:3590:9) <- at evalmachine.<anonymous>:5385:68",
      "i": 857
    },
    {
      "id": 58,
      "key": "x",
      "old": 4.969300054855844,
      "next": 4.984336765748475,
      "pileClock": 28.458333333333762,
      "state": "RESOLVING",
      "phase": "SETTLE",
      "d": 0.999999410131532,
      "stack": "at Object.set [as x] (evalmachine.<anonymous>:8129:423) <- at shift (evalmachine.<anonymous>:2013:14) <- at solvePair (evalmachine.<anonymous>:2033:9) <- at resolveVisualContacts (evalmachine.<anonymous>:2059:43) <- at resolveVisualContacts (evalmachine.<anonymous>:3590:9) <- at evalmachine.<anonymous>:5385:68",
      "i": 858
    },
    {
      "id": 58,
      "key": "x",
      "old": 4.984336765748475,
      "next": 4.984337945485411,
      "pileClock": 28.458333333333762,
      "state": "RESOLVING",
      "phase": "SETTLE",
      "d": 0.9999999999540685,
      "stack": "at Object.set [as x] (evalmachine.<anonymous>:8129:423) <- at shift (evalmachine.<anonymous>:2013:14) <- at solvePair (evalmachine.<anonymous>:2040:25) <- at resolveVisualContacts (evalmachine.<anonymous>:2059:43) <- at resolveVisualContacts (evalmachine.<anonymous>:3590:9) <- at evalmachine.<anonymous>:5385:68",
      "i": 859
    },
    {
      "id": 58,
      "key": "x",
      "old": 4.984337945485411,
      "next": 4.976171448925644,
      "pileClock": 28.458333333333762,
      "state": "RESOLVING",
      "phase": "SETTLE",
      "d": 0.9959170709287428,
      "stack": "at Object.set [as x] (evalmachine.<anonymous>:8129:423) <- at shift (evalmachine.<anonymous>:2013:14) <- at solvePair (evalmachine.<anonymous>:2032:9) <- at resolveVisualContacts (evalmachine.<anonymous>:2059:43) <- at resolveVisualContacts (evalmachine.<anonymous>:3590:9) <- at evalmachine.<anonymous>:5385:68",
      "i": 860
    },
    {
      "id": 58,
      "key": "x",
      "old": 4.976171448925644,
      "next": 4.972181518650046,
      "pileClock": 28.458333333333762,
      "state": "RESOLVING",
      "phase": "SETTLE",
      "d": 0.9939222627239575,
      "stack": "at Object.set [as x] (evalmachine.<anonymous>:8129:423) <- at shift (evalmachine.<anonymous>:2013:14) <- at solvePair (evalmachine.<anonymous>:2040:25) <- at resolveVisualContacts (evalmachine.<anonymous>:2059:43) <- at resolveVisualContacts (evalmachine.<anonymous>:3590:9) <- at evalmachine.<anonymous>:5385:68",
      "i": 861
    },
    {
      "id": 58,
      "key": "x",
      "old": 4.972181518650046,
      "next": 4.970241109115437,
      "pileClock": 28.458333333333762,
      "state": "RESOLVING",
      "phase": "SETTLE",
      "d": 0.9929521345052651,
      "stack": "at Object.set [as x] (evalmachine.<anonymous>:8129:423) <- at shift (evalmachine.<anonymous>:2013:14) <- at solvePair (evalmachine.<anonymous>:2040:25) <- at resolveVisualContacts (evalmachine.<anonymous>:2059:43) <- at resolveVisualContacts (evalmachine.<anonymous>:3590:9) <- at evalmachine.<anonymous>:5385:68",
      "i": 862
    },
    {
      "id": 58,
      "key": "x",
      "old": 4.970241109115437,
      "next": 4.969299554934869,
      "pileClock": 28.458333333333762,
      "state": "RESOLVING",
      "phase": "SETTLE",
      "d": 0.9924813946129566,
      "stack": "at Object.set [as x] (evalmachine.<anonymous>:8129:423) <- at shift (evalmachine.<anonymous>:2013:14) <- at solvePair (evalmachine.<anonymous>:2040:25) <- at resolveVisualContacts (evalmachine.<anonymous>:2059:43) <- at resolveVisualContacts (evalmachine.<anonymous>:3590:9) <- at evalmachine.<anonymous>:5385:68",
      "i": 863
    },
    {
      "id": 60,
      "key": "x",
      "old": 2.9844936799295425,
      "next": 2.9995178711650206,
      "pileClock": 28.458333333333762,
      "state": "RESOLVING",
      "phase": "SETTLE",
      "d": 0.9849698973662897,
      "stack": "at Object.set [as x] (evalmachine.<anonymous>:8129:423) <- at shift (evalmachine.<anonymous>:2013:14) <- at solvePair (evalmachine.<anonymous>:2033:9) <- at resolveVisualContacts (evalmachine.<anonymous>:2059:43) <- at resolveVisualContacts (evalmachine.<anonymous>:3590:9) <- at evalmachine.<anonymous>:5385:68",
      "i": 864
    },
    {
      "id": 60,
      "key": "y",
      "old": 6.025162232835359,
      "next": 6.025352730896327,
      "pileClock": 28.458333333333762,
      "state": "RESOLVING",
      "phase": "SETTLE",
      "d": 0.9849720013520937,
      "stack": "at Object.set [as y] (evalmachine.<anonymous>:8129:423) <- at shift (evalmachine.<anonymous>:2016:18) <- at solvePair (evalmachine.<anonymous>:2033:9) <- at resolveVisualContacts (evalmachine.<anonymous>:2059:43) <- at resolveVisualContacts (evalmachine.<anonymous>:3590:9) <- at evalmachine.<anonymous>:5385:68",
      "i": 865
    },
    {
      "id": 60,
      "key": "x",
      "old": 2.9995178711650206,
      "next": 2.984491110790244,
      "pileClock": 28.458333333333762,
      "state": "RESOLVING",
      "phase": "SETTLE",
      "d": 0.9924847671403859,
      "stack": "at Object.set [as x] (evalmachine.<anonymous>:8129:423) <- at shift (evalmachine.<anonymous>:2013:14) <- at solvePair (evalmachine.<anonymous>:2032:9) <- at resolveVisualContacts (evalmachine.<anonymous>:2059:43) <- at resolveVisualContacts (evalmachine.<anonymous>:3590:9) <- at evalmachine.<anonymous>:5385:68",
      "i": 866
    },
    {
      "id": 60,
      "key": "y",
      "old": 6.025352730896327,
      "next": 6.025464110129162,
      "pileClock": 28.458333333333762,
      "state": "RESOLVING",
      "phase": "SETTLE",
      "d": 0.992486000676047,
      "stack": "at Object.set [as y] (evalmachine.<anonymous>:8129:423) <- at shift (evalmachine.<anonymous>:2016:18) <- at solvePair (evalmachine.<anonymous>:2032:9) <- at resolveVisualContacts (evalmachine.<anonymous>:2059:43) <- at resolveVisualContacts (evalmachine.<anonymous>:3590:9) <- at evalmachine.<anonymous>:5385:68",
      "i": 867
    },
    {
      "id": 58,
      "key": "x",
      "old": 4.969299554934869,
      "next": 4.984327553582776,
      "pileClock": 28.458333333333762,
      "state": "RESOLVING",
      "phase": "SETTLE",
      "d": 0.9999993855154381,
      "stack": "at Object.set [as x] (evalmachine.<anonymous>:8129:423) <- at shift (evalmachine.<anonymous>:2013:14) <- at solvePair (evalmachine.<anonymous>:2033:9) <- at resolveVisualContacts (evalmachine.<anonymous>:2059:43) <- at resolveVisualContacts (evalmachine.<anonymous>:3590:9) <- at evalmachine.<anonymous>:5385:68",
      "i": 868
    },
    {
      "id": 58,
      "key": "x",
      "old": 4.984327553582776,
      "next": 4.984328782551899,
      "pileClock": 28.458333333333762,
      "state": "RESOLVING",
      "phase": "SETTLE",
      "d": 0.9999999999501259,
      "stack": "at Object.set [as x] (evalmachine.<anonymous>:8129:423) <- at shift (evalmachine.<anonymous>:2013:14) <- at solvePair (evalmachine.<anonymous>:2040:25) <- at resolveVisualContacts (evalmachine.<anonymous>:2059:43) <- at resolveVisualContacts (evalmachine.<anonymous>:3590:9) <- at evalmachine.<anonymous>:5385:68",
      "i": 869
    },
    {
      "id": 58,
      "key": "x",
      "old": 4.984328782551899,
      "next": 4.976166958307829,
      "pileClock": 28.458333333333762,
      "state": "RESOLVING",
      "phase": "SETTLE",
      "d": 0.995919420408702,
      "stack": "at Object.set [as x] (evalmachine.<anonymous>:8129:423) <- at shift (evalmachine.<anonymous>:2013:14) <- at solvePair (evalmachine.<anonymous>:2032:9) <- at resolveVisualContacts (evalmachine.<anonymous>:2059:43) <- at resolveVisualContacts (evalmachine.<anonymous>:3590:9) <- at evalmachine.<anonymous>:5385:68",
      "i": 870
    },
    {
      "id": 58,
      "key": "x",
      "old": 4.976166958307829,
      "next": 4.972179331442535,
      "pileClock": 28.458333333333762,
      "state": "RESOLVING",
      "phase": "SETTLE",
      "d": 0.9939257704582121,
      "stack": "at Object.set [as x] (evalmachine.<anonymous>:8129:423) <- at shift (evalmachine.<anonymous>:2013:14) <- at solvePair (evalmachine.<anonymous>:2040:25) <- at resolveVisualContacts (evalmachine.<anonymous>:2059:43) <- at resolveVisualContacts (evalmachine.<anonymous>:3590:9) <- at evalmachine.<anonymous>:5385:68",
      "i": 871
    },
    {
      "id": 58,
      "key": "x",
      "old": 4.972179331442535,
      "next": 4.970240047026552,
      "pileClock": 28.458333333333762,
      "state": "RESOLVING",
      "phase": "SETTLE",
      "d": 0.9929562079930262,
      "stack": "at Object.set [as x] (evalmachine.<anonymous>:8129:423) <- at shift (evalmachine.<anonymous>:2013:14) <- at solvePair (evalmachine.<anonymous>:2040:25) <- at resolveVisualContacts (evalmachine.<anonymous>:2059:43) <- at resolveVisualContacts (evalmachine.<anonymous>:3590:9) <- at evalmachine.<anonymous>:5385:68",
      "i": 872
    },
    {
      "id": 58,
      "key": "x",
      "old": 4.970240047026552,
      "next": 4.969299039951492,
      "pileClock": 28.458333333333762,
      "state": "RESOLVING",
      "phase": "SETTLE",
      "d": 0.9924857432055753,
      "stack": "at Object.set [as x] (evalmachine.<anonymous>:8129:423) <- at shift (evalmachine.<anonymous>:2013:14) <- at solvePair (evalmachine.<anonymous>:2040:25) <- at resolveVisualContacts (evalmachine.<anonymous>:2059:43) <- at resolveVisualContacts (evalmachine.<anonymous>:3590:9) <- at evalmachine.<anonymous>:5385:68",
      "i": 873
    },
    {
      "id": 60,
      "key": "x",
      "old": 2.984491110790244,
      "next": 2.99950623637315,
      "pileClock": 28.458333333333762,
      "state": "RESOLVING",
      "phase": "SETTLE",
      "d": 0.9849788037355112,
      "stack": "at Object.set [as x] (evalmachine.<anonymous>:8129:423) <- at shift (evalmachine.<anonymous>:2013:14) <- at solvePair (evalmachine.<anonymous>:2033:9) <- at resolveVisualContacts (evalmachine.<anonymous>:2059:43) <- at resolveVisualContacts (evalmachine.<anonymous>:3590:9) <- at evalmachine.<anonymous>:5385:68",
      "i": 874
    },
    {
      "id": 60,
      "key": "y",
      "old": 6.025464110129162,
      "next": 6.025656777563834,
      "pileClock": 28.458333333333762,
      "state": "RESOLVING",
      "phase": "SETTLE",
      "d": 0.9849809761077502,
      "stack": "at Object.set [as y] (evalmachine.<anonymous>:8129:423) <- at shift (evalmachine.<anonymous>:2016:18) <- at solvePair (evalmachine.<anonymous>:2033:9) <- at resolveVisualContacts (evalmachine.<anonymous>:2059:43) <- at resolveVisualContacts (evalmachine.<anonymous>:3590:9) <- at evalmachine.<anonymous>:5385:68",
      "i": 875
    },
    {
      "id": 60,
      "key": "x",
      "old": 2.99950623637315,
      "next": 2.9844885020730265,
      "pileClock": 28.458333333333762,
      "state": "RESOLVING",
      "phase": "SETTLE",
      "d": 0.9924892033948132,
      "stack": "at Object.set [as x] (evalmachine.<anonymous>:8129:423) <- at shift (evalmachine.<anonymous>:2013:14) <- at solvePair (evalmachine.<anonymous>:2032:9) <- at resolveVisualContacts (evalmachine.<anonymous>:2059:43) <- at resolveVisualContacts (evalmachine.<anonymous>:3590:9) <- at evalmachine.<anonymous>:5385:68",
      "i": 876
    },
    {
      "id": 60,
      "key": "y",
      "old": 6.025656777563834,
      "next": 6.025770407323532,
      "pileClock": 28.458333333333762,
      "state": "RESOLVING",
      "phase": "SETTLE",
      "d": 0.9924904880538752,
      "stack": "at Object.set [as y] (evalmachine.<anonymous>:8129:423) <- at shift (evalmachine.<anonymous>:2016:18) <- at solvePair (evalmachine.<anonymous>:2032:9) <- at resolveVisualContacts (evalmachine.<anonymous>:2059:43) <- at resolveVisualContacts (evalmachine.<anonymous>:3590:9) <- at evalmachine.<anonymous>:5385:68",
      "i": 877
    },
    {
      "id": 58,
      "key": "x",
      "old": 4.969299039951492,
      "next": 4.984318063843742,
      "pileClock": 28.458333333333762,
      "state": "RESOLVING",
      "phase": "SETTLE",
      "d": 0.9999993600458359,
      "stack": "at Object.set [as x] (evalmachine.<anonymous>:8129:423) <- at shift (evalmachine.<anonymous>:2013:14) <- at solvePair (evalmachine.<anonymous>:2033:9) <- at resolveVisualContacts (evalmachine.<anonymous>:2059:43) <- at resolveVisualContacts (evalmachine.<anonymous>:3590:9) <- at evalmachine.<anonymous>:5385:68",
      "i": 878
    },
    {
      "id": 58,
      "key": "x",
      "old": 4.984318063843742,
      "next": 4.98431934375207,
      "pileClock": 28.458333333333762,
      "state": "RESOLVING",
      "phase": "SETTLE",
      "d": 0.999999999945873,
      "stack": "at Object.set [as x] (evalmachine.<anonymous>:8129:423) <- at shift (evalmachine.<anonymous>:2013:14) <- at solvePair (evalmachine.<anonymous>:2040:25) <- at resolveVisualContacts (evalmachine.<anonymous>:2059:43) <- at resolveVisualContacts (evalmachine.<anonymous>:3590:9) <- at evalmachine.<anonymous>:5385:68",
      "i": 879
    },
    {
      "id": 58,
      "key": "x",
      "old": 4.98431934375207,
      "next": 4.976162332524636,
      "pileClock": 28.458333333333762,
      "state": "RESOLVING",
      "phase": "SETTLE",
      "d": 0.9959218407011238,
      "stack": "at Object.set [as x] (evalmachine.<anonymous>:8129:423) <- at shift (evalmachine.<anonymous>:2013:14) <- at solvePair (evalmachine.<anonymous>:2032:9) <- at resolveVisualContacts (evalmachine.<anonymous>:2059:43) <- at resolveVisualContacts (evalmachine.<anonymous>:3590:9) <- at evalmachine.<anonymous>:5385:68",
      "i": 880
    },
    {
      "id": 58,
      "key": "x",
      "old": 4.976162332524636,
      "next": 4.972177078408943,
      "pileClock": 28.458333333333762,
      "state": "RESOLVING",
      "phase": "SETTLE",
      "d": 0.9939293839016652,
      "stack": "at Object.set [as x] (evalmachine.<anonymous>:8129:423) <- at shift (evalmachine.<anonymous>:2013:14) <- at solvePair (evalmachine.<anonymous>:2040:25) <- at resolveVisualContacts (evalmachine.<anonymous>:2059:43) <- at resolveVisualContacts (evalmachine.<anonymous>:3590:9) <- at evalmachine.<anonymous>:5385:68",
      "i": 881
    },
    {
      "id": 58,
      "key": "x",
      "old": 4.972177078408943,
      "next": 4.970238952974937,
      "pileClock": 28.458333333333762,
      "state": "RESOLVING",
      "phase": "SETTLE",
      "d": 0.9929604042323913,
      "stack": "at Object.set [as x] (evalmachine.<anonymous>:8129:423) <- at shift (evalmachine.<anonymous>:2013:14) <- at solvePair (evalmachine.<anonymous>:2040:25) <- at resolveVisualContacts (evalmachine.<anonymous>:2059:43) <- at resolveVisualContacts (evalmachine.<anonymous>:3590:9) <- at evalmachine.<anonymous>:5385:68",
      "i": 882
    },
    {
      "id": 58,
      "key": "x",
      "old": 4.970238952974937,
      "next": 4.969298509470529,
      "pileClock": 28.458333333333762,
      "state": "RESOLVING",
      "phase": "SETTLE",
      "d": 0.9924902228361682,
      "stack": "at Object.set [as x] (evalmachine.<anonymous>:8129:423) <- at shift (evalmachine.<anonymous>:2013:14) <- at solvePair (evalmachine.<anonymous>:2040:25) <- at resolveVisualContacts (evalmachine.<anonymous>:2059:43) <- at resolveVisualContacts (evalmachine.<anonymous>:3590:9) <- at evalmachine.<anonymous>:5385:68",
      "i": 883
    },
    {
      "id": 60,
      "key": "x",
      "old": 2.9844885020730265,
      "next": 2.9994942895802468,
      "pileClock": 28.458333333333762,
      "state": "RESOLVING",
      "phase": "SETTLE",
      "d": 0.984987978217734,
      "stack": "at Object.set [as x] (evalmachine.<anonymous>:8129:423) <- at shift (evalmachine.<anonymous>:2013:14) <- at solvePair (evalmachine.<anonymous>:2033:9) <- at resolveVisualContacts (evalmachine.<anonymous>:2059:43) <- at resolveVisualContacts (evalmachine.<anonymous>:3590:9) <- at evalmachine.<anonymous>:5385:68",
      "i": 884
    },
    {
      "id": 60,
      "key": "y",
      "old": 6.025770407323532,
      "next": 6.025965271267499,
      "pileClock": 28.458333333333762,
      "state": "RESOLVING",
      "phase": "SETTLE",
      "d": 0.984990220945469,
      "stack": "at Object.set [as y] (evalmachine.<anonymous>:8129:423) <- at shift (evalmachine.<anonymous>:2016:18) <- at solvePair (evalmachine.<anonymous>:2033:9) <- at resolveVisualContacts (evalmachine.<anonymous>:2059:43) <- at resolveVisualContacts (evalmachine.<anonymous>:3590:9) <- at evalmachine.<anonymous>:5385:68",
      "i": 885
    },
    {
      "id": 60,
      "key": "x",
      "old": 2.9994942895802468,
      "next": 2.9844858532056926,
      "pileClock": 28.458333333333762,
      "state": "RESOLVING",
      "phase": "SETTLE",
      "d": 0.9924937729281137,
      "stack": "at Object.set [as x] (evalmachine.<anonymous>:8129:423) <- at shift (evalmachine.<anonymous>:2013:14) <- at solvePair (evalmachine.<anonymous>:2032:9) <- at resolveVisualContacts (evalmachine.<anonymous>:2059:43) <- at resolveVisualContacts (evalmachine.<anonymous>:3590:9) <- at evalmachine.<anonymous>:5385:68",
      "i": 886
    },
    {
      "id": 60,
      "key": "y",
      "old": 6.025965271267499,
      "next": 6.026081180509008,
      "pileClock": 28.458333333333762,
      "state": "RESOLVING",
      "phase": "SETTLE",
      "d": 0.9924951104727346,
      "stack": "at Object.set [as y] (evalmachine.<anonymous>:8129:423) <- at shift (evalmachine.<anonymous>:2016:18) <- at solvePair (evalmachine.<anonymous>:2032:9) <- at resolveVisualContacts (evalmachine.<anonymous>:2059:43) <- at resolveVisualContacts (evalmachine.<anonymous>:3590:9) <- at evalmachine.<anonymous>:5385:68",
      "i": 887
    },
    {
      "id": 58,
      "key": "x",
      "old": 4.969298509470529,
      "next": 4.98430828852506,
      "pileClock": 28.458333333333762,
      "state": "RESOLVING",
      "phase": "SETTLE",
      "d": 0.9999993336981223,
      "stack": "at Object.set [as x] (evalmachine.<anonymous>:8129:423) <- at shift (evalmachine.<anonymous>:2013:14) <- at solvePair (evalmachine.<anonymous>:2033:9) <- at resolveVisualContacts (evalmachine.<anonymous>:2059:43) <- at resolveVisualContacts (evalmachine.<anonymous>:3590:9) <- at evalmachine.<anonymous>:5385:68",
      "i": 888
    },
    {
      "id": 58,
      "key": "x",
      "old": 4.98430828852506,
      "next": 4.984309621128816,
      "pileClock": 28.458333333333762,
      "state": "RESOLVING",
      "phase": "SETTLE",
      "d": 0.999999999941288,
      "stack": "at Object.set [as x] (evalmachine.<anonymous>:8129:423) <- at shift (evalmachine.<anonymous>:2013:14) <- at solvePair (evalmachine.<anonymous>:2040:25) <- at resolveVisualContacts (evalmachine.<anonymous>:2059:43) <- at resolveVisualContacts (evalmachine.<anonymous>:3590:9) <- at evalmachine.<anonymous>:5385:68",
      "i": 889
    },
    {
      "id": 58,
      "key": "x",
      "old": 4.984309621128816,
      "next": 4.976157567679378,
      "pileClock": 28.458333333333762,
      "state": "RESOLVING",
      "phase": "SETTLE",
      "d": 0.9959243338495422,
      "stack": "at Object.set [as x] (evalmachine.<anonymous>:8129:423) <- at shift (evalmachine.<anonymous>:2013:14) <- at solvePair (evalmachine.<anonymous>:2032:9) <- at resolveVisualContacts (evalmachine.<anonymous>:2059:43) <- at resolveVisualContacts (evalmachine.<anonymous>:3590:9) <- at evalmachine.<anonymous>:5385:68",
      "i": 890
    },
    {
      "id": 58,
      "key": "x",
      "old": 4.976157567679378,
      "next": 4.972174757652051,
      "pileClock": 28.458333333333762,
      "state": "RESOLVING",
      "phase": "SETTLE",
      "d": 0.9939331061041322,
      "stack": "at Object.set [as x] (evalmachine.<anonymous>:8129:423) <- at shift (evalmachine.<anonymous>:2013:14) <- at solvePair (evalmachine.<anonymous>:2040:25) <- at resolveVisualContacts (evalmachine.<anonymous>:2059:43) <- at resolveVisualContacts (evalmachine.<anonymous>:3590:9) <- at evalmachine.<anonymous>:5385:68",
      "i": 891
    },
    {
      "id": 58,
      "key": "x",
      "old": 4.972174757652051,
      "next": 4.970237826039488,
      "pileClock": 28.458333333333762,
      "state": "RESOLVING",
      "phase": "SETTLE",
      "d": 0.9929647267644228,
      "stack": "at Object.set [as x] (evalmachine.<anonymous>:8129:423) <- at shift (evalmachine.<anonymous>:2013:14) <- at solvePair (evalmachine.<anonymous>:2040:25) <- at resolveVisualContacts (evalmachine.<anonymous>:2059:43) <- at resolveVisualContacts (evalmachine.<anonymous>:3590:9) <- at evalmachine.<anonymous>:5385:68",
      "i": 892
    },
    {
      "id": 58,
      "key": "x",
      "old": 4.970237826039488,
      "next": 4.969297963045396,
      "pileClock": 28.458333333333762,
      "state": "RESOLVING",
      "phase": "SETTLE",
      "d": 0.9924948372846081,
      "stack": "at Object.set [as x] (evalmachine.<anonymous>:8129:423) <- at shift (evalmachine.<anonymous>:2013:14) <- at solvePair (evalmachine.<anonymous>:2040:25) <- at resolveVisualContacts (evalmachine.<anonymous>:2059:43) <- at resolveVisualContacts (evalmachine.<anonymous>:3590:9) <- at evalmachine.<anonymous>:5385:68",
      "i": 893
    },
    {
      "id": 60,
      "key": "x",
      "old": 2.9844858532056926,
      "next": 2.999482022388898,
      "pileClock": 28.458333333333762,
      "state": "RESOLVING",
      "phase": "SETTLE",
      "d": 0.9849974285302112,
      "stack": "at Object.set [as x] (evalmachine.<anonymous>:8129:423) <- at shift (evalmachine.<anonymous>:2013:14) <- at solvePair (evalmachine.<anonymous>:2033:9) <- at resolveVisualContacts (evalmachine.<anonymous>:2059:43) <- at resolveVisualContacts (evalmachine.<anonymous>:3590:9) <- at evalmachine.<anonymous>:5385:68",
      "i": 894
    },
    {
      "id": 60,
      "key": "y",
      "old": 6.026081180509008,
      "next": 6.026278268230636,
      "pileClock": 28.458333333333762,
      "state": "RESOLVING",
      "phase": "SETTLE",
      "d": 0.9849997436336579,
      "stack": "at Object.set [as y] (evalmachine.<anonymous>:8129:423) <- at shift (evalmachine.<anonymous>:2016:18) <- at solvePair (evalmachine.<anonymous>:2033:9) <- at resolveVisualContacts (evalmachine.<anonymous>:2059:43) <- at resolveVisualContacts (evalmachine.<anonymous>:3590:9) <- at evalmachine.<anonymous>:5385:68",
      "i": 895
    },
    {
      "id": 60,
      "key": "x",
      "old": 2.999482022388898,
      "next": 2.984483163609832,
      "pileClock": 28.458333333333762,
      "state": "RESOLVING",
      "phase": "SETTLE",
      "d": 0.992498479574085,
      "stack": "at Object.set [as x] (evalmachine.<anonymous>:8129:423) <- at shift (evalmachine.<anonymous>:2013:14) <- at solvePair (evalmachine.<anonymous>:2032:9) <- at resolveVisualContacts (evalmachine.<anonymous>:2059:43) <- at resolveVisualContacts (evalmachine.<anonymous>:3590:9) <- at evalmachine.<anonymous>:5385:68",
      "i": 896
    },
    {
      "id": 60,
      "key": "y",
      "old": 6.026278268230636,
      "next": 6.026396486082676,
      "pileClock": 28.458333333333762,
      "state": "RESOLVING",
      "phase": "SETTLE",
      "d": 0.992499871816829,
      "stack": "at Object.set [as y] (evalmachine.<anonymous>:8129:423) <- at shift (evalmachine.<anonymous>:2016:18) <- at solvePair (evalmachine.<anonymous>:2032:9) <- at resolveVisualContacts (evalmachine.<anonymous>:2059:43) <- at resolveVisualContacts (evalmachine.<anonymous>:3590:9) <- at evalmachine.<anonymous>:5385:68",
      "i": 897
    },
    {
      "id": 58,
      "key": "x",
      "old": 4.969297963045396,
      "next": 4.9842982194117385,
      "pileClock": 28.458333333333762,
      "state": "RESOLVING",
      "phase": "SETTLE",
      "d": 0.9999993064471632,
      "stack": "at Object.set [as x] (evalmachine.<anonymous>:8129:423) <- at shift (evalmachine.<anonymous>:2013:14) <- at solvePair (evalmachine.<anonymous>:2033:9) <- at resolveVisualContacts (evalmachine.<anonymous>:2059:43) <- at resolveVisualContacts (evalmachine.<anonymous>:3590:9) <- at evalmachine.<anonymous>:5385:68",
      "i": 898
    },
    {
      "id": 58,
      "key": "x",
      "old": 4.9842982194117385,
      "next": 4.984299606517412,
      "pileClock": 28.458333333333762,
      "state": "RESOLVING",
      "phase": "SETTLE",
      "d": 0.9999999999363468,
      "stack": "at Object.set [as x] (evalmachine.<anonymous>:8129:423) <- at shift (evalmachine.<anonymous>:2013:14) <- at solvePair (evalmachine.<anonymous>:2040:25) <- at resolveVisualContacts (evalmachine.<anonymous>:2059:43) <- at resolveVisualContacts (evalmachine.<anonymous>:3590:9) <- at evalmachine.<anonymous>:5385:68",
      "i": 899
    },
    {
      "id": 58,
      "key": "x",
      "old": 4.984299606517412,
      "next": 4.976152659773822,
      "pileClock": 28.458333333333762,
      "state": "RESOLVING",
      "phase": "SETTLE",
      "d": 0.9959269019508121,
      "stack": "at Object.set [as x] (evalmachine.<anonymous>:8129:423) <- at shift (evalmachine.<anonymous>:2013:14) <- at solvePair (evalmachine.<anonymous>:2032:9) <- at resolveVisualContacts (evalmachine.<anonymous>:2059:43) <- at resolveVisualContacts (evalmachine.<anonymous>:3590:9) <- at evalmachine.<anonymous>:5385:68",
      "i": 900
    },
    {
      "id": 58,
      "key": "x",
      "old": 4.976152659773822,
      "next": 4.972172367225234,
      "pileClock": 28.458333333333762,
      "state": "RESOLVING",
      "phase": "SETTLE",
      "d": 0.99393694019496,
      "stack": "at Object.set [as x] (evalmachine.<anonymous>:8129:423) <- at shift (evalmachine.<anonymous>:2013:14) <- at solvePair (evalmachine.<anonymous>:2040:25) <- at resolveVisualContacts (evalmachine.<anonymous>:2059:43) <- at resolveVisualContacts (evalmachine.<anonymous>:3590:9) <- at evalmachine.<anonymous>:5385:68",
      "i": 901
    },
    {
      "id": 58,
      "key": "x",
      "old": 4.972172367225234,
      "next": 4.970236665275119,
      "pileClock": 28.458333333333762,
      "state": "RESOLVING",
      "phase": "SETTLE",
      "d": 0.992969179222497,
      "stack": "at Object.set [as x] (evalmachine.<anonymous>:8129:423) <- at shift (evalmachine.<anonymous>:2013:14) <- at solvePair (evalmachine.<anonymous>:2040:25) <- at resolveVisualContacts (evalmachine.<anonymous>:2059:43) <- at resolveVisualContacts (evalmachine.<anonymous>:3590:9) <- at evalmachine.<anonymous>:5385:68",
      "i": 902
    },
    {
      "id": 58,
      "key": "x",
      "old": 4.970236665275119,
      "next": 4.969297400217884,
      "pileClock": 28.458333333333762,
      "state": "RESOLVING",
      "phase": "SETTLE",
      "d": 0.9924995904292923,
      "stack": "at Object.set [as x] (evalmachine.<anonymous>:8129:423) <- at shift (evalmachine.<anonymous>:2013:14) <- at solvePair (evalmachine.<anonymous>:2040:25) <- at resolveVisualContacts (evalmachine.<anonymous>:2059:43) <- at resolveVisualContacts (evalmachine.<anonymous>:3590:9) <- at evalmachine.<anonymous>:5385:68",
      "i": 903
    },
    {
      "id": 60,
      "key": "x",
      "old": 2.984483163609832,
      "next": 2.9994694261933628,
      "pileClock": 28.458333333333762,
      "state": "RESOLVING",
      "phase": "SETTLE",
      "d": 0.9850071625903027,
      "stack": "at Object.set [as x] (evalmachine.<anonymous>:8129:423) <- at shift (evalmachine.<anonymous>:2013:14) <- at solvePair (evalmachine.<anonymous>:2033:9) <- at resolveVisualContacts (evalmachine.<anonymous>:2059:43) <- at resolveVisualContacts (evalmachine.<anonymous>:3590:9) <- at evalmachine.<anonymous>:5385:68",
      "i": 904
    },
    {
      "id": 60,
      "key": "y",
      "old": 6.026396486082676,
      "next": 6.0265958249730085,
      "pileClock": 28.458333333333762,
      "state": "RESOLVING",
      "phase": "SETTLE",
      "d": 0.98500955214181,
      "stack": "at Object.set [as y] (evalmachine.<anonymous>:8129:423) <- at shift (evalmachine.<anonymous>:2016:18) <- at solvePair (evalmachine.<anonymous>:2033:9) <- at resolveVisualContacts (evalmachine.<anonymous>:2059:43) <- at resolveVisualContacts (evalmachine.<anonymous>:3590:9) <- at evalmachine.<anonymous>:5385:68",
      "i": 905
    },
    {
      "id": 60,
      "key": "x",
      "old": 2.9994694261933628,
      "next": 2.9844804327008574,
      "pileClock": 28.458333333333762,
      "state": "RESOLVING",
      "phase": "SETTLE",
      "d": 0.9925033272660061,
      "stack": "at Object.set [as x] (evalmachine.<anonymous>:8129:423) <- at shift (evalmachine.<anonymous>:2013:14) <- at solvePair (evalmachine.<anonymous>:2032:9) <- at resolveVisualContacts (evalmachine.<anonymous>:2059:43) <- at resolveVisualContacts (evalmachine.<anonymous>:3590:9) <- at evalmachine.<anonymous>:5385:68",
      "i": 906
    },
    {
      "id": 60,
      "key": "y",
      "old": 6.0265958249730085,
      "next": 6.026716380728771,
      "pileClock": 28.458333333333762,
      "state": "RESOLVING",
      "phase": "SETTLE",
      "d": 0.9925047760709049,
      "stack": "at Object.set [as y] (evalmachine.<anonymous>:8129:423) <- at shift (evalmachine.<anonymous>:2016:18) <- at solvePair (evalmachine.<anonymous>:2032:9) <- at resolveVisualContacts (evalmachine.<anonymous>:2059:43) <- at resolveVisualContacts (evalmachine.<anonymous>:3590:9) <- at evalmachine.<anonymous>:5385:68",
      "i": 907
    },
    {
      "id": 58,
      "key": "x",
      "old": 4.969297400217884,
      "next": 4.9842878480760735,
      "pileClock": 28.458333333333762,
      "state": "RESOLVING",
      "phase": "SETTLE",
      "d": 0.9999992782672953,
      "stack": "at Object.set [as x] (evalmachine.<anonymous>:8129:423) <- at shift (evalmachine.<anonymous>:2013:14) <- at solvePair (evalmachine.<anonymous>:2033:9) <- at resolveVisualContacts (evalmachine.<anonymous>:2059:43) <- at resolveVisualContacts (evalmachine.<anonymous>:3590:9) <- at evalmachine.<anonymous>:5385:68",
      "i": 908
    },
    {
      "id": 58,
      "key": "x",
      "old": 4.9842878480760735,
      "next": 4.984289291541483,
      "pileClock": 28.458333333333762,
      "state": "RESOLVING",
      "phase": "SETTLE",
      "d": 0.9999999999310237,
      "stack": "at Object.set [as x] (evalmachine.<anonymous>:8129:423) <- at shift (evalmachine.<anonymous>:2013:14) <- at solvePair (evalmachine.<anonymous>:2040:25) <- at resolveVisualContacts (evalmachine.<anonymous>:2059:43) <- at resolveVisualContacts (evalmachine.<anonymous>:3590:9) <- at evalmachine.<anonymous>:5385:68",
      "i": 909
    },
    {
      "id": 58,
      "key": "x",
      "old": 4.984289291541483,
      "next": 4.976147604706228,
      "pileClock": 28.458333333333762,
      "state": "RESOLVING",
      "phase": "SETTLE",
      "d": 0.99592954715615,
      "stack": "at Object.set [as x] (evalmachine.<anonymous>:8129:423) <- at shift (evalmachine.<anonymous>:2013:14) <- at solvePair (evalmachine.<anonymous>:2032:9) <- at resolveVisualContacts (evalmachine.<anonymous>:2059:43) <- at resolveVisualContacts (evalmachine.<anonymous>:3590:9) <- at evalmachine.<anonymous>:5385:68",
      "i": 910
    },
    {
      "id": 58,
      "key": "x",
      "old": 4.976147604706228,
      "next": 4.9721699051315,
      "pileClock": 28.458333333333762,
      "state": "RESOLVING",
      "phase": "SETTLE",
      "d": 0.9939408893845685,
      "stack": "at Object.set [as x] (evalmachine.<anonymous>:8129:423) <- at shift (evalmachine.<anonymous>:2013:14) <- at solvePair (evalmachine.<anonymous>:2040:25) <- at resolveVisualContacts (evalmachine.<anonymous>:2059:43) <- at resolveVisualContacts (evalmachine.<anonymous>:3590:9) <- at evalmachine.<anonymous>:5385:68",
      "i": 911
    },
    {
      "id": 58,
      "key": "x",
      "old": 4.9721699051315,
      "next": 4.970235469712299,
      "pileClock": 28.458333333333762,
      "state": "RESOLVING",
      "phase": "SETTLE",
      "d": 0.9929737653340918,
      "stack": "at Object.set [as x] (evalmachine.<anonymous>:8129:423) <- at shift (evalmachine.<anonymous>:2013:14) <- at solvePair (evalmachine.<anonymous>:2040:25) <- at resolveVisualContacts (evalmachine.<anonymous>:2059:43) <- at resolveVisualContacts (evalmachine.<anonymous>:3590:9) <- at evalmachine.<anonymous>:5385:68",
      "i": 912
    },
    {
      "id": 58,
      "key": "x",
      "old": 4.970235469712299,
      "next": 4.9692968205179335,
      "pileClock": 28.458333333333762,
      "state": "RESOLVING",
      "phase": "SETTLE",
      "d": 0.992504486249051,
      "stack": "at Object.set [as x] (evalmachine.<anonymous>:8129:423) <- at shift (evalmachine.<anonymous>:2013:14) <- at solvePair (evalmachine.<anonymous>:2040:25) <- at resolveVisualContacts (evalmachine.<anonymous>:2059:43) <- at resolveVisualContacts (evalmachine.<anonymous>:3590:9) <- at evalmachine.<anonymous>:5385:68",
      "i": 913
    },
    {
      "id": 60,
      "key": "x",
      "old": 2.9844804327008574,
      "next": 2.999456492175823,
      "pileClock": 28.458333333333762,
      "state": "RESOLVING",
      "phase": "SETTLE",
      "d": 0.9850171885192787,
      "stack": "at Object.set [as x] (evalmachine.<anonymous>:8129:423) <- at shift (evalmachine.<anonymous>:2013:14) <- at solvePair (evalmachine.<anonymous>:2033:9) <- at resolveVisualContacts (evalmachine.<anonymous>:2059:43) <- at resolveVisualContacts (evalmachine.<anonymous>:3590:9) <- at evalmachine.<anonymous>:5385:68",
      "i": 914
    },
    {
      "id": 60,
      "key": "y",
      "old": 6.026716380728771,
      "next": 6.026917998290807,
      "pileClock": 28.458333333333762,
      "state": "RESOLVING",
      "phase": "SETTLE",
      "d": 0.9850196546443036,
      "stack": "at Object.set [as y] (evalmachine.<anonymous>:8129:423) <- at shift (evalmachine.<anonymous>:2016:18) <- at solvePair (evalmachine.<anonymous>:2033:9) <- at resolveVisualContacts (evalmachine.<anonymous>:2059:43) <- at resolveVisualContacts (evalmachine.<anonymous>:3590:9) <- at evalmachine.<anonymous>:5385:68",
      "i": 915
    },
    {
      "id": 60,
      "key": "x",
      "old": 2.999456492175823,
      "next": 2.984477659888056,
      "pileClock": 28.458333333333762,
      "state": "RESOLVING",
      "phase": "SETTLE",
      "d": 0.9925083200385364,
      "stack": "at Object.set [as x] (evalmachine.<anonymous>:8129:423) <- at shift (evalmachine.<anonymous>:2013:14) <- at solvePair (evalmachine.<anonymous>:2032:9) <- at resolveVisualContacts (evalmachine.<anonymous>:2059:43) <- at resolveVisualContacts (evalmachine.<anonymous>:3590:9) <- at evalmachine.<anonymous>:5385:68",
      "i": 916
    },
    {
      "id": 60,
      "key": "y",
      "old": 6.026917998290807,
      "next": 6.027040921398035,
      "pileClock": 28.458333333333762,
      "state": "RESOLVING",
      "phase": "SETTLE",
      "d": 0.9925098273221518,
      "stack": "at Object.set [as y] (evalmachine.<anonymous>:8129:423) <- at shift (evalmachine.<anonymous>:2016:18) <- at solvePair (evalmachine.<anonymous>:2032:9) <- at resolveVisualContacts (evalmachine.<anonymous>:2059:43) <- at resolveVisualContacts (evalmachine.<anonymous>:3590:9) <- at evalmachine.<anonymous>:5385:68",
      "i": 917
    },
    {
      "id": 58,
      "key": "x",
      "old": 4.9692968205179335,
      "next": 4.98427716587363,
      "pileClock": 28.458333333333762,
      "state": "RESOLVING",
      "phase": "SETTLE",
      "d": 0.9999992491323235,
      "stack": "at Object.set [as x] (evalmachine.<anonymous>:8129:423) <- at shift (evalmachine.<anonymous>:2013:14) <- at solvePair (evalmachine.<anonymous>:2033:9) <- at resolveVisualContacts (evalmachine.<anonymous>:2059:43) <- at resolveVisualContacts (evalmachine.<anonymous>:3590:9) <- at evalmachine.<anonymous>:5385:68",
      "i": 918
    },
    {
      "id": 58,
      "key": "x",
      "old": 4.98427716587363,
      "next": 4.984278667608983,
      "pileClock": 28.458333333333762,
      "state": "RESOLVING",
      "phase": "SETTLE",
      "d": 0.9999999999252916,
      "stack": "at Object.set [as x] (evalmachine.<anonymous>:8129:423) <- at shift (evalmachine.<anonymous>:2013:14) <- at solvePair (evalmachine.<anonymous>:2040:25) <- at resolveVisualContacts (evalmachine.<anonymous>:2059:43) <- at resolveVisualContacts (evalmachine.<anonymous>:3590:9) <- at evalmachine.<anonymous>:5385:68",
      "i": 919
    },
    {
      "id": 58,
      "key": "x",
      "old": 4.984278667608983,
      "next": 4.9761423982693875,
      "pileClock": 28.458333333333762,
      "state": "RESOLVING",
      "phase": "SETTLE",
      "d": 0.9959322716721599,
      "stack": "at Object.set [as x] (evalmachine.<anonymous>:8129:423) <- at shift (evalmachine.<anonymous>:2013:14) <- at solvePair (evalmachine.<anonymous>:2032:9) <- at resolveVisualContacts (evalmachine.<anonymous>:2059:43) <- at resolveVisualContacts (evalmachine.<anonymous>:3590:9) <- at evalmachine.<anonymous>:5385:68",
      "i": 920
    },
    {
      "id": 58,
      "key": "x",
      "old": 4.9761423982693875,
      "next": 4.972167369322546,
      "pileClock": 28.458333333333762,
      "state": "RESOLVING",
      "phase": "SETTLE",
      "d": 0.9939449569659861,
      "stack": "at Object.set [as x] (evalmachine.<anonymous>:8129:423) <- at shift (evalmachine.<anonymous>:2013:14) <- at solvePair (evalmachine.<anonymous>:2040:25) <- at resolveVisualContacts (evalmachine.<anonymous>:2059:43) <- at resolveVisualContacts (evalmachine.<anonymous>:3590:9) <- at evalmachine.<anonymous>:5385:68",
      "i": 921
    },
    {
      "id": 58,
      "key": "x",
      "old": 4.972167369322546,
      "next": 4.970234238356597,
      "pileClock": 28.458333333333762,
      "state": "RESOLVING",
      "phase": "SETTLE",
      "d": 0.9929784889225678,
      "stack": "at Object.set [as x] (evalmachine.<anonymous>:8129:423) <- at shift (evalmachine.<anonymous>:2013:14) <- at solvePair (evalmachine.<anonymous>:2040:25) <- at resolveVisualContacts (evalmachine.<anonymous>:2059:43) <- at resolveVisualContacts (evalmachine.<anonymous>:3590:9) <- at evalmachine.<anonymous>:5385:68",
      "i": 922
    },
    {
      "id": 58,
      "key": "x",
      "old": 4.970234238356597,
      "next": 4.969296223463417,
      "pileClock": 28.458333333333762,
      "state": "RESOLVING",
      "phase": "SETTLE",
      "d": 0.9925095288250456,
      "stack": "at Object.set [as x] (evalmachine.<anonymous>:8129:423) <- at shift (evalmachine.<anonymous>:2013:14) <- at solvePair (evalmachine.<anonymous>:2040:25) <- at resolveVisualContacts (evalmachine.<anonymous>:2059:43) <- at resolveVisualContacts (evalmachine.<anonymous>:3590:9) <- at evalmachine.<anonymous>:5385:68",
      "i": 923
    },
    {
      "id": 60,
      "key": "x",
      "old": 2.984477659888056,
      "next": 2.999443211302663,
      "pileClock": 28.458333333333762,
      "state": "RESOLVING",
      "phase": "SETTLE",
      "d": 0.9850275146461,
      "stack": "at Object.set [as x] (evalmachine.<anonymous>:8129:423) <- at shift (evalmachine.<anonymous>:2013:14) <- at solvePair (evalmachine.<anonymous>:2033:9) <- at resolveVisualContacts (evalmachine.<anonymous>:2059:43) <- at resolveVisualContacts (evalmachine.<anonymous>:3590:9) <- at evalmachine.<anonymous>:5385:68",
      "i": 924
    },
    {
      "id": 60,
      "key": "y",
      "old": 6.027040921398035,
      "next": 6.027244845235355,
      "pileClock": 28.458333333333762,
      "state": "RESOLVING",
      "phase": "SETTLE",
      "d": 0.9850300595241755,
      "stack": "at Object.set [as y] (evalmachine.<anonymous>:8129:423) <- at shift (evalmachine.<anonymous>:2016:18) <- at solvePair (evalmachine.<anonymous>:2033:9) <- at resolveVisualContacts (evalmachine.<anonymous>:2059:43) <- at resolveVisualContacts (evalmachine.<anonymous>:3590:9) <- at evalmachine.<anonymous>:5385:68",
      "i": 925
    },
    {
      "id": 60,
      "key": "x",
      "old": 2.999443211302663,
      "next": 2.984474844574639,
      "pileClock": 28.458333333333762,
      "state": "RESOLVING",
      "phase": "SETTLE",
      "d": 0.9925134620296034,
      "stack": "at Object.set [as x] (evalmachine.<anonymous>:8129:423) <- at shift (evalmachine.<anonymous>:2013:14) <- at solvePair (evalmachine.<anonymous>:2032:9) <- at resolveVisualContacts (evalmachine.<anonymous>:2059:43) <- at resolveVisualContacts (evalmachine.<anonymous>:3590:9) <- at evalmachine.<anonymous>:5385:68",
      "i": 926
    },
    {
      "id": 60,
      "key": "y",
      "old": 6.027244845235355,
      "next": 6.027370165285782,
      "pileClock": 28.458333333333762,
      "state": "RESOLVING",
      "phase": "SETTLE",
      "d": 0.9925150297620877,
      "stack": "at Object.set [as y] (evalmachine.<anonymous>:8129:423) <- at shift (evalmachine.<anonymous>:2016:18) <- at solvePair (evalmachine.<anonymous>:2032:9) <- at resolveVisualContacts (evalmachine.<anonymous>:2059:43) <- at resolveVisualContacts (evalmachine.<anonymous>:3590:9) <- at evalmachine.<anonymous>:5385:68",
      "i": 927
    },
    {
      "id": 58,
      "key": "x",
      "old": 4.969296223463417,
      "next": 4.984266163939241,
      "pileClock": 28.458333333333762,
      "state": "RESOLVING",
      "phase": "SETTLE",
      "d": 0.9999992190155221,
      "stack": "at Object.set [as x] (evalmachine.<anonymous>:8129:423) <- at shift (evalmachine.<anonymous>:2013:14) <- at solvePair (evalmachine.<anonymous>:2033:9) <- at resolveVisualContacts (evalmachine.<anonymous>:2059:43) <- at resolveVisualContacts (evalmachine.<anonymous>:3590:9) <- at evalmachine.<anonymous>:5385:68",
      "i": 928
    },
    {
      "id": 58,
      "key": "x",
      "old": 4.984266163939241,
      "next": 4.984267725908197,
      "pileClock": 28.458333333333762,
      "state": "RESOLVING",
      "phase": "SETTLE",
      "d": 0.9999999999191219,
      "stack": "at Object.set [as x] (evalmachine.<anonymous>:8129:423) <- at shift (evalmachine.<anonymous>:2013:14) <- at solvePair (evalmachine.<anonymous>:2040:25) <- at resolveVisualContacts (evalmachine.<anonymous>:2059:43) <- at resolveVisualContacts (evalmachine.<anonymous>:3590:9) <- at evalmachine.<anonymous>:5385:68",
      "i": 929
    },
    {
      "id": 58,
      "key": "x",
      "old": 4.984267725908197,
      "next": 4.976137036148682,
      "pileClock": 28.458333333333762,
      "state": "RESOLVING",
      "phase": "SETTLE",
      "d": 0.9959350777618642,
      "stack": "at Object.set [as x] (evalmachine.<anonymous>:8129:423) <- at shift (evalmachine.<anonymous>:2013:14) <- at solvePair (evalmachine.<anonymous>:2032:9) <- at resolveVisualContacts (evalmachine.<anonymous>:2059:43) <- at resolveVisualContacts (evalmachine.<anonymous>:3590:9) <- at evalmachine.<anonymous>:5385:68",
      "i": 930
    },
    {
      "id": 58,
      "key": "x",
      "old": 4.976137036148682,
      "next": 4.9721647576978105,
      "pileClock": 28.458333333333762,
      "state": "RESOLVING",
      "phase": "SETTLE",
      "d": 0.9939491463163751,
      "stack": "at Object.set [as x] (evalmachine.<anonymous>:8129:423) <- at shift (evalmachine.<anonymous>:2013:14) <- at solvePair (evalmachine.<anonymous>:2040:25) <- at resolveVisualContacts (evalmachine.<anonymous>:2059:43) <- at resolveVisualContacts (evalmachine.<anonymous>:3590:9) <- at evalmachine.<anonymous>:5385:68",
      "i": 931
    },
    {
      "id": 58,
      "key": "x",
      "old": 4.9721647576978105,
      "next": 4.970232970188215,
      "pileClock": 28.458333333333762,
      "state": "RESOLVING",
      "phase": "SETTLE",
      "d": 0.9929833539089347,
      "stack": "at Object.set [as x] (evalmachine.<anonymous>:8129:423) <- at shift (evalmachine.<anonymous>:2013:14) <- at solvePair (evalmachine.<anonymous>:2040:25) <- at resolveVisualContacts (evalmachine.<anonymous>:2059:43) <- at resolveVisualContacts (evalmachine.<anonymous>:3590:9) <- at evalmachine.<anonymous>:5385:68",
      "i": 932
    },
    {
      "id": 58,
      "key": "x",
      "old": 4.970232970188215,
      "next": 4.969295608559906,
      "pileClock": 28.458333333333762,
      "state": "RESOLVING",
      "phase": "SETTLE",
      "d": 0.9925147223426539,
      "stack": "at Object.set [as x] (evalmachine.<anonymous>:8129:423) <- at shift (evalmachine.<anonymous>:2013:14) <- at solvePair (evalmachine.<anonymous>:2040:25) <- at resolveVisualContacts (evalmachine.<anonymous>:2059:43) <- at resolveVisualContacts (evalmachine.<anonymous>:3590:9) <- at evalmachine.<anonymous>:5385:68",
      "i": 933
    },
    {
      "id": 60,
      "key": "x",
      "old": 2.984474844574639,
      "next": 2.9994295743207866,
      "pileClock": 28.458333333333762,
      "state": "RESOLVING",
      "phase": "SETTLE",
      "d": 0.9850381495111699,
      "stack": "at Object.set [as x] (evalmachine.<anonymous>:8129:423) <- at shift (evalmachine.<anonymous>:2013:14) <- at solvePair (evalmachine.<anonymous>:2033:9) <- at resolveVisualContacts (evalmachine.<anonymous>:2059:43) <- at resolveVisualContacts (evalmachine.<anonymous>:3590:9) <- at evalmachine.<anonymous>:5385:68",
      "i": 934
    },
    {
      "id": 60,
      "key": "y",
      "old": 6.027370165285782,
      "next": 6.027576423090498,
      "pileClock": 28.458333333333762,
      "state": "RESOLVING",
      "phase": "SETTLE",
      "d": 0.985040775376864,
      "stack": "at Object.set [as y] (evalmachine.<anonymous>:8129:423) <- at shift (evalmachine.<anonymous>:2016:18) <- at solvePair (evalmachine.<anonymous>:2033:9) <- at resolveVisualContacts (evalmachine.<anonymous>:2059:43) <- at resolveVisualContacts (evalmachine.<anonymous>:3590:9) <- at evalmachine.<anonymous>:5385:68",
      "i": 935
    },
    {
      "id": 60,
      "key": "x",
      "old": 2.9994295743207866,
      "next": 2.9844719861578017,
      "pileClock": 28.458333333333762,
      "state": "RESOLVING",
      "phase": "SETTLE",
      "d": 0.9925187574822791,
      "stack": "at Object.set [as x] (evalmachine.<anonymous>:8129:423) <- at shift (evalmachine.<anonymous>:2013:14) <- at solvePair (evalmachine.<anonymous>:2032:9) <- at resolveVisualContacts (evalmachine.<anonymous>:2059:43) <- at resolveVisualContacts (evalmachine.<anonymous>:3590:9) <- at evalmachine.<anonymous>:5385:68",
      "i": 936
    },
    {
      "id": 60,
      "key": "y",
      "old": 6.027576423090498,
      "next": 6.027704169808615,
      "pileClock": 28.458333333333762,
      "state": "RESOLVING",
      "phase": "SETTLE",
      "d": 0.9925203876884319,
      "stack": "at Object.set [as y] (evalmachine.<anonymous>:8129:423) <- at shift (evalmachine.<anonymous>:2016:18) <- at solvePair (evalmachine.<anonymous>:2032:9) <- at resolveVisualContacts (evalmachine.<anonymous>:2059:43) <- at resolveVisualContacts (evalmachine.<anonymous>:3590:9) <- at evalmachine.<anonymous>:5385:68",
      "i": 937
    },
    {
      "id": 58,
      "key": "x",
      "old": 4.969295608559906,
      "next": 4.9842548331830425,
      "pileClock": 28.458333333333762,
      "state": "RESOLVING",
      "phase": "SETTLE",
      "d": 0.9999991878896386,
      "stack": "at Object.set [as x] (evalmachine.<anonymous>:8129:423) <- at shift (evalmachine.<anonymous>:2013:14) <- at solvePair (evalmachine.<anonymous>:2033:9) <- at resolveVisualContacts (evalmachine.<anonymous>:2059:43) <- at resolveVisualContacts (evalmachine.<anonymous>:3590:9) <- at evalmachine.<anonymous>:5385:68",
      "i": 938
    },
    {
      "id": 58,
      "key": "x",
      "old": 4.9842548331830425,
      "next": 4.984256457403765,
      "pileClock": 28.458333333333762,
      "state": "RESOLVING",
      "phase": "SETTLE",
      "d": 0.9999999999124832,
      "stack": "at Object.set [as x] (evalmachine.<anonymous>:8129:423) <- at shift (evalmachine.<anonymous>:2013:14) <- at solvePair (evalmachine.<anonymous>:2040:25) <- at resolveVisualContacts (evalmachine.<anonymous>:2059:43) <- at resolveVisualContacts (evalmachine.<anonymous>:3590:9) <- at evalmachine.<anonymous>:5385:68",
      "i": 939
    },
    {
      "id": 58,
      "key": "x",
      "old": 4.984256457403765,
      "next": 4.97613151392015,
      "pileClock": 28.458333333333762,
      "state": "RESOLVING",
      "phase": "SETTLE",
      "d": 0.9959379677457211,
      "stack": "at Object.set [as x] (evalmachine.<anonymous>:8129:423) <- at shift (evalmachine.<anonymous>:2013:14) <- at solvePair (evalmachine.<anonymous>:2032:9) <- at resolveVisualContacts (evalmachine.<anonymous>:2059:43) <- at resolveVisualContacts (evalmachine.<anonymous>:3590:9) <- at evalmachine.<anonymous>:5385:68",
      "i": 940
    },
    {
      "id": 58,
      "key": "x",
      "old": 4.97613151392015,
      "next": 4.972162068103538,
      "pileClock": 28.458333333333762,
      "state": "RESOLVING",
      "phase": "SETTLE",
      "d": 0.9939534608985495,
      "stack": "at Object.set [as x] (evalmachine.<anonymous>:8129:423) <- at shift (evalmachine.<anonymous>:2013:14) <- at solvePair (evalmachine.<anonymous>:2040:25) <- at resolveVisualContacts (evalmachine.<anonymous>:2059:43) <- at resolveVisualContacts (evalmachine.<anonymous>:3590:9) <- at evalmachine.<anonymous>:5385:68",
      "i": 941
    },
    {
      "id": 58,
      "key": "x",
      "old": 4.972162068103538,
      "next": 4.970231664161542,
      "pileClock": 28.458333333333762,
      "state": "RESOLVING",
      "phase": "SETTLE",
      "d": 0.9929883643136115,
      "stack": "at Object.set [as x] (evalmachine.<anonymous>:8129:423) <- at shift (evalmachine.<anonymous>:2013:14) <- at solvePair (evalmachine.<anonymous>:2040:25) <- at resolveVisualContacts (evalmachine.<anonymous>:2059:43) <- at resolveVisualContacts (evalmachine.<anonymous>:3590:9) <- at evalmachine.<anonymous>:5385:68",
      "i": 942
    },
    {
      "id": 58,
      "key": "x",
      "old": 4.970231664161542,
      "next": 4.969294975300463,
      "pileClock": 28.458333333333762,
      "state": "RESOLVING",
      "phase": "SETTLE",
      "d": 0.9925200710933482,
      "stack": "at Object.set [as x] (evalmachine.<anonymous>:8129:423) <- at shift (evalmachine.<anonymous>:2013:14) <- at solvePair (evalmachine.<anonymous>:2040:25) <- at resolveVisualContacts (evalmachine.<anonymous>:2059:43) <- at resolveVisualContacts (evalmachine.<anonymous>:3590:9) <- at evalmachine.<anonymous>:5385:68",
      "i": 943
    },
    {
      "id": 60,
      "key": "x",
      "old": 2.9844719861578017,
      "next": 2.999415571753991,
      "pileClock": 28.458333333333762,
      "state": "RESOLVING",
      "phase": "SETTLE",
      "d": 0.9850491018700507,
      "stack": "at Object.set [as x] (evalmachine.<anonymous>:8129:423) <- at shift (evalmachine.<anonymous>:2013:14) <- at solvePair (evalmachine.<anonymous>:2033:9) <- at resolveVisualContacts (evalmachine.<anonymous>:2059:43) <- at resolveVisualContacts (evalmachine.<anonymous>:3590:9) <- at evalmachine.<anonymous>:5385:68",
      "i": 944
    },
    {
      "id": 60,
      "key": "y",
      "old": 6.027704169808615,
      "next": 6.027912789348621,
      "pileClock": 28.458333333333762,
      "state": "RESOLVING",
      "phase": "SETTLE",
      "d": 0.9850518110139158,
      "stack": "at Object.set [as y] (evalmachine.<anonymous>:8129:423) <- at shift (evalmachine.<anonymous>:2016:18) <- at solvePair (evalmachine.<anonymous>:2033:9) <- at resolveVisualContacts (evalmachine.<anonymous>:2059:43) <- at resolveVisualContacts (evalmachine.<anonymous>:3590:9) <- at evalmachine.<anonymous>:5385:68",
      "i": 945
    },
    {
      "id": 60,
      "key": "x",
      "old": 2.999415571753991,
      "next": 2.984469084028793,
      "pileClock": 28.458333333333762,
      "state": "RESOLVING",
      "phase": "SETTLE",
      "d": 0.992524210746639,
      "stack": "at Object.set [as x] (evalmachine.<anonymous>:8129:423) <- at shift (evalmachine.<anonymous>:2013:14) <- at solvePair (evalmachine.<anonymous>:2032:9) <- at resolveVisualContacts (evalmachine.<anonymous>:2059:43) <- at resolveVisualContacts (evalmachine.<anonymous>:3590:9) <- at evalmachine.<anonymous>:5385:68",
      "i": 946
    },
    {
      "id": 60,
      "key": "y",
      "old": 6.027912789348621,
      "next": 6.028042992579749,
      "pileClock": 28.458333333333762,
      "state": "RESOLVING",
      "phase": "SETTLE",
      "d": 0.9925259055069579,
      "stack": "at Object.set [as y] (evalmachine.<anonymous>:8129:423) <- at shift (evalmachine.<anonymous>:2016:18) <- at solvePair (evalmachine.<anonymous>:2032:9) <- at resolveVisualContacts (evalmachine.<anonymous>:2059:43) <- at resolveVisualContacts (evalmachine.<anonymous>:3590:9) <- at evalmachine.<anonymous>:5385:68",
      "i": 947
    },
    {
      "id": 58,
      "key": "x",
      "old": 4.969294975300463,
      "next": 4.984243164286547,
      "pileClock": 28.458333333333762,
      "state": "RESOLVING",
      "phase": "SETTLE",
      "d": 0.9999991557268926,
      "stack": "at Object.set [as x] (evalmachine.<anonymous>:8129:423) <- at shift (evalmachine.<anonymous>:2013:14) <- at solvePair (evalmachine.<anonymous>:2033:9) <- at resolveVisualContacts (evalmachine.<anonymous>:2059:43) <- at resolveVisualContacts (evalmachine.<anonymous>:3590:9) <- at evalmachine.<anonymous>:5385:68",
      "i": 948
    },
    {
      "id": 58,
      "key": "x",
      "old": 4.984243164286547,
      "next": 4.984244852832762,
      "pileClock": 28.458333333333762,
      "state": "RESOLVING",
      "phase": "SETTLE",
      "d": 0.9999999999053438,
      "stack": "at Object.set [as x] (evalmachine.<anonymous>:8129:423) <- at shift (evalmachine.<anonymous>:2013:14) <- at solvePair (evalmachine.<anonymous>:2040:25) <- at resolveVisualContacts (evalmachine.<anonymous>:2059:43) <- at resolveVisualContacts (evalmachine.<anonymous>:3590:9) <- at evalmachine.<anonymous>:5385:68",
      "i": 949
    },
    {
      "id": 58,
      "key": "x",
      "old": 4.984244852832762,
      "next": 4.976125827048576,
      "pileClock": 28.458333333333762,
      "state": "RESOLVING",
      "phase": "SETTLE",
      "d": 0.995940944002632,
      "stack": "at Object.set [as x] (evalmachine.<anonymous>:8129:423) <- at shift (evalmachine.<anonymous>:2013:14) <- at solvePair (evalmachine.<anonymous>:2032:9) <- at resolveVisualContacts (evalmachine.<anonymous>:2059:43) <- at resolveVisualContacts (evalmachine.<anonymous>:3590:9) <- at evalmachine.<anonymous>:5385:68",
      "i": 950
    },
    {
      "id": 58,
      "key": "x",
      "old": 4.976125827048576,
      "next": 4.972159298331851,
      "pileClock": 28.458333333333762,
      "state": "RESOLVING",
      "phase": "SETTLE",
      "d": 0.9939579042624721,
      "stack": "at Object.set [as x] (evalmachine.<anonymous>:8129:423) <- at shift (evalmachine.<anonymous>:2013:14) <- at solvePair (evalmachine.<anonymous>:2040:25) <- at resolveVisualContacts (evalmachine.<anonymous>:2059:43) <- at resolveVisualContacts (evalmachine.<anonymous>:3590:9) <- at evalmachine.<anonymous>:5385:68",
      "i": 951
    },
    {
      "id": 58,
      "key": "x",
      "old": 4.972159298331851,
      "next": 4.970230319204701,
      "pileClock": 28.458333333333762,
      "state": "RESOLVING",
      "phase": "SETTLE",
      "d": 0.9929935242581636,
      "stack": "at Object.set [as x] (evalmachine.<anonymous>:8129:423) <- at shift (evalmachine.<anonymous>:2013:14) <- at solvePair (evalmachine.<anonymous>:2040:25) <- at resolveVisualContacts (evalmachine.<anonymous>:2059:43) <- at resolveVisualContacts (evalmachine.<anonymous>:3590:9) <- at evalmachine.<anonymous>:5385:68",
      "i": 952
    },
    {
      "id": 58,
      "key": "x",
      "old": 4.970230319204701,
      "next": 4.969294323165418,
      "pileClock": 28.458333333333762,
      "state": "RESOLVING",
      "phase": "SETTLE",
      "d": 0.992525579476545,
      "stack": "at Object.set [as x] (evalmachine.<anonymous>:8129:423) <- at shift (evalmachine.<anonymous>:2013:14) <- at solvePair (evalmachine.<anonymous>:2040:25) <- at resolveVisualContacts (evalmachine.<anonymous>:2059:43) <- at resolveVisualContacts (evalmachine.<anonymous>:3590:9) <- at evalmachine.<anonymous>:5385:68",
      "i": 953
    },
    {
      "id": 60,
      "key": "x",
      "old": 2.984469084028793,
      "next": 2.999401193899391,
      "pileClock": 28.458333333333762,
      "state": "RESOLVING",
      "phase": "SETTLE",
      "d": 0.9850603806971359,
      "stack": "at Object.set [as x] (evalmachine.<anonymous>:8129:423) <- at shift (evalmachine.<anonymous>:2013:14) <- at solvePair (evalmachine.<anonymous>:2033:9) <- at resolveVisualContacts (evalmachine.<anonymous>:2059:43) <- at resolveVisualContacts (evalmachine.<anonymous>:3590:9) <- at evalmachine.<anonymous>:5385:68",
      "i": 954
    },
    {
      "id": 60,
      "key": "y",
      "old": 6.028042992579749,
      "next": 6.0282540016852435,
      "pileClock": 28.458333333333762,
      "state": "RESOLVING",
      "phase": "SETTLE",
      "d": 0.9850631754666419,
      "stack": "at Object.set [as y] (evalmachine.<anonymous>:8129:423) <- at shift (evalmachine.<anonymous>:2016:18) <- at solvePair (evalmachine.<anonymous>:2033:9) <- at resolveVisualContacts (evalmachine.<anonymous>:2059:43) <- at resolveVisualContacts (evalmachine.<anonymous>:3590:9) <- at evalmachine.<anonymous>:5385:68",
      "i": 955
    },
    {
      "id": 60,
      "key": "x",
      "old": 2.999401193899391,
      "next": 2.9844661375729906,
      "pileClock": 28.458333333333762,
      "state": "RESOLVING",
      "phase": "SETTLE",
      "d": 0.9925298262815989,
      "stack": "at Object.set [as x] (evalmachine.<anonymous>:8129:423) <- at shift (evalmachine.<anonymous>:2013:14) <- at solvePair (evalmachine.<anonymous>:2032:9) <- at resolveVisualContacts (evalmachine.<anonymous>:2059:43) <- at resolveVisualContacts (evalmachine.<anonymous>:3590:9) <- at evalmachine.<anonymous>:5385:68",
      "i": 956
    },
    {
      "id": 60,
      "key": "y",
      "old": 6.0282540016852435,
      "next": 6.028386691382877,
      "pileClock": 28.458333333333762,
      "state": "RESOLVING",
      "phase": "SETTLE",
      "d": 0.992531587733321,
      "stack": "at Object.set [as y] (evalmachine.<anonymous>:8129:423) <- at shift (evalmachine.<anonymous>:2016:18) <- at solvePair (evalmachine.<anonymous>:2032:9) <- at resolveVisualContacts (evalmachine.<anonymous>:2059:43) <- at resolveVisualContacts (evalmachine.<anonymous>:3590:9) <- at evalmachine.<anonymous>:5385:68",
      "i": 957
    },
    {
      "id": 58,
      "key": "x",
      "old": 4.969294323165418,
      "next": 4.984231147698775,
      "pileClock": 28.458333333333762,
      "state": "RESOLVING",
      "phase": "SETTLE",
      "d": 0.9999991224989854,
      "stack": "at Object.set [as x] (evalmachine.<anonymous>:8129:423) <- at shift (evalmachine.<anonymous>:2013:14) <- at solvePair (evalmachine.<anonymous>:2033:9) <- at resolveVisualContacts (evalmachine.<anonymous>:2059:43) <- at resolveVisualContacts (evalmachine.<anonymous>:3590:9) <- at evalmachine.<anonymous>:5385:68",
      "i": 958
    },
    {
      "id": 58,
      "key": "x",
      "old": 4.984231147698775,
      "next": 4.984232902700804,
      "pileClock": 28.458333333333762,
      "state": "RESOLVING",
      "phase": "SETTLE",
      "d": 0.9999999998976679,
      "stack": "at Object.set [as x] (evalmachine.<anonymous>:8129:423) <- at shift (evalmachine.<anonymous>:2013:14) <- at solvePair (evalmachine.<anonymous>:2040:25) <- at resolveVisualContacts (evalmachine.<anonymous>:2059:43) <- at resolveVisualContacts (evalmachine.<anonymous>:3590:9) <- at evalmachine.<anonymous>:5385:68",
      "i": 959
    },
    {
      "id": 58,
      "key": "x",
      "old": 4.984232902700804,
      "next": 4.976119970885604,
      "pileClock": 28.458333333333762,
      "state": "RESOLVING",
      "phase": "SETTLE",
      "d": 0.9959440089709372,
      "stack": "at Object.set [as x] (evalmachine.<anonymous>:8129:423) <- at shift (evalmachine.<anonymous>:2013:14) <- at solvePair (evalmachine.<anonymous>:2032:9) <- at resolveVisualContacts (evalmachine.<anonymous>:2059:43) <- at resolveVisualContacts (evalmachine.<anonymous>:3590:9) <- at evalmachine.<anonymous>:5385:68",
      "i": 960
    },
    {
      "id": 58,
      "key": "x",
      "old": 4.976119970885604,
      "next": 4.972156446119836,
      "pileClock": 28.458333333333762,
      "state": "RESOLVING",
      "phase": "SETTLE",
      "d": 0.9939624800467366,
      "stack": "at Object.set [as x] (evalmachine.<anonymous>:8129:423) <- at shift (evalmachine.<anonymous>:2013:14) <- at solvePair (evalmachine.<anonymous>:2040:25) <- at resolveVisualContacts (evalmachine.<anonymous>:2059:43) <- at resolveVisualContacts (evalmachine.<anonymous>:3590:9) <- at evalmachine.<anonymous>:5385:68",
      "i": 961
    },
    {
      "id": 58,
      "key": "x",
      "old": 4.972156446119836,
      "next": 4.970228934219106,
      "pileClock": 28.458333333333762,
      "state": "RESOLVING",
      "phase": "SETTLE",
      "d": 0.992998837967017,
      "stack": "at Object.set [as x] (evalmachine.<anonymous>:8129:423) <- at shift (evalmachine.<anonymous>:2013:14) <- at solvePair (evalmachine.<anonymous>:2040:25) <- at resolveVisualContacts (evalmachine.<anonymous>:2059:43) <- at resolveVisualContacts (evalmachine.<anonymous>:3590:9) <- at evalmachine.<anonymous>:5385:68",
      "i": 962
    },
    {
      "id": 58,
      "key": "x",
      "old": 4.970228934219106,
      "next": 4.969293651622152,
      "pileClock": 28.458333333333762,
      "state": "RESOLVING",
      "phase": "SETTLE",
      "d": 0.9925312520014367,
      "stack": "at Object.set [as x] (evalmachine.<anonymous>:8129:423) <- at shift (evalmachine.<anonymous>:2013:14) <- at solvePair (evalmachine.<anonymous>:2040:25) <- at resolveVisualContacts (evalmachine.<anonymous>:2059:43) <- at resolveVisualContacts (evalmachine.<anonymous>:3590:9) <- at evalmachine.<anonymous>:5385:68",
      "i": 963
    },
    {
      "id": 60,
      "key": "x",
      "old": 2.9844661375729906,
      "next": 2.9993864308239178,
      "pileClock": 28.458333333333762,
      "state": "RESOLVING",
      "phase": "SETTLE",
      "d": 0.9850719951892611,
      "stack": "at Object.set [as x] (evalmachine.<anonymous>:8129:423) <- at shift (evalmachine.<anonymous>:2013:14) <- at solvePair (evalmachine.<anonymous>:2033:9) <- at resolveVisualContacts (evalmachine.<anonymous>:2059:43) <- at resolveVisualContacts (evalmachine.<anonymous>:3590:9) <- at evalmachine.<anonymous>:5385:68",
      "i": 964
    },
    {
      "id": 60,
      "key": "y",
      "old": 6.028386691382877,
      "next": 6.0286001179321325,
      "pileClock": 28.458333333333762,
      "state": "RESOLVING",
      "phase": "SETTLE",
      "d": 0.985074877989716,
      "stack": "at Object.set [as y] (evalmachine.<anonymous>:8129:423) <- at shift (evalmachine.<anonymous>:2016:18) <- at solvePair (evalmachine.<anonymous>:2033:9) <- at resolveVisualContacts (evalmachine.<anonymous>:2059:43) <- at resolveVisualContacts (evalmachine.<anonymous>:3590:9) <- at evalmachine.<anonymous>:5385:68",
      "i": 965
    },
    {
      "id": 60,
      "key": "x",
      "old": 2.9993864308239178,
      "next": 2.984463146169987,
      "pileClock": 28.458333333333762,
      "state": "RESOLVING",
      "phase": "SETTLE",
      "d": 0.9925356086567233,
      "stack": "at Object.set [as x] (evalmachine.<anonymous>:8129:423) <- at shift (evalmachine.<anonymous>:2013:14) <- at solvePair (evalmachine.<anonymous>:2032:9) <- at resolveVisualContacts (evalmachine.<anonymous>:2059:43) <- at resolveVisualContacts (evalmachine.<anonymous>:3590:9) <- at evalmachine.<anonymous>:5385:68",
      "i": 966
    },
    {
      "id": 60,
      "key": "y",
      "old": 6.0286001179321325,
      "next": 6.028735324144541,
      "pileClock": 28.458333333333762,
      "state": "RESOLVING",
      "phase": "SETTLE",
      "d": 0.992537438994858,
      "stack": "at Object.set [as y] (evalmachine.<anonymous>:8129:423) <- at shift (evalmachine.<anonymous>:2016:18) <- at solvePair (evalmachine.<anonymous>:2032:9) <- at resolveVisualContacts (evalmachine.<anonymous>:2059:43) <- at resolveVisualContacts (evalmachine.<anonymous>:3590:9) <- at evalmachine.<anonymous>:5385:68",
      "i": 967
    },
    {
      "id": 58,
      "key": "x",
      "old": 4.969293651622152,
      "next": 4.984218773632437,
      "pileClock": 28.458333333333762,
      "state": "RESOLVING",
      "phase": "SETTLE",
      "d": 0.9999990881770997,
      "stack": "at Object.set [as x] (evalmachine.<anonymous>:8129:423) <- at shift (evalmachine.<anonymous>:2013:14) <- at solvePair (evalmachine.<anonymous>:2033:9) <- at resolveVisualContacts (evalmachine.<anonymous>:2059:43) <- at resolveVisualContacts (evalmachine.<anonymous>:3590:9) <- at evalmachine.<anonymous>:5385:68",
      "i": 968
    },
    {
      "id": 58,
      "key": "x",
      "old": 4.984218773632437,
      "next": 4.984220597278237,
      "pileClock": 28.458333333333762,
      "state": "RESOLVING",
      "phase": "SETTLE",
      "d": 0.9999999998894192,
      "stack": "at Object.set [as x] (evalmachine.<anonymous>:8129:423) <- at shift (evalmachine.<anonymous>:2013:14) <- at solvePair (evalmachine.<anonymous>:2040:25) <- at resolveVisualContacts (evalmachine.<anonymous>:2059:43) <- at resolveVisualContacts (evalmachine.<anonymous>:3590:9) <- at evalmachine.<anonymous>:5385:68",
      "i": 969
    },
    {
      "id": 58,
      "key": "x",
      "old": 4.984220597278237,
      "next": 4.976113940667883,
      "pileClock": 28.458333333333762,
      "state": "RESOLVING",
      "phase": "SETTLE",
      "d": 0.9959471651493979,
      "stack": "at Object.set [as x] (evalmachine.<anonymous>:8129:423) <- at shift (evalmachine.<anonymous>:2013:14) <- at solvePair (evalmachine.<anonymous>:2032:9) <- at resolveVisualContacts (evalmachine.<anonymous>:2059:43) <- at resolveVisualContacts (evalmachine.<anonymous>:3590:9) <- at evalmachine.<anonymous>:5385:68",
      "i": 970
    },
    {
      "id": 58,
      "key": "x",
      "old": 4.976113940667883,
      "next": 4.972153509148641,
      "pileClock": 28.458333333333762,
      "state": "RESOLVING",
      "phase": "SETTLE",
      "d": 0.9939671919800224,
      "stack": "at Object.set [as x] (evalmachine.<anonymous>:8129:423) <- at shift (evalmachine.<anonymous>:2013:14) <- at solvePair (evalmachine.<anonymous>:2040:25) <- at resolveVisualContacts (evalmachine.<anonymous>:2059:43) <- at resolveVisualContacts (evalmachine.<anonymous>:3590:9) <- at evalmachine.<anonymous>:5385:68",
      "i": 971
    },
    {
      "id": 58,
      "key": "x",
      "old": 4.972153509148641,
      "next": 4.970227508079024,
      "pileClock": 28.458333333333762,
      "state": "RESOLVING",
      "phase": "SETTLE",
      "d": 0.993004309769146,
      "stack": "at Object.set [as x] (evalmachine.<anonymous>:8129:423) <- at shift (evalmachine.<anonymous>:2013:14) <- at solvePair (evalmachine.<anonymous>:2040:25) <- at resolveVisualContacts (evalmachine.<anonymous>:2059:43) <- at resolveVisualContacts (evalmachine.<anonymous>:3590:9) <- at evalmachine.<anonymous>:5385:68",
      "i": 972
    },
    {
      "id": 58,
      "key": "x",
      "old": 4.970227508079024,
      "next": 4.969292960124888,
      "pileClock": 28.458333333333762,
      "state": "RESOLVING",
      "phase": "SETTLE",
      "d": 0.9925370932887896,
      "stack": "at Object.set [as x] (evalmachine.<anonymous>:8129:423) <- at shift (evalmachine.<anonymous>:2013:14) <- at solvePair (evalmachine.<anonymous>:2040:25) <- at resolveVisualContacts (evalmachine.<anonymous>:2059:43) <- at resolveVisualContacts (evalmachine.<anonymous>:3590:9) <- at evalmachine.<anonymous>:5385:68",
      "i": 973
    },
    {
      "id": 60,
      "key": "x",
      "old": 2.984463146169987,
      "next": 2.999371272360893,
      "pileClock": 28.458333333333762,
      "state": "RESOLVING",
      "phase": "SETTLE",
      "d": 0.9850839547692541,
      "stack": "at Object.set [as x] (evalmachine.<anonymous>:8129:423) <- at shift (evalmachine.<anonymous>:2013:14) <- at solvePair (evalmachine.<anonymous>:2033:9) <- at resolveVisualContacts (evalmachine.<anonymous>:2059:43) <- at resolveVisualContacts (evalmachine.<anonymous>:3590:9) <- at evalmachine.<anonymous>:5385:68",
      "i": 974
    },
    {
      "id": 60,
      "key": "y",
      "old": 6.028735324144541,
      "next": 6.028951196048895,
      "pileClock": 28.458333333333762,
      "state": "RESOLVING",
      "phase": "SETTLE",
      "d": 0.9850869280647025,
      "stack": "at Object.set [as y] (evalmachine.<anonymous>:8129:423) <- at shift (evalmachine.<anonymous>:2016:18) <- at solvePair (evalmachine.<anonymous>:2033:9) <- at resolveVisualContacts (evalmachine.<anonymous>:2059:43) <- at resolveVisualContacts (evalmachine.<anonymous>:3590:9) <- at evalmachine.<anonymous>:5385:68",
      "i": 975
    },
    {
      "id": 60,
      "key": "x",
      "old": 2.999371272360893,
      "next": 2.984460109193678,
      "pileClock": 28.458333333333762,
      "state": "RESOLVING",
      "phase": "SETTLE",
      "d": 0.9925415625540043,
      "stack": "at Object.set [as x] (evalmachine.<anonymous>:8129:423) <- at shift (evalmachine.<anonymous>:2013:14) <- at solvePair (evalmachine.<anonymous>:2032:9) <- at resolveVisualContacts (evalmachine.<anonymous>:2059:43) <- at resolveVisualContacts (evalmachine.<anonymous>:3590:9) <- at evalmachine.<anonymous>:5385:68",
      "i": 976
    },
    {
      "id": 60,
      "key": "y",
      "old": 6.028951196048895,
      "next": 6.029088948904936,
      "pileClock": 28.458333333333762,
      "state": "RESOLVING",
      "phase": "SETTLE",
      "d": 0.9925434640323512,
      "stack": "at Object.set [as y] (evalmachine.<anonymous>:8129:423) <- at shift (evalmachine.<anonymous>:2016:18) <- at solvePair (evalmachine.<anonymous>:2032:9) <- at resolveVisualContacts (evalmachine.<anonymous>:2059:43) <- at resolveVisualContacts (evalmachine.<anonymous>:3590:9) <- at evalmachine.<anonymous>:5385:68",
      "i": 977
    },
    {
      "id": 58,
      "key": "x",
      "old": 4.969292960124888,
      "next": 4.984206032060186,
      "pileClock": 28.458333333333762,
      "state": "RESOLVING",
      "phase": "SETTLE",
      "d": 0.9999990527319093,
      "stack": "at Object.set [as x] (evalmachine.<anonymous>:8129:423) <- at shift (evalmachine.<anonymous>:2013:14) <- at solvePair (evalmachine.<anonymous>:2033:9) <- at resolveVisualContacts (evalmachine.<anonymous>:2059:43) <- at resolveVisualContacts (evalmachine.<anonymous>:3590:9) <- at evalmachine.<anonymous>:5385:68",
      "i": 978
    },
    {
      "id": 58,
      "key": "x",
      "old": 4.984206032060186,
      "next": 4.984207926596367,
      "pileClock": 28.458333333333762,
      "state": "RESOLVING",
      "phase": "SETTLE",
      "d": 0.9999999998805574,
      "stack": "at Object.set [as x] (evalmachine.<anonymous>:8129:423) <- at shift (evalmachine.<anonymous>:2013:14) <- at solvePair (evalmachine.<anonymous>:2040:25) <- at resolveVisualContacts (evalmachine.<anonymous>:2059:43) <- at resolveVisualContacts (evalmachine.<anonymous>:3590:9) <- at evalmachine.<anonymous>:5385:68",
      "i": 979
    },
    {
      "id": 58,
      "key": "x",
      "old": 4.984207926596367,
      "next": 4.976107731515242,
      "pileClock": 28.458333333333762,
      "state": "RESOLVING",
      "phase": "SETTLE",
      "d": 0.9959504150981587,
      "stack": "at Object.set [as x] (evalmachine.<anonymous>:8129:423) <- at shift (evalmachine.<anonymous>:2013:14) <- at solvePair (evalmachine.<anonymous>:2032:9) <- at resolveVisualContacts (evalmachine.<anonymous>:2059:43) <- at resolveVisualContacts (evalmachine.<anonymous>:3590:9) <- at evalmachine.<anonymous>:5385:68",
      "i": 980
    },
    {
      "id": 58,
      "key": "x",
      "old": 4.976107731515242,
      "next": 4.972150485042596,
      "pileClock": 28.458333333333762,
      "state": "RESOLVING",
      "phase": "SETTLE",
      "d": 0.9939720438825298,
      "stack": "at Object.set [as x] (evalmachine.<anonymous>:8129:423) <- at shift (evalmachine.<anonymous>:2013:14) <- at solvePair (evalmachine.<anonymous>:2040:25) <- at resolveVisualContacts (evalmachine.<anonymous>:2059:43) <- at resolveVisualContacts (evalmachine.<anonymous>:3590:9) <- at evalmachine.<anonymous>:5385:68",
      "i": 981
    },
    {
      "id": 58,
      "key": "x",
      "old": 4.972150485042596,
      "next": 4.970226039631154,
      "pileClock": 28.458333333333762,
      "state": "RESOLVING",
      "phase": "SETTLE",
      "d": 0.9930099440997374,
      "stack": "at Object.set [as x] (evalmachine.<anonymous>:8129:423) <- at shift (evalmachine.<anonymous>:2013:14) <- at solvePair (evalmachine.<anonymous>:2040:25) <- at resolveVisualContacts (evalmachine.<anonymous>:2059:43) <- at resolveVisualContacts (evalmachine.<anonymous>:3590:9) <- at evalmachine.<anonymous>:5385:68",
      "i": 982
    },
    {
      "id": 58,
      "key": "x",
      "old": 4.970226039631154,
      "next": 4.969292248114489,
      "pileClock": 28.458333333333762,
      "state": "RESOLVING",
      "phase": "SETTLE",
      "d": 0.9925431080727177,
      "stack": "at Object.set [as x] (evalmachine.<anonymous>:8129:423) <- at shift (evalmachine.<anonymous>:2013:14) <- at solvePair (evalmachine.<anonymous>:2040:25) <- at resolveVisualContacts (evalmachine.<anonymous>:2059:43) <- at resolveVisualContacts (evalmachine.<anonymous>:3590:9) <- at evalmachine.<anonymous>:5385:68",
      "i": 983
    },
    {
      "id": 60,
      "key": "x",
      "old": 2.984460109193678,
      "next": 2.9993557081067004,
      "pileClock": 28.458333333333762,
      "state": "RESOLVING",
      "phase": "SETTLE",
      "d": 0.9850962690894096,
      "stack": "at Object.set [as x] (evalmachine.<anonymous>:8129:423) <- at shift (evalmachine.<anonymous>:2013:14) <- at solvePair (evalmachine.<anonymous>:2033:9) <- at resolveVisualContacts (evalmachine.<anonymous>:2059:43) <- at resolveVisualContacts (evalmachine.<anonymous>:3590:9) <- at evalmachine.<anonymous>:5385:68",
      "i": 984
    },
    {
      "id": 60,
      "key": "y",
      "old": 6.029088948904936,
      "next": 6.029307294092971,
      "pileClock": 28.458333333333762,
      "state": "RESOLVING",
      "phase": "SETTLE",
      "d": 0.9850993354035114,
      "stack": "at Object.set [as y] (evalmachine.<anonymous>:8129:423) <- at shift (evalmachine.<anonymous>:2016:18) <- at solvePair (evalmachine.<anonymous>:2033:9) <- at resolveVisualContacts (evalmachine.<anonymous>:2059:43) <- at resolveVisualContacts (evalmachine.<anonymous>:3590:9) <- at evalmachine.<anonymous>:5385:68",
      "i": 985
    },
    {
      "id": 60,
      "key": "x",
      "old": 2.9993557081067004,
      "next": 2.9844570260123713,
      "pileClock": 28.458333333333762,
      "state": "RESOLVING",
      "phase": "SETTLE",
      "d": 0.992547692769605,
      "stack": "at Object.set [as x] (evalmachine.<anonymous>:8129:423) <- at shift (evalmachine.<anonymous>:2013:14) <- at solvePair (evalmachine.<anonymous>:2032:9) <- at resolveVisualContacts (evalmachine.<anonymous>:2059:43) <- at resolveVisualContacts (evalmachine.<anonymous>:3590:9) <- at evalmachine.<anonymous>:5385:68",
      "i": 986
    },
    {
      "id": 60,
      "key": "y",
      "old": 6.029307294092971,
      "next": 6.029447623787108,
      "pileClock": 28.458333333333762,
      "state": "RESOLVING",
      "phase": "SETTLE",
      "d": 0.9925496677017557,
      "stack": "at Object.set [as y] (evalmachine.<anonymous>:8129:423) <- at shift (evalmachine.<anonymous>:2016:18) <- at solvePair (evalmachine.<anonymous>:2032:9) <- at resolveVisualContacts (evalmachine.<anonymous>:2059:43) <- at resolveVisualContacts (evalmachine.<anonymous>:3590:9) <- at evalmachine.<anonymous>:5385:68",
      "i": 987
    },
    {
      "id": 58,
      "key": "x",
      "old": 4.969292248114489,
      "next": 4.984192912710978,
      "pileClock": 28.458333333333762,
      "state": "RESOLVING",
      "phase": "SETTLE",
      "d": 0.9999990161335862,
      "stack": "at Object.set [as x] (evalmachine.<anonymous>:8129:423) <- at shift (evalmachine.<anonymous>:2013:14) <- at solvePair (evalmachine.<anonymous>:2033:9) <- at resolveVisualContacts (evalmachine.<anonymous>:2059:43) <- at resolveVisualContacts (evalmachine.<anonymous>:3590:9) <- at evalmachine.<anonymous>:5385:68",
      "i": 988
    },
    {
      "id": 58,
      "key": "x",
      "old": 4.984192912710978,
      "next": 4.984194880443805,
      "pileClock": 28.458333333333762,
      "state": "RESOLVING",
      "phase": "SETTLE",
      "d": 0.9999999998710418,
      "stack": "at Object.set [as x] (evalmachine.<anonymous>:8129:423) <- at shift (evalmachine.<anonymous>:2013:14) <- at solvePair (evalmachine.<anonymous>:2040:25) <- at resolveVisualContacts (evalmachine.<anonymous>:2059:43) <- at resolveVisualContacts (evalmachine.<anonymous>:3590:9) <- at evalmachine.<anonymous>:5385:68",
      "i": 989
    },
    {
      "id": 58,
      "key": "x",
      "old": 4.984194880443805,
      "next": 4.976101338428912,
      "pileClock": 28.458333333333762,
      "state": "RESOLVING",
      "phase": "SETTLE",
      "d": 0.9959537614396885,
      "stack": "at Object.set [as x] (evalmachine.<anonymous>:8129:423) <- at shift (evalmachine.<anonymous>:2013:14) <- at solvePair (evalmachine.<anonymous>:2032:9) <- at resolveVisualContacts (evalmachine.<anonymous>:2059:43) <- at resolveVisualContacts (evalmachine.<anonymous>:3590:9) <- at evalmachine.<anonymous>:5385:68",
      "i": 990
    },
    {
      "id": 58,
      "key": "x",
      "old": 4.976101338428912,
      "next": 4.972147371368349,
      "pileClock": 28.458333333333762,
      "state": "RESOLVING",
      "phase": "SETTLE",
      "d": 0.993977039667374,
      "stack": "at Object.set [as x] (evalmachine.<anonymous>:8129:423) <- at shift (evalmachine.<anonymous>:2013:14) <- at solvePair (evalmachine.<anonymous>:2040:25) <- at resolveVisualContacts (evalmachine.<anonymous>:2059:43) <- at resolveVisualContacts (evalmachine.<anonymous>:3590:9) <- at evalmachine.<anonymous>:5385:68",
      "i": 991
    },
    {
      "id": 58,
      "key": "x",
      "old": 4.972147371368349,
      "next": 4.9702245276941985,
      "pileClock": 28.458333333333762,
      "state": "RESOLVING",
      "phase": "SETTLE",
      "d": 0.9930157455018003,
      "stack": "at Object.set [as x] (evalmachine.<anonymous>:8129:423) <- at shift (evalmachine.<anonymous>:2013:14) <- at solvePair (evalmachine.<anonymous>:2040:25) <- at resolveVisualContacts (evalmachine.<anonymous>:2059:43) <- at resolveVisualContacts (evalmachine.<anonymous>:3590:9) <- at evalmachine.<anonymous>:5385:68",
      "i": 992
    },
    {
      "id": 58,
      "key": "x",
      "old": 4.9702245276941985,
      "next": 4.969291515018244,
      "pileClock": 28.458333333333762,
      "state": "RESOLVING",
      "phase": "SETTLE",
      "d": 0.9925493012024017,
      "stack": "at Object.set [as x] (evalmachine.<anonymous>:8129:423) <- at shift (evalmachine.<anonymous>:2013:14) <- at solvePair (evalmachine.<anonymous>:2040:25) <- at resolveVisualContacts (evalmachine.<anonymous>:2059:43) <- at resolveVisualContacts (evalmachine.<anonymous>:3590:9) <- at evalmachine.<anonymous>:5385:68",
      "i": 993
    },
    {
      "id": 60,
      "key": "x",
      "old": 2.9844570260123713,
      "next": 2.9993397274175573,
      "pileClock": 28.458333333333762,
      "state": "RESOLVING",
      "phase": "SETTLE",
      "d": 0.985108948034866,
      "stack": "at Object.set [as x] (evalmachine.<anonymous>:8129:423) <- at shift (evalmachine.<anonymous>:2013:14) <- at solvePair (evalmachine.<anonymous>:2033:9) <- at resolveVisualContacts (evalmachine.<anonymous>:2059:43) <- at resolveVisualContacts (evalmachine.<anonymous>:3590:9) <- at evalmachine.<anonymous>:5385:68",
      "i": 994
    },
    {
      "id": 60,
      "key": "y",
      "old": 6.029447623787108,
      "next": 6.029668470187999,
      "pileClock": 28.458333333333762,
      "state": "RESOLVING",
      "phase": "SETTLE",
      "d": 0.9851121099517492,
      "stack": "at Object.set [as y] (evalmachine.<anonymous>:8129:423) <- at shift (evalmachine.<anonymous>:2016:18) <- at solvePair (evalmachine.<anonymous>:2033:9) <- at resolveVisualContacts (evalmachine.<anonymous>:2059:43) <- at resolveVisualContacts (evalmachine.<anonymous>:3590:9) <- at evalmachine.<anonymous>:5385:68",
      "i": 995
    },
    {
      "id": 60,
      "key": "x",
      "old": 2.9993397274175573,
      "next": 2.9844538959888935,
      "pileClock": 28.458333333333762,
      "state": "RESOLVING",
      "phase": "SETTLE",
      "d": 0.9925540042155527,
      "stack": "at Object.set [as x] (evalmachine.<anonymous>:8129:423) <- at shift (evalmachine.<anonymous>:2013:14) <- at solvePair (evalmachine.<anonymous>:2032:9) <- at resolveVisualContacts (evalmachine.<anonymous>:2059:43) <- at resolveVisualContacts (evalmachine.<anonymous>:3590:9) <- at evalmachine.<anonymous>:5385:68",
      "i": 996
    },
    {
      "id": 60,
      "key": "y",
      "old": 6.029668470187999,
      "next": 6.029811406964477,
      "pileClock": 28.458333333333762,
      "state": "RESOLVING",
      "phase": "SETTLE",
      "d": 0.9925560549758746,
      "stack": "at Object.set [as y] (evalmachine.<anonymous>:8129:423) <- at shift (evalmachine.<anonymous>:2016:18) <- at solvePair (evalmachine.<anonymous>:2032:9) <- at resolveVisualContacts (evalmachine.<anonymous>:2059:43) <- at resolveVisualContacts (evalmachine.<anonymous>:3590:9) <- at evalmachine.<anonymous>:5385:68",
      "i": 997
    },
    {
      "id": 58,
      "key": "x",
      "old": 4.969291515018244,
      "next": 4.984179405066495,
      "pileClock": 28.458333333333762,
      "state": "RESOLVING",
      "phase": "SETTLE",
      "d": 0.9999989783518102,
      "stack": "at Object.set [as x] (evalmachine.<anonymous>:8129:423) <- at shift (evalmachine.<anonymous>:2013:14) <- at solvePair (evalmachine.<anonymous>:2033:9) <- at resolveVisualContacts (evalmachine.<anonymous>:2059:43) <- at resolveVisualContacts (evalmachine.<anonymous>:3590:9) <- at evalmachine.<anonymous>:5385:68",
      "i": 998
    },
    {
      "id": 58,
      "key": "x",
      "old": 4.984179405066495,
      "next": 4.984181448362875,
      "pileClock": 28.458333333333762,
      "state": "RESOLVING",
      "phase": "SETTLE",
      "d": 0.9999999998608277,
      "stack": "at Object.set [as x] (evalmachine.<anonymous>:8129:423) <- at shift (evalmachine.<anonymous>:2013:14) <- at solvePair (evalmachine.<anonymous>:2040:25) <- at resolveVisualContacts (evalmachine.<anonymous>:2059:43) <- at resolveVisualContacts (evalmachine.<anonymous>:3590:9) <- at evalmachine.<anonymous>:5385:68",
      "i": 999
    },
    {
      "id": 58,
      "key": "x",
      "old": 4.984181448362875,
      "next": 4.976094756289791,
      "pileClock": 28.458333333333762,
      "state": "RESOLVING",
      "phase": "SETTLE",
      "d": 0.9959572068596977,
      "stack": "at Object.set [as x] (evalmachine.<anonymous>:8129:423) <- at shift (evalmachine.<anonymous>:2013:14) <- at solvePair (evalmachine.<anonymous>:2032:9) <- at resolveVisualContacts (evalmachine.<anonymous>:2059:43) <- at resolveVisualContacts (evalmachine.<anonymous>:3590:9) <- at evalmachine.<anonymous>:5385:68",
      "i": 1000
    },
    {
      "id": 58,
      "key": "x",
      "old": 4.976094756289791,
      "next": 4.972144165634024,
      "pileClock": 28.458333333333762,
      "state": "RESOLVING",
      "phase": "SETTLE",
      "d": 0.9939821833419495,
      "stack": "at Object.set [as x] (evalmachine.<anonymous>:8129:423) <- at shift (evalmachine.<anonymous>:2013:14) <- at solvePair (evalmachine.<anonymous>:2040:25) <- at resolveVisualContacts (evalmachine.<anonymous>:2059:43) <- at resolveVisualContacts (evalmachine.<anonymous>:3590:9) <- at evalmachine.<anonymous>:5385:68",
      "i": 1001
    },
    {
      "id": 58,
      "key": "x",
      "old": 4.972144165634024,
      "next": 4.970222971058469,
      "pileClock": 28.458333333333762,
      "state": "RESOLVING",
      "phase": "SETTLE",
      "d": 0.9930217186277526,
      "stack": "at Object.set [as x] (evalmachine.<anonymous>:8129:423) <- at shift (evalmachine.<anonymous>:2013:14) <- at solvePair (evalmachine.<anonymous>:2040:25) <- at resolveVisualContacts (evalmachine.<anonymous>:2059:43) <- at resolveVisualContacts (evalmachine.<anonymous>:3590:9) <- at evalmachine.<anonymous>:5385:68",
      "i": 1002
    },
    {
      "id": 58,
      "key": "x",
      "old": 4.970222971058469,
      "next": 4.969290760249683,
      "pileClock": 28.458333333333762,
      "state": "RESOLVING",
      "phase": "SETTLE",
      "d": 0.9925556776437767,
      "stack": "at Object.set [as x] (evalmachine.<anonymous>:8129:423) <- at shift (evalmachine.<anonymous>:2013:14) <- at solvePair (evalmachine.<anonymous>:2040:25) <- at resolveVisualContacts (evalmachine.<anonymous>:2059:43) <- at resolveVisualContacts (evalmachine.<anonymous>:3590:9) <- at evalmachine.<anonymous>:5385:68",
      "i": 1003
    },
    {
      "id": 60,
      "key": "x",
      "old": 2.9844538959888935,
      "next": 2.999323319406406,
      "pileClock": 28.458333333333762,
      "state": "RESOLVING",
      "phase": "SETTLE",
      "d": 0.9851220017268919,
      "stack": "at Object.set [as x] (evalmachine.<anonymous>:8129:423) <- at shift (evalmachine.<anonymous>:2013:14) <- at solvePair (evalmachine.<anonymous>:2033:9) <- at resolveVisualContacts (evalmachine.<anonymous>:2059:43) <- at resolveVisualContacts (evalmachine.<anonymous>:3590:9) <- at evalmachine.<anonymous>:5385:68",
      "i": 1004
    },
    {
      "id": 60,
      "key": "y",
      "old": 6.029811406964477,
      "next": 6.03003478249047,
      "pileClock": 28.458333333333762,
      "state": "RESOLVING",
      "phase": "SETTLE",
      "d": 0.9851252618919791,
      "stack": "at Object.set [as y] (evalmachine.<anonymous>:8129:423) <- at shift (evalmachine.<anonymous>:2016:18) <- at solvePair (evalmachine.<anonymous>:2033:9) <- at resolveVisualContacts (evalmachine.<anonymous>:2059:43) <- at resolveVisualContacts (evalmachine.<anonymous>:3590:9) <- at evalmachine.<anonymous>:5385:68",
      "i": 1005
    },
    {
      "id": 60,
      "key": "x",
      "old": 2.999323319406406,
      "next": 2.9844507184807156,
      "pileClock": 28.458333333333762,
      "state": "RESOLVING",
      "phase": "SETTLE",
      "d": 0.9925605019213929,
      "stack": "at Object.set [as x] (evalmachine.<anonymous>:8129:423) <- at shift (evalmachine.<anonymous>:2013:14) <- at solvePair (evalmachine.<anonymous>:2032:9) <- at resolveVisualContacts (evalmachine.<anonymous>:2059:43) <- at resolveVisualContacts (evalmachine.<anonymous>:3590:9) <- at evalmachine.<anonymous>:5385:68",
      "i": 1006
    },
    {
      "id": 60,
      "key": "y",
      "old": 6.03003478249047,
      "next": 6.0301803566266265,
      "pileClock": 28.458333333333762,
      "state": "RESOLVING",
      "phase": "SETTLE",
      "d": 0.9925626309459895,
      "stack": "at Object.set [as y] (evalmachine.<anonymous>:8129:423) <- at shift (evalmachine.<anonymous>:2016:18) <- at solvePair (evalmachine.<anonymous>:2032:9) <- at resolveVisualContacts (evalmachine.<anonymous>:2059:43) <- at resolveVisualContacts (evalmachine.<anonymous>:3590:9) <- at evalmachine.<anonymous>:5385:68",
      "i": 1007
    },
    {
      "id": 58,
      "key": "x",
      "old": 4.969290760249683,
      "next": 4.9841654983577035,
      "pileClock": 28.458333333333762,
      "state": "RESOLVING",
      "phase": "SETTLE",
      "d": 0.9999989393557791,
      "stack": "at Object.set [as x] (evalmachine.<anonymous>:8129:423) <- at shift (evalmachine.<anonymous>:2013:14) <- at solvePair (evalmachine.<anonymous>:2033:9) <- at resolveVisualContacts (evalmachine.<anonymous>:2059:43) <- at resolveVisualContacts (evalmachine.<anonymous>:3590:9) <- at evalmachine.<anonymous>:5385:68",
      "i": 1008
    },
    {
      "id": 58,
      "key": "x",
      "old": 4.9841654983577035,
      "next": 4.984167619646145,
      "pileClock": 28.458333333333762,
      "state": "RESOLVING",
      "phase": "SETTLE",
      "d": 0.9999999998498664,
      "stack": "at Object.set [as x] (evalmachine.<anonymous>:8129:423) <- at shift (evalmachine.<anonymous>:2013:14) <- at solvePair (evalmachine.<anonymous>:2040:25) <- at resolveVisualContacts (evalmachine.<anonymous>:2059:43) <- at resolveVisualContacts (evalmachine.<anonymous>:3590:9) <- at evalmachine.<anonymous>:5385:68",
      "i": 1009
    },
    {
      "id": 58,
      "key": "x",
      "old": 4.984167619646145,
      "next": 4.976087979856758,
      "pileClock": 28.458333333333762,
      "state": "RESOLVING",
      "phase": "SETTLE",
      "d": 0.9959607541080279,
      "stack": "at Object.set [as x] (evalmachine.<anonymous>:8129:423) <- at shift (evalmachine.<anonymous>:2013:14) <- at solvePair (evalmachine.<anonymous>:2032:9) <- at resolveVisualContacts (evalmachine.<anonymous>:2059:43) <- at resolveVisualContacts (evalmachine.<anonymous>:3590:9) <- at evalmachine.<anonymous>:5385:68",
      "i": 1010
    },
    {
      "id": 58,
      "key": "x",
      "old": 4.976087979856758,
      "next": 4.972140865288408,
      "pileClock": 28.458333333333762,
      "state": "RESOLVING",
      "phase": "SETTLE",
      "d": 0.9939874790092489,
      "stack": "at Object.set [as x] (evalmachine.<anonymous>:8129:423) <- at shift (evalmachine.<anonymous>:2013:14) <- at solvePair (evalmachine.<anonymous>:2040:25) <- at resolveVisualContacts (evalmachine.<anonymous>:2059:43) <- at resolveVisualContacts (evalmachine.<anonymous>:3590:9) <- at evalmachine.<anonymous>:5385:68",
      "i": 1011
    },
    {
      "id": 58,
      "key": "x",
      "old": 4.972140865288408,
      "next": 4.970221368485479,
      "pileClock": 28.458333333333762,
      "state": "RESOLVING",
      "phase": "SETTLE",
      "d": 0.9930278682409427,
      "stack": "at Object.set [as x] (evalmachine.<anonymous>:8129:423) <- at shift (evalmachine.<anonymous>:2013:14) <- at solvePair (evalmachine.<anonymous>:2040:25) <- at resolveVisualContacts (evalmachine.<anonymous>:2059:43) <- at resolveVisualContacts (evalmachine.<anonymous>:3590:9) <- at evalmachine.<anonymous>:5385:68",
      "i": 1012
    },
    {
      "id": 58,
      "key": "x",
      "old": 4.970221368485479,
      "next": 4.969289983208375,
      "pileClock": 28.458333333333762,
      "state": "RESOLVING",
      "phase": "SETTLE",
      "d": 0.9925622424811578,
      "stack": "at Object.set [as x] (evalmachine.<anonymous>:8129:423) <- at shift (evalmachine.<anonymous>:2013:14) <- at solvePair (evalmachine.<anonymous>:2040:25) <- at resolveVisualContacts (evalmachine.<anonymous>:2059:43) <- at resolveVisualContacts (evalmachine.<anonymous>:3590:9) <- at evalmachine.<anonymous>:5385:68",
      "i": 1013
    },
    {
      "id": 60,
      "key": "x",
      "old": 2.9844507184807156,
      "next": 2.9993064729399377,
      "pileClock": 28.458333333333762,
      "state": "RESOLVING",
      "phase": "SETTLE",
      "d": 0.9851354405260498,
      "stack": "at Object.set [as x] (evalmachine.<anonymous>:8129:423) <- at shift (evalmachine.<anonymous>:2013:14) <- at solvePair (evalmachine.<anonymous>:2033:9) <- at resolveVisualContacts (evalmachine.<anonymous>:2059:43) <- at resolveVisualContacts (evalmachine.<anonymous>:3590:9) <- at evalmachine.<anonymous>:5385:68",
      "i": 1014
    },
    {
      "id": 60,
      "key": "y",
      "old": 6.0301803566266265,
      "next": 6.030406289154636,
      "pileClock": 28.458333333333762,
      "state": "RESOLVING",
      "phase": "SETTLE",
      "d": 0.9851388016468496,
      "stack": "at Object.set [as y] (evalmachine.<anonymous>:8129:423) <- at shift (evalmachine.<anonymous>:2016:18) <- at solvePair (evalmachine.<anonymous>:2033:9) <- at resolveVisualContacts (evalmachine.<anonymous>:2059:43) <- at resolveVisualContacts (evalmachine.<anonymous>:3590:9) <- at evalmachine.<anonymous>:5385:68",
      "i": 1015
    },
    {
      "id": 60,
      "key": "x",
      "old": 2.9993064729399377,
      "next": 2.984447492840081,
      "pileClock": 28.458333333333762,
      "state": "RESOLVING",
      "phase": "SETTLE",
      "d": 0.9925671910357782,
      "stack": "at Object.set [as x] (evalmachine.<anonymous>:8129:423) <- at shift (evalmachine.<anonymous>:2013:14) <- at solvePair (evalmachine.<anonymous>:2032:9) <- at resolveVisualContacts (evalmachine.<anonymous>:2059:43) <- at resolveVisualContacts (evalmachine.<anonymous>:3590:9) <- at evalmachine.<anonymous>:5385:68",
      "i": 1016
    },
    {
      "id": 60,
      "key": "y",
      "old": 6.030406289154636,
      "next": 6.030554530943322,
      "pileClock": 28.458333333333762,
      "state": "RESOLVING",
      "phase": "SETTLE",
      "d": 0.9925694008234248,
      "stack": "at Object.set [as y] (evalmachine.<anonymous>:8129:423) <- at shift (evalmachine.<anonymous>:2016:18) <- at solvePair (evalmachine.<anonymous>:2032:9) <- at resolveVisualContacts (evalmachine.<anonymous>:2059:43) <- at resolveVisualContacts (evalmachine.<anonymous>:3590:9) <- at evalmachine.<anonymous>:5385:68",
      "i": 1017
    },
    {
      "id": 58,
      "key": "x",
      "old": 4.969289983208375,
      "next": 4.984151181561526,
      "pileClock": 28.458333333333762,
      "state": "RESOLVING",
      "phase": "SETTLE",
      "d": 0.9999988991142228,
      "stack": "at Object.set [as x] (evalmachine.<anonymous>:8129:423) <- at shift (evalmachine.<anonymous>:2013:14) <- at solvePair (evalmachine.<anonymous>:2033:9) <- at resolveVisualContacts (evalmachine.<anonymous>:2059:43) <- at resolveVisualContacts (evalmachine.<anonymous>:3590:9) <- at evalmachine.<anonymous>:5385:68",
      "i": 1018
    },
    {
      "id": 58,
      "key": "x",
      "old": 4.984151181561526,
      "next": 4.98415338333308,
      "pileClock": 28.458333333333762,
      "state": "RESOLVING",
      "phase": "SETTLE",
      "d": 0.9999999998381094,
      "stack": "at Object.set [as x] (evalmachine.<anonymous>:8129:423) <- at shift (evalmachine.<anonymous>:2013:14) <- at solvePair (evalmachine.<anonymous>:2040:25) <- at resolveVisualContacts (evalmachine.<anonymous>:2059:43) <- at resolveVisualContacts (evalmachine.<anonymous>:3590:9) <- at evalmachine.<anonymous>:5385:68",
      "i": 1019
    },
    {
      "id": 58,
      "key": "x",
      "old": 4.98415338333308,
      "next": 4.9760810037650645,
      "pileClock": 28.458333333333762,
      "state": "RESOLVING",
      "phase": "SETTLE",
      "d": 0.9959644059995134,
      "stack": "at Object.set [as x] (evalmachine.<anonymous>:8129:423) <- at shift (evalmachine.<anonymous>:2013:14) <- at solvePair (evalmachine.<anonymous>:2032:9) <- at resolveVisualContacts (evalmachine.<anonymous>:2059:43) <- at resolveVisualContacts (evalmachine.<anonymous>:3590:9) <- at evalmachine.<anonymous>:5385:68",
      "i": 1020
    },
    {
      "id": 58,
      "key": "x",
      "old": 4.9760810037650645,
      "next": 4.97213746772017,
      "pileClock": 28.458333333333762,
      "state": "RESOLVING",
      "phase": "SETTLE",
      "d": 0.9939929308691396,
      "stack": "at Object.set [as x] (evalmachine.<anonymous>:8129:423) <- at shift (evalmachine.<anonymous>:2013:14) <- at solvePair (evalmachine.<anonymous>:2040:25) <- at resolveVisualContacts (evalmachine.<anonymous>:2059:43) <- at resolveVisualContacts (evalmachine.<anonymous>:3590:9) <- at evalmachine.<anonymous>:5385:68",
      "i": 1021
    },
    {
      "id": 58,
      "key": "x",
      "old": 4.97213746772017,
      "next": 4.970219718707577,
      "pileClock": 28.458333333333762,
      "state": "RESOLVING",
      "phase": "SETTLE",
      "d": 0.9930341992171303,
      "stack": "at Object.set [as x] (evalmachine.<anonymous>:8129:423) <- at shift (evalmachine.<anonymous>:2013:14) <- at solvePair (evalmachine.<anonymous>:2040:25) <- at resolveVisualContacts (evalmachine.<anonymous>:2059:43) <- at resolveVisualContacts (evalmachine.<anonymous>:3590:9) <- at evalmachine.<anonymous>:5385:68",
      "i": 1022
    },
    {
      "id": 58,
      "key": "x",
      "old": 4.970219718707577,
      "next": 4.9692891832797565,
      "pileClock": 28.458333333333762,
      "state": "RESOLVING",
      "phase": "SETTLE",
      "d": 0.9925690009188161,
      "stack": "at Object.set [as x] (evalmachine.<anonymous>:8129:423) <- at shift (evalmachine.<anonymous>:2013:14) <- at solvePair (evalmachine.<anonymous>:2040:25) <- at resolveVisualContacts (evalmachine.<anonymous>:2059:43) <- at resolveVisualContacts (evalmachine.<anonymous>:3590:9) <- at evalmachine.<anonymous>:5385:68",
      "i": 1023
    },
    {
      "id": 60,
      "key": "x",
      "old": 2.984447492840081,
      "next": 2.9992891766357594,
      "pileClock": 28.458333333333762,
      "state": "RESOLVING",
      "phase": "SETTLE",
      "d": 0.985149275035239,
      "stack": "at Object.set [as x] (evalmachine.<anonymous>:8129:423) <- at shift (evalmachine.<anonymous>:2013:14) <- at solvePair (evalmachine.<anonymous>:2033:9) <- at resolveVisualContacts (evalmachine.<anonymous>:2059:43) <- at resolveVisualContacts (evalmachine.<anonymous>:3590:9) <- at evalmachine.<anonymous>:5385:68",
      "i": 1024
    },
    {
      "id": 60,
      "key": "y",
      "old": 6.030554530943322,
      "next": 6.030783048295594,
      "pileClock": 28.458333333333762,
      "state": "RESOLVING",
      "phase": "SETTLE",
      "d": 0.9851527398821041,
      "stack": "at Object.set [as y] (evalmachine.<anonymous>:8129:423) <- at shift (evalmachine.<anonymous>:2016:18) <- at solvePair (evalmachine.<anonymous>:2033:9) <- at resolveVisualContacts (evalmachine.<anonymous>:2059:43) <- at resolveVisualContacts (evalmachine.<anonymous>:3590:9) <- at evalmachine.<anonymous>:5385:68",
      "i": 1025
    },
    {
      "id": 60,
      "key": "x",
      "old": 2.9992891766357594,
      "next": 2.9844442184141537,
      "pileClock": 28.458333333333762,
      "state": "RESOLVING",
      "phase": "SETTLE",
      "d": 0.9925740768280035,
      "stack": "at Object.set [as x] (evalmachine.<anonymous>:8129:423) <- at shift (evalmachine.<anonymous>:2013:14) <- at solvePair (evalmachine.<anonymous>:2032:9) <- at resolveVisualContacts (evalmachine.<anonymous>:2059:43) <- at resolveVisualContacts (evalmachine.<anonymous>:3590:9) <- at evalmachine.<anonymous>:5385:68",
      "i": 1026
    },
    {
      "id": 60,
      "key": "y",
      "old": 6.030783048295594,
      "next": 6.030933988026667,
      "pileClock": 28.458333333333762,
      "state": "RESOLVING",
      "phase": "SETTLE",
      "d": 0.9925763699410521,
      "stack": "at Object.set [as y] (evalmachine.<anonymous>:8129:423) <- at shift (evalmachine.<anonymous>:2016:18) <- at solvePair (evalmachine.<anonymous>:2032:9) <- at resolveVisualContacts (evalmachine.<anonymous>:2059:43) <- at resolveVisualContacts (evalmachine.<anonymous>:3590:9) <- at evalmachine.<anonymous>:5385:68",
      "i": 1027
    },
    {
      "id": 58,
      "key": "x",
      "old": 4.9692891832797565,
      "next": 4.984136443397652,
      "pileClock": 28.458333333333762,
      "state": "RESOLVING",
      "phase": "SETTLE",
      "d": 0.9999988575954154,
      "stack": "at Object.set [as x] (evalmachine.<anonymous>:8129:423) <- at shift (evalmachine.<anonymous>:2013:14) <- at solvePair (evalmachine.<anonymous>:2033:9) <- at resolveVisualContacts (evalmachine.<anonymous>:2059:43) <- at resolveVisualContacts (evalmachine.<anonymous>:3590:9) <- at evalmachine.<anonymous>:5385:68",
      "i": 1028
    },
    {
      "id": 58,
      "key": "x",
      "old": 4.984136443397652,
      "next": 4.984138728206822,
      "pileClock": 28.458333333333762,
      "state": "RESOLVING",
      "phase": "SETTLE",
      "d": 0.9999999998255034,
      "stack": "at Object.set [as x] (evalmachine.<anonymous>:8129:423) <- at shift (evalmachine.<anonymous>:2013:14) <- at solvePair (evalmachine.<anonymous>:2040:25) <- at resolveVisualContacts (evalmachine.<anonymous>:2059:43) <- at resolveVisualContacts (evalmachine.<anonymous>:3590:9) <- at evalmachine.<anonymous>:5385:68",
      "i": 1029
    },
    {
      "id": 58,
      "key": "x",
      "old": 4.984138728206822,
      "next": 4.9760738225247705,
      "pileClock": 28.458333333333762,
      "state": "RESOLVING",
      "phase": "SETTLE",
      "d": 0.9959681654148014,
      "stack": "at Object.set [as x] (evalmachine.<anonymous>:8129:423) <- at shift (evalmachine.<anonymous>:2013:14) <- at solvePair (evalmachine.<anonymous>:2032:9) <- at resolveVisualContacts (evalmachine.<anonymous>:2059:43) <- at resolveVisualContacts (evalmachine.<anonymous>:3590:9) <- at evalmachine.<anonymous>:5385:68",
      "i": 1030
    },
    {
      "id": 58,
      "key": "x",
      "old": 4.9760738225247705,
      "next": 4.972133970257107,
      "pileClock": 28.458333333333762,
      "state": "RESOLVING",
      "phase": "SETTLE",
      "d": 0.99399854321958,
      "stack": "at Object.set [as x] (evalmachine.<anonymous>:8129:423) <- at shift (evalmachine.<anonymous>:2013:14) <- at solvePair (evalmachine.<anonymous>:2040:25) <- at resolveVisualContacts (evalmachine.<anonymous>:2059:43) <- at resolveVisualContacts (evalmachine.<anonymous>:3590:9) <- at evalmachine.<anonymous>:5385:68",
      "i": 1031
    },
    {
      "id": 58,
      "key": "x",
      "old": 4.972133970257107,
      "next": 4.970218020427574,
      "pileClock": 28.458333333333762,
      "state": "RESOLVING",
      "phase": "SETTLE",
      "d": 0.9930407165458933,
      "stack": "at Object.set [as x] (evalmachine.<anonymous>:8129:423) <- at shift (evalmachine.<anonymous>:2013:14) <- at solvePair (evalmachine.<anonymous>:2040:25) <- at resolveVisualContacts (evalmachine.<anonymous>:2059:43) <- at resolveVisualContacts (evalmachine.<anonymous>:3590:9) <- at evalmachine.<anonymous>:5385:68",
      "i": 1032
    },
    {
      "id": 58,
      "key": "x",
      "old": 4.970218020427574,
      "next": 4.969288359834946,
      "pileClock": 28.458333333333762,
      "state": "RESOLVING",
      "phase": "SETTLE",
      "d": 0.9925759582824797,
      "stack": "at Object.set [as x] (evalmachine.<anonymous>:8129:423) <- at shift (evalmachine.<anonymous>:2013:14) <- at solvePair (evalmachine.<anonymous>:2040:25) <- at resolveVisualContacts (evalmachine.<anonymous>:2059:43) <- at resolveVisualContacts (evalmachine.<anonymous>:3590:9) <- at evalmachine.<anonymous>:5385:68",
      "i": 1033
    },
    {
      "id": 60,
      "key": "x",
      "old": 2.9844442184141537,
      "next": 2.9992714188597294,
      "pileClock": 28.458333333333762,
      "state": "RESOLVING",
      "phase": "SETTLE",
      "d": 0.9851635161025858,
      "stack": "at Object.set [as x] (evalmachine.<anonymous>:8129:423) <- at shift (evalmachine.<anonymous>:2013:14) <- at solvePair (evalmachine.<anonymous>:2033:9) <- at resolveVisualContacts (evalmachine.<anonymous>:2059:43) <- at resolveVisualContacts (evalmachine.<anonymous>:3590:9) <- at evalmachine.<anonymous>:5385:68",
      "i": 1034
    },
    {
      "id": 60,
      "key": "y",
      "old": 6.030933988026667,
      "next": 6.0311651179505,
      "pileClock": 28.458333333333762,
      "state": "RESOLVING",
      "phase": "SETTLE",
      "d": 0.9851670875094314,
      "stack": "at Object.set [as y] (evalmachine.<anonymous>:8129:423) <- at shift (evalmachine.<anonymous>:2016:18) <- at solvePair (evalmachine.<anonymous>:2033:9) <- at resolveVisualContacts (evalmachine.<anonymous>:2059:43) <- at resolveVisualContacts (evalmachine.<anonymous>:3590:9) <- at evalmachine.<anonymous>:5385:68",
      "i": 1035
    },
    {
      "id": 60,
      "key": "x",
      "old": 2.9992714188597294,
      "next": 2.9844408945451706,
      "pileClock": 28.458333333333762,
      "state": "RESOLVING",
      "phase": "SETTLE",
      "d": 0.9925811646894623,
      "stack": "at Object.set [as x] (evalmachine.<anonymous>:8129:423) <- at shift (evalmachine.<anonymous>:2013:14) <- at solvePair (evalmachine.<anonymous>:2032:9) <- at resolveVisualContacts (evalmachine.<anonymous>:2059:43) <- at resolveVisualContacts (evalmachine.<anonymous>:3590:9) <- at evalmachine.<anonymous>:5385:68",
      "i": 1036
    },
    {
      "id": 60,
      "key": "y",
      "old": 6.0311651179505,
      "next": 6.031318785891368,
      "pileClock": 28.458333333333762,
      "state": "RESOLVING",
      "phase": "SETTLE",
      "d": 0.9925835437547158,
      "stack": "at Object.set [as y] (evalmachine.<anonymous>:8129:423) <- at shift (evalmachine.<anonymous>:2016:18) <- at solvePair (evalmachine.<anonymous>:2032:9) <- at resolveVisualContacts (evalmachine.<anonymous>:2059:43) <- at resolveVisualContacts (evalmachine.<anonymous>:3590:9) <- at evalmachine.<anonymous>:5385:68",
      "i": 1037
    },
    {
      "id": 58,
      "key": "x",
      "old": 4.969288359834946,
      "next": 4.984121272325515,
      "pileClock": 28.458333333333762,
      "state": "RESOLVING",
      "phase": "SETTLE",
      "d": 0.9999988147671941,
      "stack": "at Object.set [as x] (evalmachine.<anonymous>:8129:423) <- at shift (evalmachine.<anonymous>:2013:14) <- at solvePair (evalmachine.<anonymous>:2033:9) <- at resolveVisualContacts (evalmachine.<anonymous>:2059:43) <- at resolveVisualContacts (evalmachine.<anonymous>:3590:9) <- at evalmachine.<anonymous>:5385:68",
      "i": 1038
    },
    {
      "id": 58,
      "key": "x",
      "old": 4.984121272325515,
      "next": 4.984123642791127,
      "pileClock": 28.458333333333762,
      "state": "RESOLVING",
      "phase": "SETTLE",
      "d": 0.9999999998119916,
      "stack": "at Object.set [as x] (evalmachine.<anonymous>:8129:423) <- at shift (evalmachine.<anonymous>:2013:14) <- at solvePair (evalmachine.<anonymous>:2040:25) <- at resolveVisualContacts (evalmachine.<anonymous>:2059:43) <- at resolveVisualContacts (evalmachine.<anonymous>:3590:9) <- at evalmachine.<anonymous>:5385:68",
      "i": 1039
    },
    {
      "id": 58,
      "key": "x",
      "old": 4.984123642791127,
      "next": 4.976066430519271,
      "pileClock": 28.458333333333762,
      "state": "RESOLVING",
      "phase": "SETTLE",
      "d": 0.9959720353011365,
      "stack": "at Object.set [as x] (evalmachine.<anonymous>:8129:423) <- at shift (evalmachine.<anonymous>:2013:14) <- at solvePair (evalmachine.<anonymous>:2032:9) <- at resolveVisualContacts (evalmachine.<anonymous>:2059:43) <- at resolveVisualContacts (evalmachine.<anonymous>:3590:9) <- at evalmachine.<anonymous>:5385:68",
      "i": 1040
    },
    {
      "id": 58,
      "key": "x",
      "old": 4.976066430519271,
      "next": 4.972130370165431,
      "pileClock": 28.458333333333762,
      "state": "RESOLVING",
      "phase": "SETTLE",
      "d": 0.9940043204577855,
      "stack": "at Object.set [as x] (evalmachine.<anonymous>:8129:423) <- at shift (evalmachine.<anonymous>:2013:14) <- at solvePair (evalmachine.<anonymous>:2040:25) <- at resolveVisualContacts (evalmachine.<anonymous>:2059:43) <- at resolveVisualContacts (evalmachine.<anonymous>:3590:9) <- at evalmachine.<anonymous>:5385:68",
      "i": 1041
    },
    {
      "id": 58,
      "key": "x",
      "old": 4.972130370165431,
      "next": 4.970216272318402,
      "pileClock": 28.458333333333762,
      "state": "RESOLVING",
      "phase": "SETTLE",
      "d": 0.9930474253319741,
      "stack": "at Object.set [as x] (evalmachine.<anonymous>:8129:423) <- at shift (evalmachine.<anonymous>:2013:14) <- at solvePair (evalmachine.<anonymous>:2040:25) <- at resolveVisualContacts (evalmachine.<anonymous>:2059:43) <- at resolveVisualContacts (evalmachine.<anonymous>:3590:9) <- at evalmachine.<anonymous>:5385:68",
      "i": 1042
    },
    {
      "id": 58,
      "key": "x",
      "old": 4.970216272318402,
      "next": 4.969287512230579,
      "pileClock": 28.458333333333762,
      "state": "RESOLVING",
      "phase": "SETTLE",
      "d": 0.9925831200207664,
      "stack": "at Object.set [as x] (evalmachine.<anonymous>:8129:423) <- at shift (evalmachine.<anonymous>:2013:14) <- at solvePair (evalmachine.<anonymous>:2040:25) <- at resolveVisualContacts (evalmachine.<anonymous>:2059:43) <- at resolveVisualContacts (evalmachine.<anonymous>:3590:9) <- at evalmachine.<anonymous>:5385:68",
      "i": 1043
    },
    {
      "id": 60,
      "key": "x",
      "old": 2.9844408945451706,
      "next": 2.9992531877234647,
      "pileClock": 28.458333333333762,
      "state": "RESOLVING",
      "phase": "SETTLE",
      "d": 0.9851781748241829,
      "stack": "at Object.set [as x] (evalmachine.<anonymous>:8129:423) <- at shift (evalmachine.<anonymous>:2013:14) <- at solvePair (evalmachine.<anonymous>:2033:9) <- at resolveVisualContacts (evalmachine.<anonymous>:2059:43) <- at resolveVisualContacts (evalmachine.<anonymous>:3590:9) <- at evalmachine.<anonymous>:5385:68",
      "i": 1044
    },
    {
      "id": 60,
      "key": "y",
      "old": 6.031318785891368,
      "next": 6.031552556037854,
      "pileClock": 28.458333333333762,
      "state": "RESOLVING",
      "phase": "SETTLE",
      "d": 0.9851818556891604,
      "stack": "at Object.set [as y] (evalmachine.<anonymous>:8129:423) <- at shift (evalmachine.<anonymous>:2016:18) <- at solvePair (evalmachine.<anonymous>:2033:9) <- at resolveVisualContacts (evalmachine.<anonymous>:2059:43) <- at resolveVisualContacts (evalmachine.<anonymous>:3590:9) <- at evalmachine.<anonymous>:5385:68",
      "i": 1045
    },
    {
      "id": 60,
      "key": "x",
      "old": 2.9992531877234647,
      "next": 2.9844375205706055,
      "pileClock": 28.458333333333762,
      "state": "RESOLVING",
      "phase": "SETTLE",
      "d": 0.9925884601350332,
      "stack": "at Object.set [as x] (evalmachine.<anonymous>:8129:423) <- at shift (evalmachine.<anonymous>:2013:14) <- at solvePair (evalmachine.<anonymous>:2032:9) <- at resolveVisualContacts (evalmachine.<anonymous>:2059:43) <- at resolveVisualContacts (evalmachine.<anonymous>:3590:9) <- at evalmachine.<anonymous>:5385:68",
      "i": 1046
    },
    {
      "id": 60,
      "key": "y",
      "old": 6.031552556037854,
      "next": 6.03170898241303,
      "pileClock": 28.458333333333762,
      "state": "RESOLVING",
      "phase": "SETTLE",
      "d": 0.9925909278445801,
      "stack": "at Object.set [as y] (evalmachine.<anonymous>:8129:423) <- at shift (evalmachine.<anonymous>:2016:18) <- at solvePair (evalmachine.<anonymous>:2032:9) <- at resolveVisualContacts (evalmachine.<anonymous>:2059:43) <- at resolveVisualContacts (evalmachine.<anonymous>:3590:9) <- at evalmachine.<anonymous>:5385:68",
      "i": 1047
    },
    {
      "id": 58,
      "key": "x",
      "old": 4.969287512230579,
      "next": 4.984105656541419,
      "pileClock": 28.458333333333762,
      "state": "RESOLVING",
      "phase": "SETTLE",
      "d": 0.9999987705969753,
      "stack": "at Object.set [as x] (evalmachine.<anonymous>:8129:423) <- at shift (evalmachine.<anonymous>:2013:14) <- at solvePair (evalmachine.<anonymous>:2033:9) <- at resolveVisualContacts (evalmachine.<anonymous>:2059:43) <- at resolveVisualContacts (evalmachine.<anonymous>:3590:9) <- at evalmachine.<anonymous>:5385:68",
      "i": 1048
    },
    {
      "id": 58,
      "key": "x",
      "old": 4.984105656541419,
      "next": 4.9841081153474684,
      "pileClock": 28.458333333333762,
      "state": "RESOLVING",
      "phase": "SETTLE",
      "d": 0.9999999997975143,
      "stack": "at Object.set [as x] (evalmachine.<anonymous>:8129:423) <- at shift (evalmachine.<anonymous>:2013:14) <- at solvePair (evalmachine.<anonymous>:2040:25) <- at resolveVisualContacts (evalmachine.<anonymous>:2059:43) <- at resolveVisualContacts (evalmachine.<anonymous>:3590:9) <- at evalmachine.<anonymous>:5385:68",
      "i": 1049
    },
    {
      "id": 58,
      "key": "x",
      "old": 4.9841081153474684,
      "next": 4.976058822003904,
      "pileClock": 28.458333333333762,
      "state": "RESOLVING",
      "phase": "SETTLE",
      "d": 0.9959760186731063,
      "stack": "at Object.set [as x] (evalmachine.<anonymous>:8129:423) <- at shift (evalmachine.<anonymous>:2013:14) <- at solvePair (evalmachine.<anonymous>:2032:9) <- at resolveVisualContacts (evalmachine.<anonymous>:2059:43) <- at resolveVisualContacts (evalmachine.<anonymous>:3590:9) <- at evalmachine.<anonymous>:5385:68",
      "i": 1050
    },
    {
      "id": 58,
      "key": "x",
      "old": 4.976058822003904,
      "next": 4.972126664649096,
      "pileClock": 28.458333333333762,
      "state": "RESOLVING",
      "phase": "SETTLE",
      "d": 0.9940102670813242,
      "stack": "at Object.set [as x] (evalmachine.<anonymous>:8129:423) <- at shift (evalmachine.<anonymous>:2013:14) <- at solvePair (evalmachine.<anonymous>:2040:25) <- at resolveVisualContacts (evalmachine.<anonymous>:2059:43) <- at resolveVisualContacts (evalmachine.<anonymous>:3590:9) <- at evalmachine.<anonymous>:5385:68",
      "i": 1051
    },
    {
      "id": 58,
      "key": "x",
      "old": 4.972126664649096,
      "next": 4.97021447302279,
      "pileClock": 28.458333333333762,
      "state": "RESOLVING",
      "phase": "SETTLE",
      "d": 0.9930543307965516,
      "stack": "at Object.set [as x] (evalmachine.<anonymous>:8129:423) <- at shift (evalmachine.<anonymous>:2013:14) <- at solvePair (evalmachine.<anonymous>:2040:25) <- at resolveVisualContacts (evalmachine.<anonymous>:2059:43) <- at resolveVisualContacts (evalmachine.<anonymous>:3590:9) <- at evalmachine.<anonymous>:5385:68",
      "i": 1052
    },
    {
      "id": 58,
      "key": "x",
      "old": 4.97021447302279,
      "next": 4.969286639808654,
      "pileClock": 28.458333333333762,
      "state": "RESOLVING",
      "phase": "SETTLE",
      "d": 0.9925904917065393,
      "stack": "at Object.set [as x] (evalmachine.<anonymous>:8129:423) <- at shift (evalmachine.<anonymous>:2013:14) <- at solvePair (evalmachine.<anonymous>:2040:25) <- at resolveVisualContacts (evalmachine.<anonymous>:2059:43) <- at resolveVisualContacts (evalmachine.<anonymous>:3590:9) <- at evalmachine.<anonymous>:5385:68",
      "i": 1053
    },
    {
      "id": 60,
      "key": "x",
      "old": 2.9844375205706055,
      "next": 2.9992344710820524,
      "pileClock": 28.458333333333762,
      "state": "RESOLVING",
      "phase": "SETTLE",
      "d": 0.9851932625466496,
      "stack": "at Object.set [as x] (evalmachine.<anonymous>:8129:423) <- at shift (evalmachine.<anonymous>:2013:14) <- at solvePair (evalmachine.<anonymous>:2033:9) <- at resolveVisualContacts (evalmachine.<anonymous>:2059:43) <- at resolveVisualContacts (evalmachine.<anonymous>:3590:9) <- at evalmachine.<anonymous>:5385:68",
      "i": 1054
    },
    {
      "id": 60,
      "key": "y",
      "old": 6.03170898241303,
      "next": 6.031945420314789,
      "pileClock": 28.458333333333762,
      "state": "RESOLVING",
      "phase": "SETTLE",
      "d": 0.9851970558327737,
      "stack": "at Object.set [as y] (evalmachine.<anonymous>:8129:423) <- at shift (evalmachine.<anonymous>:2016:18) <- at solvePair (evalmachine.<anonymous>:2033:9) <- at resolveVisualContacts (evalmachine.<anonymous>:2059:43) <- at resolveVisualContacts (evalmachine.<anonymous>:3590:9) <- at evalmachine.<anonymous>:5385:68",
      "i": 1055
    },
    {
      "id": 60,
      "key": "x",
      "old": 2.9992344710820524,
      "next": 2.9844340958233526,
      "pileClock": 28.458333333333762,
      "state": "RESOLVING",
      "phase": "SETTLE",
      "d": 0.9925959688043771,
      "stack": "at Object.set [as x] (evalmachine.<anonymous>:8129:423) <- at shift (evalmachine.<anonymous>:2013:14) <- at solvePair (evalmachine.<anonymous>:2032:9) <- at resolveVisualContacts (evalmachine.<anonymous>:2059:43) <- at resolveVisualContacts (evalmachine.<anonymous>:3590:9) <- at evalmachine.<anonymous>:5385:68",
      "i": 1056
    },
    {
      "id": 60,
      "key": "y",
      "old": 6.031945420314789,
      "next": 6.032104635284436,
      "pileClock": 28.458333333333762,
      "state": "RESOLVING",
      "phase": "SETTLE",
      "d": 0.9925985279163868,
      "stack": "at Object.set [as y] (evalmachine.<anonymous>:8129:423) <- at shift (evalmachine.<anonymous>:2016:18) <- at solvePair (evalmachine.<anonymous>:2032:9) <- at resolveVisualContacts (evalmachine.<anonymous>:2059:43) <- at resolveVisualContacts (evalmachine.<anonymous>:3590:9) <- at evalmachine.<anonymous>:5385:68",
      "i": 1057
    },
    {
      "id": 58,
      "key": "x",
      "old": 4.969286639808654,
      "next": 4.984089583975881,
      "pileClock": 28.458333333333762,
      "state": "RESOLVING",
      "phase": "SETTLE",
      "d": 0.9999987250517766,
      "stack": "at Object.set [as x] (evalmachine.<anonymous>:8129:423) <- at shift (evalmachine.<anonymous>:2013:14) <- at solvePair (evalmachine.<anonymous>:2033:9) <- at resolveVisualContacts (evalmachine.<anonymous>:2059:43) <- at resolveVisualContacts (evalmachine.<anonymous>:3590:9) <- at evalmachine.<anonymous>:5385:68",
      "i": 1058
    },
    {
      "id": 58,
      "key": "x",
      "old": 4.984089583975881,
      "next": 4.984092133872328,
      "pileClock": 28.458333333333762,
      "state": "RESOLVING",
      "phase": "SETTLE",
      "d": 0.9999999997820083,
      "stack": "at Object.set [as x] (evalmachine.<anonymous>:8129:423) <- at shift (evalmachine.<anonymous>:2013:14) <- at solvePair (evalmachine.<anonymous>:2040:25) <- at resolveVisualContacts (evalmachine.<anonymous>:2059:43) <- at resolveVisualContacts (evalmachine.<anonymous>:3590:9) <- at evalmachine.<anonymous>:5385:68",
      "i": 1059
    },
    {
      "id": 58,
      "key": "x",
      "old": 4.984092133872328,
      "next": 4.976050991104645,
      "pileClock": 28.458333333333762,
      "state": "RESOLVING",
      "phase": "SETTLE",
      "d": 0.9959801186133291,
      "stack": "at Object.set [as x] (evalmachine.<anonymous>:8129:423) <- at shift (evalmachine.<anonymous>:2013:14) <- at solvePair (evalmachine.<anonymous>:2032:9) <- at resolveVisualContacts (evalmachine.<anonymous>:2059:43) <- at resolveVisualContacts (evalmachine.<anonymous>:3590:9) <- at evalmachine.<anonymous>:5385:68",
      "i": 1060
    },
    {
      "id": 58,
      "key": "x",
      "old": 4.976050991104645,
      "next": 4.972122850849174,
      "pileClock": 28.458333333333762,
      "state": "RESOLVING",
      "phase": "SETTLE",
      "d": 0.9940163876891426,
      "stack": "at Object.set [as x] (evalmachine.<anonymous>:8129:423) <- at shift (evalmachine.<anonymous>:2013:14) <- at solvePair (evalmachine.<anonymous>:2040:25) <- at resolveVisualContacts (evalmachine.<anonymous>:2059:43) <- at resolveVisualContacts (evalmachine.<anonymous>:3590:9) <- at evalmachine.<anonymous>:5385:68",
      "i": 1061
    },
    {
      "id": 58,
      "key": "x",
      "old": 4.972122850849174,
      "next": 4.9702126211529585,
      "pileClock": 28.458333333333762,
      "state": "RESOLVING",
      "phase": "SETTLE",
      "d": 0.9930614382784195,
      "stack": "at Object.set [as x] (evalmachine.<anonymous>:8129:423) <- at shift (evalmachine.<anonymous>:2013:14) <- at solvePair (evalmachine.<anonymous>:2040:25) <- at resolveVisualContacts (evalmachine.<anonymous>:2059:43) <- at resolveVisualContacts (evalmachine.<anonymous>:3590:9) <- at evalmachine.<anonymous>:5385:68",
      "i": 1062
    },
    {
      "id": 58,
      "key": "x",
      "old": 4.9702126211529585,
      "next": 4.9692857418963845,
      "pileClock": 28.458333333333762,
      "state": "RESOLVING",
      "phase": "SETTLE",
      "d": 0.9925980790381641,
      "stack": "at Object.set [as x] (evalmachine.<anonymous>:8129:423) <- at shift (evalmachine.<anonymous>:2013:14) <- at solvePair (evalmachine.<anonymous>:2040:25) <- at resolveVisualContacts (evalmachine.<anonymous>:2059:43) <- at resolveVisualContacts (evalmachine.<anonymous>:3590:9) <- at evalmachine.<anonymous>:5385:68",
      "i": 1063
    },
    {
      "id": 60,
      "key": "x",
      "old": 2.9844340958233526,
      "next": 2.999215256531972,
      "pileClock": 28.458333333333762,
      "state": "RESOLVING",
      "phase": "SETTLE",
      "d": 0.9852087908694991,
      "stack": "at Object.set [as x] (evalmachine.<anonymous>:8129:423) <- at shift (evalmachine.<anonymous>:2013:14) <- at solvePair (evalmachine.<anonymous>:2033:9) <- at resolveVisualContacts (evalmachine.<anonymous>:2059:43) <- at resolveVisualContacts (evalmachine.<anonymous>:3590:9) <- at evalmachine.<anonymous>:5385:68",
      "i": 1064
    },
    {
      "id": 60,
      "key": "y",
      "old": 6.032104635284436,
      "next": 6.032343768332306,
      "pileClock": 28.458333333333762,
      "state": "RESOLVING",
      "phase": "SETTLE",
      "d": 0.9852126996052203,
      "stack": "at Object.set [as y] (evalmachine.<anonymous>:8129:423) <- at shift (evalmachine.<anonymous>:2016:18) <- at solvePair (evalmachine.<anonymous>:2033:9) <- at resolveVisualContacts (evalmachine.<anonymous>:2059:43) <- at resolveVisualContacts (evalmachine.<anonymous>:3590:9) <- at evalmachine.<anonymous>:5385:68",
      "i": 1065
    },
    {
      "id": 60,
      "key": "x",
      "old": 2.999215256531972,
      "next": 2.9844306196319166,
      "pileClock": 28.458333333333762,
      "state": "RESOLVING",
      "phase": "SETTLE",
      "d": 0.992603696463139,
      "stack": "at Object.set [as x] (evalmachine.<anonymous>:8129:423) <- at shift (evalmachine.<anonymous>:2013:14) <- at solvePair (evalmachine.<anonymous>:2032:9) <- at resolveVisualContacts (evalmachine.<anonymous>:2059:43) <- at resolveVisualContacts (evalmachine.<anonymous>:3590:9) <- at evalmachine.<anonymous>:5385:68",
      "i": 1066
    },
    {
      "id": 60,
      "key": "y",
      "old": 6.032343768332306,
      "next": 6.032505801969733,
      "pileClock": 28.458333333333762,
      "state": "RESOLVING",
      "phase": "SETTLE",
      "d": 0.9926063498026102,
      "stack": "at Object.set [as y] (evalmachine.<anonymous>:8129:423) <- at shift (evalmachine.<anonymous>:2016:18) <- at solvePair (evalmachine.<anonymous>:2032:9) <- at resolveVisualContacts (evalmachine.<anonymous>:2059:43) <- at resolveVisualContacts (evalmachine.<anonymous>:3590:9) <- at evalmachine.<anonymous>:5385:68",
      "i": 1067
    },
    {
      "id": 58,
      "key": "x",
      "old": 4.9692857418963845,
      "next": 4.984073042291164,
      "pileClock": 28.458333333333762,
      "state": "RESOLVING",
      "phase": "SETTLE",
      "d": 0.9999986780982383,
      "stack": "at Object.set [as x] (evalmachine.<anonymous>:8129:423) <- at shift (evalmachine.<anonymous>:2013:14) <- at solvePair (evalmachine.<anonymous>:2033:9) <- at resolveVisualContacts (evalmachine.<anonymous>:2059:43) <- at resolveVisualContacts (evalmachine.<anonymous>:3590:9) <- at evalmachine.<anonymous>:5385:68",
      "i": 1068
    },
    {
      "id": 58,
      "key": "x",
      "old": 4.984073042291164,
      "next": 4.9840756860946875,
      "pileClock": 28.458333333333762,
      "state": "RESOLVING",
      "phase": "SETTLE",
      "d": 0.9999999997654064,
      "stack": "at Object.set [as x] (evalmachine.<anonymous>:8129:423) <- at shift (evalmachine.<anonymous>:2013:14) <- at solvePair (evalmachine.<anonymous>:2040:25) <- at resolveVisualContacts (evalmachine.<anonymous>:2059:43) <- at resolveVisualContacts (evalmachine.<anonymous>:3590:9) <- at evalmachine.<anonymous>:5385:68",
      "i": 1069
    },
    {
      "id": 58,
      "key": "x",
      "old": 4.9840756860946875,
      "next": 4.976042931816911,
      "pileClock": 28.458333333333762,
      "state": "RESOLVING",
      "phase": "SETTLE",
      "d": 0.9959843382730992,
      "stack": "at Object.set [as x] (evalmachine.<anonymous>:8129:423) <- at shift (evalmachine.<anonymous>:2013:14) <- at solvePair (evalmachine.<anonymous>:2032:9) <- at resolveVisualContacts (evalmachine.<anonymous>:2059:43) <- at resolveVisualContacts (evalmachine.<anonymous>:3590:9) <- at evalmachine.<anonymous>:5385:68",
      "i": 1070
    },
    {
      "id": 58,
      "key": "x",
      "old": 4.976042931816911,
      "next": 4.972118925843268,
      "pileClock": 28.458333333333762,
      "state": "RESOLVING",
      "phase": "SETTLE",
      "d": 0.9940226869825082,
      "stack": "at Object.set [as x] (evalmachine.<anonymous>:8129:423) <- at shift (evalmachine.<anonymous>:2013:14) <- at solvePair (evalmachine.<anonymous>:2040:25) <- at resolveVisualContacts (evalmachine.<anonymous>:2059:43) <- at resolveVisualContacts (evalmachine.<anonymous>:3590:9) <- at evalmachine.<anonymous>:5385:68",
      "i": 1071
    },
    {
      "id": 58,
      "key": "x",
      "old": 4.972118925843268,
      "next": 4.970210715290339,
      "pileClock": 28.458333333333762,
      "state": "RESOLVING",
      "phase": "SETTLE",
      "d": 0.9930687532350824,
      "stack": "at Object.set [as x] (evalmachine.<anonymous>:8129:423) <- at shift (evalmachine.<anonymous>:2013:14) <- at solvePair (evalmachine.<anonymous>:2040:25) <- at resolveVisualContacts (evalmachine.<anonymous>:2059:43) <- at resolveVisualContacts (evalmachine.<anonymous>:3590:9) <- at evalmachine.<anonymous>:5385:68",
      "i": 1072
    },
    {
      "id": 58,
      "key": "x",
      "old": 4.970210715290339,
      "next": 4.969284817806059,
      "pileClock": 28.458333333333762,
      "state": "RESOLVING",
      "phase": "SETTLE",
      "d": 0.9926058878406716,
      "stack": "at Object.set [as x] (evalmachine.<anonymous>:8129:423) <- at shift (evalmachine.<anonymous>:2013:14) <- at solvePair (evalmachine.<anonymous>:2040:25) <- at resolveVisualContacts (evalmachine.<anonymous>:2059:43) <- at resolveVisualContacts (evalmachine.<anonymous>:3590:9) <- at evalmachine.<anonymous>:5385:68",
      "i": 1073
    },
    {
      "id": 60,
      "key": "x",
      "old": 2.9844306196319166,
      "next": 2.9991955314092507,
      "pileClock": 28.458333333333762,
      "state": "RESOLVING",
      "phase": "SETTLE",
      "d": 0.9852247716472925,
      "stack": "at Object.set [as x] (evalmachine.<anonymous>:8129:423) <- at shift (evalmachine.<anonymous>:2013:14) <- at solvePair (evalmachine.<anonymous>:2033:9) <- at resolveVisualContacts (evalmachine.<anonymous>:2059:43) <- at resolveVisualContacts (evalmachine.<anonymous>:3590:9) <- at evalmachine.<anonymous>:5385:68",
      "i": 1074
    },
    {
      "id": 60,
      "key": "y",
      "old": 6.032505801969733,
      "next": 6.032747657388404,
      "pileClock": 28.458333333333762,
      "state": "RESOLVING",
      "phase": "SETTLE",
      "d": 0.9852287989270141,
      "stack": "at Object.set [as y] (evalmachine.<anonymous>:8129:423) <- at shift (evalmachine.<anonymous>:2016:18) <- at solvePair (evalmachine.<anonymous>:2033:9) <- at resolveVisualContacts (evalmachine.<anonymous>:2059:43) <- at resolveVisualContacts (evalmachine.<anonymous>:3590:9) <- at evalmachine.<anonymous>:5385:68",
      "i": 1075
    },
    {
      "id": 60,
      "key": "x",
      "old": 2.9991955314092507,
      "next": 2.9844270913206157,
      "pileClock": 28.458333333333762,
      "state": "RESOLVING",
      "phase": "SETTLE",
      "d": 0.9926116490040485,
      "stack": "at Object.set [as x] (evalmachine.<anonymous>:8129:423) <- at shift (evalmachine.<anonymous>:2013:14) <- at solvePair (evalmachine.<anonymous>:2032:9) <- at resolveVisualContacts (evalmachine.<anonymous>:2059:43) <- at resolveVisualContacts (evalmachine.<anonymous>:3590:9) <- at evalmachine.<anonymous>:5385:68",
      "i": 1076
    },
    {
      "id": 60,
      "key": "y",
      "old": 6.032747657388404,
      "next": 6.032912539656485,
      "pileClock": 28.458333333333762,
      "state": "RESOLVING",
      "phase": "SETTLE",
      "d": 0.992614399463507,
      "stack": "at Object.set [as y] (evalmachine.<anonymous>:8129:423) <- at shift (evalmachine.<anonymous>:2016:18) <- at solvePair (evalmachine.<anonymous>:2032:9) <- at resolveVisualContacts (evalmachine.<anonymous>:2059:43) <- at resolveVisualContacts (evalmachine.<anonymous>:3590:9) <- at evalmachine.<anonymous>:5385:68",
      "i": 1077
    },
    {
      "id": 58,
      "key": "x",
      "old": 4.969284817806059,
      "next": 4.984056018879045,
      "pileClock": 28.458333333333762,
      "state": "RESOLVING",
      "phase": "SETTLE",
      "d": 0.9999986297026492,
      "stack": "at Object.set [as x] (evalmachine.<anonymous>:8129:423) <- at shift (evalmachine.<anonymous>:2013:14) <- at solvePair (evalmachine.<anonymous>:2033:9) <- at resolveVisualContacts (evalmachine.<anonymous>:2059:43) <- at resolveVisualContacts (evalmachine.<anonymous>:3590:9) <- at evalmachine.<anonymous>:5385:68",
      "i": 1078
    },
    {
      "id": 58,
      "key": "x",
      "old": 4.984056018879045,
      "next": 4.984058759473746,
      "pileClock": 28.458333333333762,
      "state": "RESOLVING",
      "phase": "SETTLE",
      "d": 0.9999999997476379,
      "stack": "at Object.set [as x] (evalmachine.<anonymous>:8129:423) <- at shift (evalmachine.<anonymous>:2013:14) <- at solvePair (evalmachine.<anonymous>:2040:25) <- at resolveVisualContacts (evalmachine.<anonymous>:2059:43) <- at resolveVisualContacts (evalmachine.<anonymous>:3590:9) <- at evalmachine.<anonymous>:5385:68",
      "i": 1079
    },
    {
      "id": 58,
      "key": "x",
      "old": 4.984058759473746,
      "next": 4.976034638004464,
      "pileClock": 28.458333333333762,
      "state": "RESOLVING",
      "phase": "SETTLE",
      "d": 0.9959886808729664,
      "stack": "at Object.set [as x] (evalmachine.<anonymous>:8129:423) <- at shift (evalmachine.<anonymous>:2013:14) <- at solvePair (evalmachine.<anonymous>:2032:9) <- at resolveVisualContacts (evalmachine.<anonymous>:2059:43) <- at resolveVisualContacts (evalmachine.<anonymous>:3590:9) <- at evalmachine.<anonymous>:5385:68",
      "i": 1080
    },
    {
      "id": 58,
      "key": "x",
      "old": 4.976034638004464,
      "next": 4.972114886644996,
      "pileClock": 28.458333333333762,
      "state": "RESOLVING",
      "phase": "SETTLE",
      "d": 0.9940291697658736,
      "stack": "at Object.set [as x] (evalmachine.<anonymous>:8129:423) <- at shift (evalmachine.<anonymous>:2013:14) <- at solvePair (evalmachine.<anonymous>:2040:25) <- at resolveVisualContacts (evalmachine.<anonymous>:2059:43) <- at resolveVisualContacts (evalmachine.<anonymous>:3590:9) <- at evalmachine.<anonymous>:5385:68",
      "i": 1081
    },
    {
      "id": 58,
      "key": "x",
      "old": 4.972114886644996,
      "next": 4.970208753985324,
      "pileClock": 28.458333333333762,
      "state": "RESOLVING",
      "phase": "SETTLE",
      "d": 0.993076281243748,
      "stack": "at Object.set [as x] (evalmachine.<anonymous>:8129:423) <- at shift (evalmachine.<anonymous>:2013:14) <- at solvePair (evalmachine.<anonymous>:2040:25) <- at resolveVisualContacts (evalmachine.<anonymous>:2059:43) <- at resolveVisualContacts (evalmachine.<anonymous>:3590:9) <- at evalmachine.<anonymous>:5385:68",
      "i": 1082
    },
    {
      "id": 58,
      "key": "x",
      "old": 4.970208753985324,
      "next": 4.969283866834928,
      "pileClock": 28.458333333333762,
      "state": "RESOLVING",
      "phase": "SETTLE",
      "d": 0.9926139240668178,
      "stack": "at Object.set [as x] (evalmachine.<anonymous>:8129:423) <- at shift (evalmachine.<anonymous>:2013:14) <- at solvePair (evalmachine.<anonymous>:2040:25) <- at resolveVisualContacts (evalmachine.<anonymous>:2059:43) <- at resolveVisualContacts (evalmachine.<anonymous>:3590:9) <- at evalmachine.<anonymous>:5385:68",
      "i": 1083
    },
    {
      "id": 60,
      "key": "x",
      "old": 2.9844270913206157,
      "next": 2.9991752827878777,
      "pileClock": 28.458333333333762,
      "state": "RESOLVING",
      "phase": "SETTLE",
      "d": 0.9852412169915683,
      "stack": "at Object.set [as x] (evalmachine.<anonymous>:8129:423) <- at shift (evalmachine.<anonymous>:2013:14) <- at solvePair (evalmachine.<anonymous>:2033:9) <- at resolveVisualContacts (evalmachine.<anonymous>:2059:43) <- at resolveVisualContacts (evalmachine.<anonymous>:3590:9) <- at evalmachine.<anonymous>:5385:68",
      "i": 1084
    },
    {
      "id": 60,
      "key": "y",
      "old": 6.032912539656485,
      "next": 6.0331571444790315,
      "pileClock": 28.458333333333762,
      "state": "RESOLVING",
      "phase": "SETTLE",
      "d": 0.9852453659760978,
      "stack": "at Object.set [as y] (evalmachine.<anonymous>:8129:423) <- at shift (evalmachine.<anonymous>:2016:18) <- at solvePair (evalmachine.<anonymous>:2033:9) <- at resolveVisualContacts (evalmachine.<anonymous>:2059:43) <- at resolveVisualContacts (evalmachine.<anonymous>:3590:9) <- at evalmachine.<anonymous>:5385:68",
      "i": 1085
    },
    {
      "id": 60,
      "key": "x",
      "old": 2.9991752827878777,
      "next": 2.9844235102098033,
      "pileClock": 28.458333333333762,
      "state": "RESOLVING",
      "phase": "SETTLE",
      "d": 0.9926198324479071,
      "stack": "at Object.set [as x] (evalmachine.<anonymous>:8129:423) <- at shift (evalmachine.<anonymous>:2013:14) <- at solvePair (evalmachine.<anonymous>:2032:9) <- at resolveVisualContacts (evalmachine.<anonymous>:2059:43) <- at resolveVisualContacts (evalmachine.<anonymous>:3590:9) <- at evalmachine.<anonymous>:5385:68",
      "i": 1086
    },
    {
      "id": 60,
      "key": "y",
      "old": 6.0331571444790315,
      "next": 6.033324905205525,
      "pileClock": 28.458333333333762,
      "state": "RESOLVING",
      "phase": "SETTLE",
      "d": 0.9926226829880488,
      "stack": "at Object.set [as y] (evalmachine.<anonymous>:8129:423) <- at shift (evalmachine.<anonymous>:2016:18) <- at solvePair (evalmachine.<anonymous>:2032:9) <- at resolveVisualContacts (evalmachine.<anonymous>:2059:43) <- at resolveVisualContacts (evalmachine.<anonymous>:3590:9) <- at evalmachine.<anonymous>:5385:68",
      "i": 1087
    },
    {
      "id": 58,
      "key": "x",
      "old": 4.969283866834928,
      "next": 4.98403850085883,
      "pileClock": 28.458333333333762,
      "state": "RESOLVING",
      "phase": "SETTLE",
      "d": 0.999998579830974,
      "stack": "at Object.set [as x] (evalmachine.<anonymous>:8129:423) <- at shift (evalmachine.<anonymous>:2013:14) <- at solvePair (evalmachine.<anonymous>:2033:9) <- at resolveVisualContacts (evalmachine.<anonymous>:2059:43) <- at resolveVisualContacts (evalmachine.<anonymous>:3590:9) <- at evalmachine.<anonymous>:5385:68",
      "i": 1088
    },
    {
      "id": 58,
      "key": "x",
      "old": 4.98403850085883,
      "next": 4.984041341196882,
      "pileClock": 28.458333333333762,
      "state": "RESOLVING",
      "phase": "SETTLE",
      "d": 0.9999999997286276,
      "stack": "at Object.set [as x] (evalmachine.<anonymous>:8129:423) <- at shift (evalmachine.<anonymous>:2013:14) <- at solvePair (evalmachine.<anonymous>:2040:25) <- at resolveVisualContacts (evalmachine.<anonymous>:2059:43) <- at resolveVisualContacts (evalmachine.<anonymous>:3590:9) <- at evalmachine.<anonymous>:5385:68",
      "i": 1089
    },
    {
      "id": 58,
      "key": "x",
      "old": 4.984041341196882,
      "next": 4.976026103398448,
      "pileClock": 28.458333333333762,
      "state": "RESOLVING",
      "phase": "SETTLE",
      "d": 0.9959931497032607,
      "stack": "at Object.set [as x] (evalmachine.<anonymous>:8129:423) <- at shift (evalmachine.<anonymous>:2013:14) <- at solvePair (evalmachine.<anonymous>:2032:9) <- at resolveVisualContacts (evalmachine.<anonymous>:2059:43) <- at resolveVisualContacts (evalmachine.<anonymous>:3590:9) <- at evalmachine.<anonymous>:5385:68",
      "i": 1090
    },
    {
      "id": 58,
      "key": "x",
      "old": 4.976026103398448,
      "next": 4.972110730203526,
      "pileClock": 28.458333333333762,
      "state": "RESOLVING",
      "phase": "SETTLE",
      "d": 0.9940358409476397,
      "stack": "at Object.set [as x] (evalmachine.<anonymous>:8129:423) <- at shift (evalmachine.<anonymous>:2013:14) <- at solvePair (evalmachine.<anonymous>:2040:25) <- at resolveVisualContacts (evalmachine.<anonymous>:2059:43) <- at resolveVisualContacts (evalmachine.<anonymous>:3590:9) <- at evalmachine.<anonymous>:5385:68",
      "i": 1091
    },
    {
      "id": 58,
      "key": "x",
      "old": 4.972110730203526,
      "next": 4.970206735757046,
      "pileClock": 28.458333333333762,
      "state": "RESOLVING",
      "phase": "SETTLE",
      "d": 0.9930840280022083,
      "stack": "at Object.set [as x] (evalmachine.<anonymous>:8129:423) <- at shift (evalmachine.<anonymous>:2013:14) <- at solvePair (evalmachine.<anonymous>:2040:25) <- at resolveVisualContacts (evalmachine.<anonymous>:2059:43) <- at resolveVisualContacts (evalmachine.<anonymous>:3590:9) <- at evalmachine.<anonymous>:5385:68",
      "i": 1092
    },
    {
      "id": 58,
      "key": "x",
      "old": 4.970206735757046,
      "next": 4.969282888265088,
      "pileClock": 28.458333333333762,
      "state": "RESOLVING",
      "phase": "SETTLE",
      "d": 0.9926221937980185,
      "stack": "at Object.set [as x] (evalmachine.<anonymous>:8129:423) <- at shift (evalmachine.<anonymous>:2013:14) <- at solvePair (evalmachine.<anonymous>:2040:25) <- at resolveVisualContacts (evalmachine.<anonymous>:2059:43) <- at resolveVisualContacts (evalmachine.<anonymous>:3590:9) <- at evalmachine.<anonymous>:5385:68",
      "i": 1093
    },
    {
      "id": 60,
      "key": "x",
      "old": 2.9844235102098033,
      "next": 2.999154497478493,
      "pileClock": 28.458333333333762,
      "state": "RESOLVING",
      "phase": "SETTLE",
      "d": 0.985258139272512,
      "stack": "at Object.set [as x] (evalmachine.<anonymous>:8129:423) <- at shift (evalmachine.<anonymous>:2013:14) <- at solvePair (evalmachine.<anonymous>:2033:9) <- at resolveVisualContacts (evalmachine.<anonymous>:2059:43) <- at resolveVisualContacts (evalmachine.<anonymous>:3590:9) <- at evalmachine.<anonymous>:5385:68",
      "i": 1094
    },
    {
      "id": 60,
      "key": "y",
      "old": 6.033324905205525,
      "next": 6.033572286246813,
      "pileClock": 28.458333333333762,
      "state": "RESOLVING",
      "phase": "SETTLE",
      "d": 0.9852624131894476,
      "stack": "at Object.set [as y] (evalmachine.<anonymous>:8129:423) <- at shift (evalmachine.<anonymous>:2016:18) <- at solvePair (evalmachine.<anonymous>:2033:9) <- at resolveVisualContacts (evalmachine.<anonymous>:2059:43) <- at resolveVisualContacts (evalmachine.<anonymous>:3590:9) <- at evalmachine.<anonymous>:5385:68",
      "i": 1095
    },
    {
      "id": 60,
      "key": "x",
      "old": 2.999154497478493,
      "next": 2.9844198756160996,
      "pileClock": 28.458333333333762,
      "state": "RESOLVING",
      "phase": "SETTLE",
      "d": 0.9926282529444513,
      "stack": "at Object.set [as x] (evalmachine.<anonymous>:8129:423) <- at shift (evalmachine.<anonymous>:2013:14) <- at solvePair (evalmachine.<anonymous>:2032:9) <- at resolveVisualContacts (evalmachine.<anonymous>:2059:43) <- at resolveVisualContacts (evalmachine.<anonymous>:3590:9) <- at evalmachine.<anonymous>:5385:68",
      "i": 1096
    },
    {
      "id": 60,
      "key": "y",
      "old": 6.033572286246813,
      "next": 6.033742955098539,
      "pileClock": 28.458333333333762,
      "state": "RESOLVING",
      "phase": "SETTLE",
      "d": 0.9926312065947238,
      "stack": "at Object.set [as y] (evalmachine.<anonymous>:8129:423) <- at shift (evalmachine.<anonymous>:2016:18) <- at solvePair (evalmachine.<anonymous>:2032:9) <- at resolveVisualContacts (evalmachine.<anonymous>:2059:43) <- at resolveVisualContacts (evalmachine.<anonymous>:3590:9) <- at evalmachine.<anonymous>:5385:68",
      "i": 1097
    },
    {
      "id": 58,
      "key": "x",
      "old": 4.969282888265088,
      "next": 4.98402047507564,
      "pileClock": 28.458333333333762,
      "state": "RESOLVING",
      "phase": "SETTLE",
      "d": 0.9999985284488832,
      "stack": "at Object.set [as x] (evalmachine.<anonymous>:8129:423) <- at shift (evalmachine.<anonymous>:2013:14) <- at solvePair (evalmachine.<anonymous>:2033:9) <- at resolveVisualContacts (evalmachine.<anonymous>:2059:43) <- at resolveVisualContacts (evalmachine.<anonymous>:3590:9) <- at evalmachine.<anonymous>:5385:68",
      "i": 1098
    },
    {
      "id": 58,
      "key": "x",
      "old": 4.98402047507564,
      "next": 4.984023418177874,
      "pileClock": 28.458333333333762,
      "state": "RESOLVING",
      "phase": "SETTLE",
      "d": 0.9999999997082963,
      "stack": "at Object.set [as x] (evalmachine.<anonymous>:8129:423) <- at shift (evalmachine.<anonymous>:2013:14) <- at solvePair (evalmachine.<anonymous>:2040:25) <- at resolveVisualContacts (evalmachine.<anonymous>:2059:43) <- at resolveVisualContacts (evalmachine.<anonymous>:3590:9) <- at evalmachine.<anonymous>:5385:68",
      "i": 1099
    },
    {
      "id": 58,
      "key": "x",
      "old": 4.984023418177874,
      "next": 4.97601732159655,
      "pileClock": 28.458333333333762,
      "state": "RESOLVING",
      "phase": "SETTLE",
      "d": 0.9959977481245408,
      "stack": "at Object.set [as x] (evalmachine.<anonymous>:8129:423) <- at shift (evalmachine.<anonymous>:2013:14) <- at solvePair (evalmachine.<anonymous>:2032:9) <- at resolveVisualContacts (evalmachine.<anonymous>:2059:43) <- at resolveVisualContacts (evalmachine.<anonymous>:3590:9) <- at evalmachine.<anonymous>:5385:68",
      "i": 1100
    },
    {
      "id": 58,
      "key": "x",
      "old": 4.97601732159655,
      "next": 4.972106453403169,
      "pileClock": 28.458333333333762,
      "state": "RESOLVING",
      "phase": "SETTLE",
      "d": 0.9940427055408189,
      "stack": "at Object.set [as x] (evalmachine.<anonymous>:8129:423) <- at shift (evalmachine.<anonymous>:2013:14) <- at solvePair (evalmachine.<anonymous>:2040:25) <- at resolveVisualContacts (evalmachine.<anonymous>:2059:43) <- at resolveVisualContacts (evalmachine.<anonymous>:3590:9) <- at evalmachine.<anonymous>:5385:68",
      "i": 1101
    },
    {
      "id": 58,
      "key": "x",
      "old": 4.972106453403169,
      "next": 4.970204659093173,
      "pileClock": 28.458333333333762,
      "state": "RESOLVING",
      "phase": "SETTLE",
      "d": 0.9930919993296012,
      "stack": "at Object.set [as x] (evalmachine.<anonymous>:8129:423) <- at shift (evalmachine.<anonymous>:2013:14) <- at solvePair (evalmachine.<anonymous>:2040:25) <- at resolveVisualContacts (evalmachine.<anonymous>:2059:43) <- at resolveVisualContacts (evalmachine.<anonymous>:3590:9) <- at evalmachine.<anonymous>:5385:68",
      "i": 1102
    },
    {
      "id": 58,
      "key": "x",
      "old": 4.970204659093173,
      "next": 4.96928188136339,
      "pileClock": 28.458333333333762,
      "state": "RESOLVING",
      "phase": "SETTLE",
      "d": 0.9926307032451606,
      "stack": "at Object.set [as x] (evalmachine.<anonymous>:8129:423) <- at shift (evalmachine.<anonymous>:2013:14) <- at solvePair (evalmachine.<anonymous>:2040:25) <- at resolveVisualContacts (evalmachine.<anonymous>:2059:43) <- at resolveVisualContacts (evalmachine.<anonymous>:3590:9) <- at evalmachine.<anonymous>:5385:68",
      "i": 1103
    },
    {
      "id": 60,
      "key": "x",
      "old": 2.9844198756160996,
      "next": 2.9991331620273747,
      "pileClock": 28.458333333333762,
      "state": "RESOLVING",
      "phase": "SETTLE",
      "d": 0.9852755511203594,
      "stack": "at Object.set [as x] (evalmachine.<anonymous>:8129:423) <- at shift (evalmachine.<anonymous>:2013:14) <- at solvePair (evalmachine.<anonymous>:2033:9) <- at resolveVisualContacts (evalmachine.<anonymous>:2059:43) <- at resolveVisualContacts (evalmachine.<anonymous>:3590:9) <- at evalmachine.<anonymous>:5385:68",
      "i": 1104
    },
    {
      "id": 60,
      "key": "y",
      "old": 6.033742955098539,
      "next": 6.03399313892749,
      "pileClock": 28.458333333333762,
      "state": "RESOLVING",
      "phase": "SETTLE",
      "d": 0.9852799532643994,
      "stack": "at Object.set [as y] (evalmachine.<anonymous>:8129:423) <- at shift (evalmachine.<anonymous>:2016:18) <- at solvePair (evalmachine.<anonymous>:2033:9) <- at resolveVisualContacts (evalmachine.<anonymous>:2059:43) <- at resolveVisualContacts (evalmachine.<anonymous>:3590:9) <- at evalmachine.<anonymous>:5385:68",
      "i": 1105
    },
    {
      "id": 60,
      "key": "x",
      "old": 2.9991331620273747,
      "next": 2.984416186852641,
      "pileClock": 28.458333333333762,
      "state": "RESOLVING",
      "phase": "SETTLE",
      "d": 0.9926369167730824,
      "stack": "at Object.set [as x] (evalmachine.<anonymous>:8129:423) <- at shift (evalmachine.<anonymous>:2013:14) <- at solvePair (evalmachine.<anonymous>:2032:9) <- at resolveVisualContacts (evalmachine.<anonymous>:2059:43) <- at resolveVisualContacts (evalmachine.<anonymous>:3590:9) <- at evalmachine.<anonymous>:5385:68",
      "i": 1106
    },
    {
      "id": 60,
      "key": "y",
      "old": 6.03399313892749,
      "next": 6.03416674538334,
      "pileClock": 28.458333333333762,
      "state": "RESOLVING",
      "phase": "SETTLE",
      "d": 0.9926399766321998,
      "stack": "at Object.set [as y] (evalmachine.<anonymous>:8129:423) <- at shift (evalmachine.<anonymous>:2016:18) <- at solvePair (evalmachine.<anonymous>:2032:9) <- at resolveVisualContacts (evalmachine.<anonymous>:2059:43) <- at resolveVisualContacts (evalmachine.<anonymous>:3590:9) <- at evalmachine.<anonymous>:5385:68",
      "i": 1107
    },
    {
      "id": 58,
      "key": "x",
      "old": 4.96928188136339,
      "next": 4.984001928098991,
      "pileClock": 28.458333333333762,
      "state": "RESOLVING",
      "phase": "SETTLE",
      "d": 0.9999984755217847,
      "stack": "at Object.set [as x] (evalmachine.<anonymous>:8129:423) <- at shift (evalmachine.<anonymous>:2013:14) <- at solvePair (evalmachine.<anonymous>:2033:9) <- at resolveVisualContacts (evalmachine.<anonymous>:2059:43) <- at resolveVisualContacts (evalmachine.<anonymous>:3590:9) <- at evalmachine.<anonymous>:5385:68",
      "i": 1108
    },
    {
      "id": 58,
      "key": "x",
      "old": 4.984001928098991,
      "next": 4.984004977055421,
      "pileClock": 28.458333333333762,
      "state": "RESOLVING",
      "phase": "SETTLE",
      "d": 0.9999999996865596,
      "stack": "at Object.set [as x] (evalmachine.<anonymous>:8129:423) <- at shift (evalmachine.<anonymous>:2013:14) <- at solvePair (evalmachine.<anonymous>:2040:25) <- at resolveVisualContacts (evalmachine.<anonymous>:2059:43) <- at resolveVisualContacts (evalmachine.<anonymous>:3590:9) <- at evalmachine.<anonymous>:5385:68",
      "i": 1109
    },
    {
      "id": 58,
      "key": "x",
      "old": 4.984004977055421,
      "next": 4.9760082860623,
      "pileClock": 28.458333333333762,
      "state": "RESOLVING",
      "phase": "SETTLE",
      "d": 0.9960024795679723,
      "stack": "at Object.set [as x] (evalmachine.<anonymous>:8129:423) <- at shift (evalmachine.<anonymous>:2013:14) <- at solvePair (evalmachine.<anonymous>:2032:9) <- at resolveVisualContacts (evalmachine.<anonymous>:2059:43) <- at resolveVisualContacts (evalmachine.<anonymous>:3590:9) <- at evalmachine.<anonymous>:5385:68",
      "i": 1110
    },
    {
      "id": 58,
      "key": "x",
      "old": 4.9760082860623,
      "next": 4.972102053063056,
      "pileClock": 28.458333333333762,
      "state": "RESOLVING",
      "phase": "SETTLE",
      "d": 0.9940497686635849,
      "stack": "at Object.set [as x] (evalmachine.<anonymous>:8129:423) <- at shift (evalmachine.<anonymous>:2013:14) <- at solvePair (evalmachine.<anonymous>:2040:25) <- at resolveVisualContacts (evalmachine.<anonymous>:2059:43) <- at resolveVisualContacts (evalmachine.<anonymous>:3590:9) <- at evalmachine.<anonymous>:5385:68",
      "i": 1111
    },
    {
      "id": 58,
      "key": "x",
      "old": 4.972102053063056,
      "next": 4.970202522449764,
      "pileClock": 28.458333333333762,
      "state": "RESOLVING",
      "phase": "SETTLE",
      "d": 0.9931002011670458,
      "stack": "at Object.set [as x] (evalmachine.<anonymous>:8129:423) <- at shift (evalmachine.<anonymous>:2013:14) <- at solvePair (evalmachine.<anonymous>:2040:25) <- at resolveVisualContacts (evalmachine.<anonymous>:2059:43) <- at resolveVisualContacts (evalmachine.<anonymous>:3590:9) <- at evalmachine.<anonymous>:5385:68",
      "i": 1112
    },
    {
      "id": 58,
      "key": "x",
      "old": 4.970202522449764,
      "next": 4.969280845381366,
      "pileClock": 28.458333333333762,
      "state": "RESOLVING",
      "phase": "SETTLE",
      "d": 0.9926394587492747,
      "stack": "at Object.set [as x] (evalmachine.<anonymous>:8129:423) <- at shift (evalmachine.<anonymous>:2013:14) <- at solvePair (evalmachine.<anonymous>:2040:25) <- at resolveVisualContacts (evalmachine.<anonymous>:2059:43) <- at resolveVisualContacts (evalmachine.<anonymous>:3590:9) <- at evalmachine.<anonymous>:5385:68",
      "i": 1113
    },
    {
      "id": 60,
      "key": "x",
      "old": 2.984416186852641,
      "next": 2.999111262715747,
      "pileClock": 28.458333333333762,
      "state": "RESOLVING",
      "phase": "SETTLE",
      "d": 0.9852934654265042,
      "stack": "at Object.set [as x] (evalmachine.<anonymous>:8129:423) <- at shift (evalmachine.<anonymous>:2013:14) <- at solvePair (evalmachine.<anonymous>:2033:9) <- at resolveVisualContacts (evalmachine.<anonymous>:2059:43) <- at resolveVisualContacts (evalmachine.<anonymous>:3590:9) <- at evalmachine.<anonymous>:5385:68",
      "i": 1114
    },
    {
      "id": 60,
      "key": "y",
      "old": 6.03416674538334,
      "next": 6.034419758294003,
      "pileClock": 28.458333333333762,
      "state": "RESOLVING",
      "phase": "SETTLE",
      "d": 0.9852979991596789,
      "stack": "at Object.set [as y] (evalmachine.<anonymous>:8129:423) <- at shift (evalmachine.<anonymous>:2016:18) <- at solvePair (evalmachine.<anonymous>:2033:9) <- at resolveVisualContacts (evalmachine.<anonymous>:2059:43) <- at resolveVisualContacts (evalmachine.<anonymous>:3590:9) <- at evalmachine.<anonymous>:5385:68",
      "i": 1115
    },
    {
      "id": 60,
      "key": "x",
      "old": 2.999111262715747,
      "next": 2.9844124432293437,
      "pileClock": 28.458333333333762,
      "state": "RESOLVING",
      "phase": "SETTLE",
      "d": 0.9926458303434524,
      "stack": "at Object.set [as x] (evalmachine.<anonymous>:8129:423) <- at shift (evalmachine.<anonymous>:2013:14) <- at solvePair (evalmachine.<anonymous>:2032:9) <- at resolveVisualContacts (evalmachine.<anonymous>:2059:43) <- at resolveVisualContacts (evalmachine.<anonymous>:3590:9) <- at evalmachine.<anonymous>:5385:68",
      "i": 1116
    },
    {
      "id": 60,
      "key": "y",
      "old": 6.034419758294003,
      "next": 6.034596331616764,
      "pileClock": 28.458333333333762,
      "state": "RESOLVING",
      "phase": "SETTLE",
      "d": 0.9926489995798393,
      "stack": "at Object.set [as y] (evalmachine.<anonymous>:8129:423) <- at shift (evalmachine.<anonymous>:2016:18) <- at solvePair (evalmachine.<anonymous>:2032:9) <- at resolveVisualContacts (evalmachine.<anonymous>:2059:43) <- at resolveVisualContacts (evalmachine.<anonymous>:3590:9) <- at evalmachine.<anonymous>:5385:68",
      "i": 1117
    },
    {
      "id": 58,
      "key": "x",
      "old": 4.969280845381366,
      "next": 4.9839828462216875,
      "pileClock": 28.458333333333762,
      "state": "RESOLVING",
      "phase": "SETTLE",
      "d": 0.9999984210148617,
      "stack": "at Object.set [as x] (evalmachine.<anonymous>:8129:423) <- at shift (evalmachine.<anonymous>:2013:14) <- at solvePair (evalmachine.<anonymous>:2033:9) <- at resolveVisualContacts (evalmachine.<anonymous>:2059:43) <- at resolveVisualContacts (evalmachine.<anonymous>:3590:9) <- at evalmachine.<anonymous>:5385:68",
      "i": 1118
    },
    {
      "id": 58,
      "key": "x",
      "old": 4.9839828462216875,
      "next": 4.983986004191964,
      "pileClock": 28.458333333333762,
      "state": "RESOLVING",
      "phase": "SETTLE",
      "d": 0.9999999996633293,
      "stack": "at Object.set [as x] (evalmachine.<anonymous>:8129:423) <- at shift (evalmachine.<anonymous>:2013:14) <- at solvePair (evalmachine.<anonymous>:2040:25) <- at resolveVisualContacts (evalmachine.<anonymous>:2059:43) <- at resolveVisualContacts (evalmachine.<anonymous>:3590:9) <- at evalmachine.<anonymous>:5385:68",
      "i": 1119
    },
    {
      "id": 58,
      "key": "x",
      "old": 4.983986004191964,
      "next": 4.9759989901245385,
      "pileClock": 28.458333333333762,
      "state": "RESOLVING",
      "phase": "SETTLE",
      "d": 0.9960073475356277,
      "stack": "at Object.set [as x] (evalmachine.<anonymous>:8129:423) <- at shift (evalmachine.<anonymous>:2013:14) <- at solvePair (evalmachine.<anonymous>:2032:9) <- at resolveVisualContacts (evalmachine.<anonymous>:2059:43) <- at resolveVisualContacts (evalmachine.<anonymous>:3590:9) <- at evalmachine.<anonymous>:5385:68",
      "i": 1120
    },
    {
      "id": 58,
      "key": "x",
      "old": 4.9759989901245385,
      "next": 4.972097525936878,
      "pileClock": 28.458333333333762,
      "state": "RESOLVING",
      "phase": "SETTLE",
      "d": 0.9940570355397065,
      "stack": "at Object.set [as x] (evalmachine.<anonymous>:8129:423) <- at shift (evalmachine.<anonymous>:2013:14) <- at solvePair (evalmachine.<anonymous>:2040:25) <- at resolveVisualContacts (evalmachine.<anonymous>:2059:43) <- at resolveVisualContacts (evalmachine.<anonymous>:3590:9) <- at evalmachine.<anonymous>:5385:68",
      "i": 1121
    },
    {
      "id": 58,
      "key": "x",
      "old": 4.972097525936878,
      "next": 4.970200324251141,
      "pileClock": 28.458333333333762,
      "state": "RESOLVING",
      "phase": "SETTLE",
      "d": 0.9931086395781356,
      "stack": "at Object.set [as x] (evalmachine.<anonymous>:8129:423) <- at shift (evalmachine.<anonymous>:2013:14) <- at solvePair (evalmachine.<anonymous>:2040:25) <- at resolveVisualContacts (evalmachine.<anonymous>:2059:43) <- at resolveVisualContacts (evalmachine.<anonymous>:3590:9) <- at evalmachine.<anonymous>:5385:68",
      "i": 1122
    },
    {
      "id": 58,
      "key": "x",
      "old": 4.970200324251141,
      "next": 4.96927977955517,
      "pileClock": 28.458333333333762,
      "state": "RESOLVING",
      "phase": "SETTLE",
      "d": 0.9926484667820579,
      "stack": "at Object.set [as x] (evalmachine.<anonymous>:8129:423) <- at shift (evalmachine.<anonymous>:2013:14) <- at solvePair (evalmachine.<anonymous>:2040:25) <- at resolveVisualContacts (evalmachine.<anonymous>:2059:43) <- at resolveVisualContacts (evalmachine.<anonymous>:3590:9) <- at evalmachine.<anonymous>:5385:68",
      "i": 1123
    },
    {
      "id": 60,
      "key": "x",
      "old": 2.9844124432293437,
      "next": 2.9990887855594366,
      "pileClock": 28.458333333333762,
      "state": "RESOLVING",
      "phase": "SETTLE",
      "d": 0.9853118953442862,
      "stack": "at Object.set [as x] (evalmachine.<anonymous>:8129:423) <- at shift (evalmachine.<anonymous>:2013:14) <- at solvePair (evalmachine.<anonymous>:2033:9) <- at resolveVisualContacts (evalmachine.<anonymous>:2059:43) <- at resolveVisualContacts (evalmachine.<anonymous>:3590:9) <- at evalmachine.<anonymous>:5385:68",
      "i": 1124
    },
    {
      "id": 60,
      "key": "y",
      "old": 6.034596331616764,
      "next": 6.034852199598194,
      "pileClock": 28.458333333333762,
      "state": "RESOLVING",
      "phase": "SETTLE",
      "d": 0.9853165640961035,
      "stack": "at Object.set [as y] (evalmachine.<anonymous>:8129:423) <- at shift (evalmachine.<anonymous>:2016:18) <- at solvePair (evalmachine.<anonymous>:2033:9) <- at resolveVisualContacts (evalmachine.<anonymous>:2059:43) <- at resolveVisualContacts (evalmachine.<anonymous>:3590:9) <- at evalmachine.<anonymous>:5385:68",
      "i": 1125
    },
    {
      "id": 60,
      "key": "x",
      "old": 2.9990887855594366,
      "next": 2.9844086440531843,
      "pileClock": 28.458333333333762,
      "state": "RESOLVING",
      "phase": "SETTLE",
      "d": 0.9926550001958949,
      "stack": "at Object.set [as x] (evalmachine.<anonymous>:8129:423) <- at shift (evalmachine.<anonymous>:2013:14) <- at solvePair (evalmachine.<anonymous>:2032:9) <- at resolveVisualContacts (evalmachine.<anonymous>:2059:43) <- at resolveVisualContacts (evalmachine.<anonymous>:3590:9) <- at evalmachine.<anonymous>:5385:68",
      "i": 1126
    },
    {
      "id": 60,
      "key": "y",
      "old": 6.034852199598194,
      "next": 6.0350317688051325,
      "pileClock": 28.458333333333762,
      "state": "RESOLVING",
      "phase": "SETTLE",
      "d": 0.9926582820480516,
      "stack": "at Object.set [as y] (evalmachine.<anonymous>:8129:423) <- at shift (evalmachine.<anonymous>:2016:18) <- at solvePair (evalmachine.<anonymous>:2032:9) <- at resolveVisualContacts (evalmachine.<anonymous>:2059:43) <- at resolveVisualContacts (evalmachine.<anonymous>:3590:9) <- at evalmachine.<anonymous>:5385:68",
      "i": 1127
    },
    {
      "id": 58,
      "key": "x",
      "old": 4.96927977955517,
      "next": 4.983963215459067,
      "pileClock": 28.458333333333762,
      "state": "RESOLVING",
      "phase": "SETTLE",
      "d": 0.9999983648931104,
      "stack": "at Object.set [as x] (evalmachine.<anonymous>:8129:423) <- at shift (evalmachine.<anonymous>:2013:14) <- at solvePair (evalmachine.<anonymous>:2033:9) <- at resolveVisualContacts (evalmachine.<anonymous>:2059:43) <- at resolveVisualContacts (evalmachine.<anonymous>:3590:9) <- at evalmachine.<anonymous>:5385:68",
      "i": 1128
    },
    {
      "id": 58,
      "key": "x",
      "old": 4.983963215459067,
      "next": 4.983966485672846,
      "pileClock": 28.458333333333762,
      "state": "RESOLVING",
      "phase": "SETTLE",
      "d": 0.9999999996385116,
      "stack": "at Object.set [as x] (evalmachine.<anonymous>:8129:423) <- at shift (evalmachine.<anonymous>:2013:14) <- at solvePair (evalmachine.<anonymous>:2040:25) <- at resolveVisualContacts (evalmachine.<anonymous>:2059:43) <- at resolveVisualContacts (evalmachine.<anonymous>:3590:9) <- at evalmachine.<anonymous>:5385:68",
      "i": 1129
    },
    {
      "id": 58,
      "key": "x",
      "old": 4.983966485672846,
      "next": 4.9759894269770335,
      "pileClock": 28.458333333333762,
      "state": "RESOLVING",
      "phase": "SETTLE",
      "d": 0.9960123556006958,
      "stack": "at Object.set [as x] (evalmachine.<anonymous>:8129:423) <- at shift (evalmachine.<anonymous>:2013:14) <- at solvePair (evalmachine.<anonymous>:2032:9) <- at resolveVisualContacts (evalmachine.<anonymous>:2059:43) <- at resolveVisualContacts (evalmachine.<anonymous>:3590:9) <- at evalmachine.<anonymous>:5385:68",
      "i": 1130
    },
    {
      "id": 58,
      "key": "x",
      "old": 4.9759894269770335,
      "next": 4.972092868712712,
      "pileClock": 28.458333333333762,
      "state": "RESOLVING",
      "phase": "SETTLE",
      "d": 0.9940645114988468,
      "stack": "at Object.set [as x] (evalmachine.<anonymous>:8129:423) <- at shift (evalmachine.<anonymous>:2013:14) <- at solvePair (evalmachine.<anonymous>:2040:25) <- at resolveVisualContacts (evalmachine.<anonymous>:2059:43) <- at resolveVisualContacts (evalmachine.<anonymous>:3590:9) <- at evalmachine.<anonymous>:5385:68",
      "i": 1131
    },
    {
      "id": 58,
      "key": "x",
      "old": 4.972092868712712,
      "next": 4.970198062889801,
      "pileClock": 28.458333333333762,
      "state": "RESOLVING",
      "phase": "SETTLE",
      "d": 0.9931173207492762,
      "stack": "at Object.set [as x] (evalmachine.<anonymous>:8129:423) <- at shift (evalmachine.<anonymous>:2013:14) <- at solvePair (evalmachine.<anonymous>:2040:25) <- at resolveVisualContacts (evalmachine.<anonymous>:2059:43) <- at resolveVisualContacts (evalmachine.<anonymous>:3590:9) <- at evalmachine.<anonymous>:5385:68",
      "i": 1132
    },
    {
      "id": 58,
      "key": "x",
      "old": 4.970198062889801,
      "next": 4.969278683105534,
      "pileClock": 28.458333333333762,
      "state": "RESOLVING",
      "phase": "SETTLE",
      "d": 0.9926577339462342,
      "stack": "at Object.set [as x] (evalmachine.<anonymous>:8129:423) <- at shift (evalmachine.<anonymous>:2013:14) <- at solvePair (evalmachine.<anonymous>:2040:25) <- at resolveVisualContacts (evalmachine.<anonymous>:2059:43) <- at resolveVisualContacts (evalmachine.<anonymous>:3590:9) <- at evalmachine.<anonymous>:5385:68",
      "i": 1133
    },
    {
      "id": 60,
      "key": "x",
      "old": 2.9844086440531843,
      "next": 2.9990657163089023,
      "pileClock": 28.458333333333762,
      "state": "RESOLVING",
      "phase": "SETTLE",
      "d": 0.9853308542894361,
      "stack": "at Object.set [as x] (evalmachine.<anonymous>:8129:423) <- at shift (evalmachine.<anonymous>:2013:14) <- at solvePair (evalmachine.<anonymous>:2033:9) <- at resolveVisualContacts (evalmachine.<anonymous>:2059:43) <- at resolveVisualContacts (evalmachine.<anonymous>:3590:9) <- at evalmachine.<anonymous>:5385:68",
      "i": 1134
    },
    {
      "id": 60,
      "key": "y",
      "old": 6.0350317688051325,
      "next": 6.035290517510023,
      "pileClock": 28.458333333333762,
      "state": "RESOLVING",
      "phase": "SETTLE",
      "d": 0.9853356615569343,
      "stack": "at Object.set [as y] (evalmachine.<anonymous>:8129:423) <- at shift (evalmachine.<anonymous>:2016:18) <- at solvePair (evalmachine.<anonymous>:2033:9) <- at resolveVisualContacts (evalmachine.<anonymous>:2059:43) <- at resolveVisualContacts (evalmachine.<anonymous>:3590:9) <- at evalmachine.<anonymous>:5385:68",
      "i": 1135
    },
    {
      "id": 60,
      "key": "x",
      "old": 2.9990657163089023,
      "next": 2.9844047886284963,
      "pileClock": 28.458333333333762,
      "state": "RESOLVING",
      "phase": "SETTLE",
      "d": 0.9926644330016844,
      "stack": "at Object.set [as x] (evalmachine.<anonymous>:8129:423) <- at shift (evalmachine.<anonymous>:2013:14) <- at solvePair (evalmachine.<anonymous>:2032:9) <- at resolveVisualContacts (evalmachine.<anonymous>:2059:43) <- at resolveVisualContacts (evalmachine.<anonymous>:3590:9) <- at evalmachine.<anonymous>:5385:68",
      "i": 1136
    },
    {
      "id": 60,
      "key": "y",
      "old": 6.035290517510023,
      "next": 6.03547311134223,
      "pileClock": 28.458333333333762,
      "state": "RESOLVING",
      "phase": "SETTLE",
      "d": 0.9926678307784671,
      "stack": "at Object.set [as y] (evalmachine.<anonymous>:8129:423) <- at shift (evalmachine.<anonymous>:2016:18) <- at solvePair (evalmachine.<anonymous>:2032:9) <- at resolveVisualContacts (evalmachine.<anonymous>:2059:43) <- at resolveVisualContacts (evalmachine.<anonymous>:3590:9) <- at evalmachine.<anonymous>:5385:68",
      "i": 1137
    },
    {
      "id": 58,
      "key": "x",
      "old": 4.969278683105534,
      "next": 4.983943021548599,
      "pileClock": 28.458333333333762,
      "state": "RESOLVING",
      "phase": "SETTLE",
      "d": 0.9999983071213816,
      "stack": "at Object.set [as x] (evalmachine.<anonymous>:8129:423) <- at shift (evalmachine.<anonymous>:2013:14) <- at solvePair (evalmachine.<anonymous>:2033:9) <- at resolveVisualContacts (evalmachine.<anonymous>:2059:43) <- at resolveVisualContacts (evalmachine.<anonymous>:3590:9) <- at evalmachine.<anonymous>:5385:68",
      "i": 1138
    },
    {
      "id": 58,
      "key": "x",
      "old": 4.983943021548599,
      "next": 4.983946407305837,
      "pileClock": 28.458333333333762,
      "state": "RESOLVING",
      "phase": "SETTLE",
      "d": 0.9999999996120081,
      "stack": "at Object.set [as x] (evalmachine.<anonymous>:8129:423) <- at shift (evalmachine.<anonymous>:2013:14) <- at solvePair (evalmachine.<anonymous>:2040:25) <- at resolveVisualContacts (evalmachine.<anonymous>:2059:43) <- at resolveVisualContacts (evalmachine.<anonymous>:3590:9) <- at evalmachine.<anonymous>:5385:68",
      "i": 1139
    },
    {
      "id": 58,
      "key": "x",
      "old": 4.983946407305837,
      "next": 4.975979589678288,
      "pileClock": 28.458333333333762,
      "state": "RESOLVING",
      "phase": "SETTLE",
      "d": 0.996017507407599,
      "stack": "at Object.set [as x] (evalmachine.<anonymous>:8129:423) <- at shift (evalmachine.<anonymous>:2013:14) <- at solvePair (evalmachine.<anonymous>:2032:9) <- at resolveVisualContacts (evalmachine.<anonymous>:2059:43) <- at resolveVisualContacts (evalmachine.<anonymous>:3590:9) <- at evalmachine.<anonymous>:5385:68",
      "i": 1140
    },
    {
      "id": 58,
      "key": "x",
      "old": 4.975979589678288,
      "next": 4.9720880780129395,
      "pileClock": 28.458333333333762,
      "state": "RESOLVING",
      "phase": "SETTLE",
      "d": 0.9940722019767262,
      "stack": "at Object.set [as x] (evalmachine.<anonymous>:8129:423) <- at shift (evalmachine.<anonymous>:2013:14) <- at solvePair (evalmachine.<anonymous>:2040:25) <- at resolveVisualContacts (evalmachine.<anonymous>:2059:43) <- at resolveVisualContacts (evalmachine.<anonymous>:3590:9) <- at evalmachine.<anonymous>:5385:68",
      "i": 1141
    },
    {
      "id": 58,
      "key": "x",
      "old": 4.9720880780129395,
      "next": 4.970195736726387,
      "pileClock": 28.458333333333762,
      "state": "RESOLVING",
      "phase": "SETTLE",
      "d": 0.9931262509898712,
      "stack": "at Object.set [as x] (evalmachine.<anonymous>:8129:423) <- at shift (evalmachine.<anonymous>:2013:14) <- at solvePair (evalmachine.<anonymous>:2040:25) <- at resolveVisualContacts (evalmachine.<anonymous>:2059:43) <- at resolveVisualContacts (evalmachine.<anonymous>:3590:9) <- at evalmachine.<anonymous>:5385:68",
      "i": 1142
    },
    {
      "id": 58,
      "key": "x",
      "old": 4.970195736726387,
      "next": 4.969277555237753,
      "pileClock": 28.458333333333762,
      "state": "RESOLVING",
      "phase": "SETTLE",
      "d": 0.9926672669757413,
      "stack": "at Object.set [as x] (evalmachine.<anonymous>:8129:423) <- at shift (evalmachine.<anonymous>:2013:14) <- at solvePair (evalmachine.<anonymous>:2040:25) <- at resolveVisualContacts (evalmachine.<anonymous>:2059:43) <- at resolveVisualContacts (evalmachine.<anonymous>:3590:9) <- at evalmachine.<anonymous>:5385:68",
      "i": 1143
    },
    {
      "id": 60,
      "key": "x",
      "old": 2.9844047886284963,
      "next": 2.9990420404496585,
      "pileClock": 28.458333333333762,
      "state": "RESOLVING",
      "phase": "SETTLE",
      "d": 0.9853503559401565,
      "stack": "at Object.set [as x] (evalmachine.<anonymous>:8129:423) <- at shift (evalmachine.<anonymous>:2013:14) <- at solvePair (evalmachine.<anonymous>:2033:9) <- at resolveVisualContacts (evalmachine.<anonymous>:2059:43) <- at resolveVisualContacts (evalmachine.<anonymous>:3590:9) <- at evalmachine.<anonymous>:5385:68",
      "i": 1144
    },
    {
      "id": 60,
      "key": "y",
      "old": 6.03547311134223,
      "next": 6.035734766054299,
      "pileClock": 28.458333333333762,
      "state": "RESOLVING",
      "phase": "SETTLE",
      "d": 0.9853553052878574,
      "stack": "at Object.set [as y] (evalmachine.<anonymous>:8129:423) <- at shift (evalmachine.<anonymous>:2016:18) <- at solvePair (evalmachine.<anonymous>:2033:9) <- at resolveVisualContacts (evalmachine.<anonymous>:2059:43) <- at resolveVisualContacts (evalmachine.<anonymous>:3590:9) <- at evalmachine.<anonymous>:5385:68",
      "i": 1145
    },
    {
      "id": 60,
      "key": "x",
      "old": 2.9990420404496585,
      "next": 2.9844008762572845,
      "pileClock": 28.458333333333762,
      "state": "RESOLVING",
      "phase": "SETTLE",
      "d": 0.9926741355631179,
      "stack": "at Object.set [as x] (evalmachine.<anonymous>:8129:423) <- at shift (evalmachine.<anonymous>:2013:14) <- at solvePair (evalmachine.<anonymous>:2032:9) <- at resolveVisualContacts (evalmachine.<anonymous>:2059:43) <- at resolveVisualContacts (evalmachine.<anonymous>:3590:9) <- at evalmachine.<anonymous>:5385:68",
      "i": 1146
    },
    {
      "id": 60,
      "key": "y",
      "old": 6.035734766054299,
      "next": 6.035920412944749,
      "pileClock": 28.458333333333762,
      "state": "RESOLVING",
      "phase": "SETTLE",
      "d": 0.9926776526439287,
      "stack": "at Object.set [as y] (evalmachine.<anonymous>:8129:423) <- at shift (evalmachine.<anonymous>:2016:18) <- at solvePair (evalmachine.<anonymous>:2032:9) <- at resolveVisualContacts (evalmachine.<anonymous>:2059:43) <- at resolveVisualContacts (evalmachine.<anonymous>:3590:9) <- at evalmachine.<anonymous>:5385:68",
      "i": 1147
    },
    {
      "id": 58,
      "key": "x",
      "old": 4.969277555237753,
      "next": 4.983922249949895,
      "pileClock": 28.458333333333762,
      "state": "RESOLVING",
      "phase": "SETTLE",
      "d": 0.9999982476644265,
      "stack": "at Object.set [as x] (evalmachine.<anonymous>:8129:423) <- at shift (evalmachine.<anonymous>:2013:14) <- at solvePair (evalmachine.<anonymous>:2033:9) <- at resolveVisualContacts (evalmachine.<anonymous>:2059:43) <- at resolveVisualContacts (evalmachine.<anonymous>:3590:9) <- at evalmachine.<anonymous>:5385:68",
      "i": 1148
    },
    {
      "id": 58,
      "key": "x",
      "old": 4.983922249949895,
      "next": 4.983925754621042,
      "pileClock": 28.458333333333762,
      "state": "RESOLVING",
      "phase": "SETTLE",
      "d": 0.9999999995837138,
      "stack": "at Object.set [as x] (evalmachine.<anonymous>:8129:423) <- at shift (evalmachine.<anonymous>:2013:14) <- at solvePair (evalmachine.<anonymous>:2040:25) <- at resolveVisualContacts (evalmachine.<anonymous>:2059:43) <- at resolveVisualContacts (evalmachine.<anonymous>:3590:9) <- at evalmachine.<anonymous>:5385:68",
      "i": 1149
    },
    {
      "id": 58,
      "key": "x",
      "old": 4.983925754621042,
      "next": 4.975969471151535,
      "pileClock": 28.458333333333762,
      "state": "RESOLVING",
      "phase": "SETTLE",
      "d": 0.9960228066720119,
      "stack": "at Object.set [as x] (evalmachine.<anonymous>:8129:423) <- at shift (evalmachine.<anonymous>:2013:14) <- at solvePair (evalmachine.<anonymous>:2032:9) <- at resolveVisualContacts (evalmachine.<anonymous>:2059:43) <- at resolveVisualContacts (evalmachine.<anonymous>:3590:9) <- at evalmachine.<anonymous>:5385:68",
      "i": 1150
    },
    {
      "id": 58,
      "key": "x",
      "old": 4.975969471151535,
      "next": 4.972083150394244,
      "pileClock": 28.458333333333762,
      "state": "RESOLVING",
      "phase": "SETTLE",
      "d": 0.9940801125151316,
      "stack": "at Object.set [as x] (evalmachine.<anonymous>:8129:423) <- at shift (evalmachine.<anonymous>:2013:14) <- at solvePair (evalmachine.<anonymous>:2040:25) <- at resolveVisualContacts (evalmachine.<anonymous>:2059:43) <- at resolveVisualContacts (evalmachine.<anonymous>:3590:9) <- at evalmachine.<anonymous>:5385:68",
      "i": 1151
    },
    {
      "id": 58,
      "key": "x",
      "old": 4.972083150394244,
      "next": 4.970193344089683,
      "pileClock": 28.458333333333762,
      "state": "RESOLVING",
      "phase": "SETTLE",
      "d": 0.9931354367323216,
      "stack": "at Object.set [as x] (evalmachine.<anonymous>:8129:423) <- at shift (evalmachine.<anonymous>:2013:14) <- at solvePair (evalmachine.<anonymous>:2040:25) <- at resolveVisualContacts (evalmachine.<anonymous>:2059:43) <- at resolveVisualContacts (evalmachine.<anonymous>:3590:9) <- at evalmachine.<anonymous>:5385:68",
      "i": 1152
    },
    {
      "id": 58,
      "key": "x",
      "old": 4.970193344089683,
      "next": 4.969276395141687,
      "pileClock": 28.458333333333762,
      "state": "RESOLVING",
      "phase": "SETTLE",
      "d": 0.9926770727357331,
      "stack": "at Object.set [as x] (evalmachine.<anonymous>:8129:423) <- at shift (evalmachine.<anonymous>:2013:14) <- at solvePair (evalmachine.<anonymous>:2040:25) <- at resolveVisualContacts (evalmachine.<anonymous>:2059:43) <- at resolveVisualContacts (evalmachine.<anonymous>:3590:9) <- at evalmachine.<anonymous>:5385:68",
      "i": 1153
    },
    {
      "id": 60,
      "key": "x",
      "old": 2.9844008762572845,
      "next": 2.9990177432031286,
      "pileClock": 28.458333333333762,
      "state": "RESOLVING",
      "phase": "SETTLE",
      "d": 0.9853704142368056,
      "stack": "at Object.set [as x] (evalmachine.<anonymous>:8129:423) <- at shift (evalmachine.<anonymous>:2013:14) <- at solvePair (evalmachine.<anonymous>:2033:9) <- at resolveVisualContacts (evalmachine.<anonymous>:2059:43) <- at resolveVisualContacts (evalmachine.<anonymous>:3590:9) <- at evalmachine.<anonymous>:5385:68",
      "i": 1154
    },
    {
      "id": 60,
      "key": "y",
      "old": 6.035920412944749,
      "next": 6.036184998544833,
      "pileClock": 28.458333333333762,
      "state": "RESOLVING",
      "phase": "SETTLE",
      "d": 0.9853755092965634,
      "stack": "at Object.set [as y] (evalmachine.<anonymous>:8129:423) <- at shift (evalmachine.<anonymous>:2016:18) <- at solvePair (evalmachine.<anonymous>:2033:9) <- at resolveVisualContacts (evalmachine.<anonymous>:2059:43) <- at resolveVisualContacts (evalmachine.<anonymous>:3590:9) <- at evalmachine.<anonymous>:5385:68",
      "i": 1155
    },
    {
      "id": 60,
      "key": "x",
      "old": 2.9990177432031286,
      "next": 2.984396906239558,
      "pileClock": 28.458333333333762,
      "state": "RESOLVING",
      "phase": "SETTLE",
      "d": 0.9926841148134029,
      "stack": "at Object.set [as x] (evalmachine.<anonymous>:8129:423) <- at shift (evalmachine.<anonymous>:2013:14) <- at solvePair (evalmachine.<anonymous>:2032:9) <- at resolveVisualContacts (evalmachine.<anonymous>:2059:43) <- at resolveVisualContacts (evalmachine.<anonymous>:3590:9) <- at evalmachine.<anonymous>:5385:68",
      "i": 1156
    },
    {
      "id": 60,
      "key": "y",
      "old": 6.036184998544833,
      "next": 6.0363737265851345,
      "pileClock": 28.458333333333762,
      "state": "RESOLVING",
      "phase": "SETTLE",
      "d": 0.9926877546482817,
      "stack": "at Object.set [as y] (evalmachine.<anonymous>:8129:423) <- at shift (evalmachine.<anonymous>:2016:18) <- at solvePair (evalmachine.<anonymous>:2032:9) <- at resolveVisualContacts (evalmachine.<anonymous>:2059:43) <- at resolveVisualContacts (evalmachine.<anonymous>:3590:9) <- at evalmachine.<anonymous>:5385:68",
      "i": 1157
    },
    {
      "id": 58,
      "key": "x",
      "old": 4.969276395141687,
      "next": 4.983900885845124,
      "pileClock": 28.458333333333762,
      "state": "RESOLVING",
      "phase": "SETTLE",
      "d": 0.9999981864869436,
      "stack": "at Object.set [as x] (evalmachine.<anonymous>:8129:423) <- at shift (evalmachine.<anonymous>:2013:14) <- at solvePair (evalmachine.<anonymous>:2033:9) <- at resolveVisualContacts (evalmachine.<anonymous>:2059:43) <- at resolveVisualContacts (evalmachine.<anonymous>:3590:9) <- at evalmachine.<anonymous>:5385:68",
      "i": 1158
    },
    {
      "id": 58,
      "key": "x",
      "old": 4.983900885845124,
      "next": 4.983904512871236,
      "pileClock": 28.458333333333762,
      "state": "RESOLVING",
      "phase": "SETTLE",
      "d": 0.999999999553519,
      "stack": "at Object.set [as x] (evalmachine.<anonymous>:8129:423) <- at shift (evalmachine.<anonymous>:2013:14) <- at solvePair (evalmachine.<anonymous>:2040:25) <- at resolveVisualContacts (evalmachine.<anonymous>:2059:43) <- at resolveVisualContacts (evalmachine.<anonymous>:3590:9) <- at evalmachine.<anonymous>:5385:68",
      "i": 1159
    },
    {
      "id": 58,
      "key": "x",
      "old": 4.983904512871236,
      "next": 4.97595906418494,
      "pileClock": 28.458333333333762,
      "state": "RESOLVING",
      "phase": "SETTLE",
      "d": 0.9960282571807734,
      "stack": "at Object.set [as x] (evalmachine.<anonymous>:8129:423) <- at shift (evalmachine.<anonymous>:2013:14) <- at solvePair (evalmachine.<anonymous>:2032:9) <- at resolveVisualContacts (evalmachine.<anonymous>:2059:43) <- at resolveVisualContacts (evalmachine.<anonymous>:3590:9) <- at evalmachine.<anonymous>:5385:68",
      "i": 1160
    },
    {
      "id": 58,
      "key": "x",
      "old": 4.97595906418494,
      "next": 4.97207808234773,
      "pileClock": 28.458333333333762,
      "state": "RESOLVING",
      "phase": "SETTLE",
      "d": 0.9940882487617707,
      "stack": "at Object.set [as x] (evalmachine.<anonymous>:8129:423) <- at shift (evalmachine.<anonymous>:2013:14) <- at solvePair (evalmachine.<anonymous>:2040:25) <- at resolveVisualContacts (evalmachine.<anonymous>:2059:43) <- at resolveVisualContacts (evalmachine.<anonymous>:3590:9) <- at evalmachine.<anonymous>:5385:68",
      "i": 1161
    },
    {
      "id": 58,
      "key": "x",
      "old": 4.97207808234773,
      "next": 4.970190883276676,
      "pileClock": 28.458333333333762,
      "state": "RESOLVING",
      "phase": "SETTLE",
      "d": 0.9931448845318473,
      "stack": "at Object.set [as x] (evalmachine.<anonymous>:8129:423) <- at shift (evalmachine.<anonymous>:2013:14) <- at solvePair (evalmachine.<anonymous>:2040:25) <- at resolveVisualContacts (evalmachine.<anonymous>:2059:43) <- at resolveVisualContacts (evalmachine.<anonymous>:3590:9) <- at evalmachine.<anonymous>:5385:68",
      "i": 1162
    },
    {
      "id": 58,
      "key": "x",
      "old": 4.970190883276676,
      "next": 4.96927520199179,
      "pileClock": 28.458333333333762,
      "state": "RESOLVING",
      "phase": "SETTLE",
      "d": 0.9926871582223797,
      "stack": "at Object.set [as x] (evalmachine.<anonymous>:8129:423) <- at shift (evalmachine.<anonymous>:2013:14) <- at solvePair (evalmachine.<anonymous>:2040:25) <- at resolveVisualContacts (evalmachine.<anonymous>:2059:43) <- at resolveVisualContacts (evalmachine.<anonymous>:3590:9) <- at evalmachine.<anonymous>:5385:68",
      "i": 1163
    },
    {
      "id": 60,
      "key": "x",
      "old": 2.984396906239558,
      "next": 2.9989928095279543,
      "pileClock": 28.458333333333762,
      "state": "RESOLVING",
      "phase": "SETTLE",
      "d": 0.9853910433811578,
      "stack": "at Object.set [as x] (evalmachine.<anonymous>:8129:423) <- at shift (evalmachine.<anonymous>:2013:14) <- at solvePair (evalmachine.<anonymous>:2033:9) <- at resolveVisualContacts (evalmachine.<anonymous>:2059:43) <- at resolveVisualContacts (evalmachine.<anonymous>:3590:9) <- at evalmachine.<anonymous>:5385:68",
      "i": 1164
    },
    {
      "id": 60,
      "key": "y",
      "old": 6.0363737265851345,
      "next": 6.036641267515987,
      "pileClock": 28.458333333333762,
      "state": "RESOLVING",
      "phase": "SETTLE",
      "d": 0.9853962878518928,
      "stack": "at Object.set [as y] (evalmachine.<anonymous>:8129:423) <- at shift (evalmachine.<anonymous>:2016:18) <- at solvePair (evalmachine.<anonymous>:2033:9) <- at resolveVisualContacts (evalmachine.<anonymous>:2059:43) <- at resolveVisualContacts (evalmachine.<anonymous>:3590:9) <- at evalmachine.<anonymous>:5385:68",
      "i": 1165
    },
    {
      "id": 60,
      "key": "x",
      "old": 2.9989928095279543,
      "next": 2.9843928778736806,
      "pileClock": 28.458333333333762,
      "state": "RESOLVING",
      "phase": "SETTLE",
      "d": 0.9926943778163364,
      "stack": "at Object.set [as x] (evalmachine.<anonymous>:8129:423) <- at shift (evalmachine.<anonymous>:2013:14) <- at solvePair (evalmachine.<anonymous>:2032:9) <- at resolveVisualContacts (evalmachine.<anonymous>:2059:43) <- at resolveVisualContacts (evalmachine.<anonymous>:3590:9) <- at evalmachine.<anonymous>:5385:68",
      "i": 1166
    },
    {
      "id": 60,
      "key": "y",
      "old": 6.036641267515987,
      "next": 6.036833104421806,
      "pileClock": 28.458333333333762,
      "state": "RESOLVING",
      "phase": "SETTLE",
      "d": 0.9926981439259464,
      "stack": "at Object.set [as y] (evalmachine.<anonymous>:8129:423) <- at shift (evalmachine.<anonymous>:2016:18) <- at solvePair (evalmachine.<anonymous>:2032:9) <- at resolveVisualContacts (evalmachine.<anonymous>:2059:43) <- at resolveVisualContacts (evalmachine.<anonymous>:3590:9) <- at evalmachine.<anonymous>:5385:68",
      "i": 1167
    },
    {
      "id": 58,
      "key": "x",
      "old": 4.96927520199179,
      "next": 4.983878914139897,
      "pileClock": 28.458333333333762,
      "state": "RESOLVING",
      "phase": "SETTLE",
      "d": 0.9999981235536335,
      "stack": "at Object.set [as x] (evalmachine.<anonymous>:8129:423) <- at shift (evalmachine.<anonymous>:2013:14) <- at solvePair (evalmachine.<anonymous>:2033:9) <- at resolveVisualContacts (evalmachine.<anonymous>:2059:43) <- at resolveVisualContacts (evalmachine.<anonymous>:3590:9) <- at evalmachine.<anonymous>:5385:68",
      "i": 1168
    },
    {
      "id": 58,
      "key": "x",
      "old": 4.983878914139897,
      "next": 4.9838826670326295,
      "pileClock": 28.458333333333762,
      "state": "RESOLVING",
      "phase": "SETTLE",
      "d": 0.999999999521308,
      "stack": "at Object.set [as x] (evalmachine.<anonymous>:8129:423) <- at shift (evalmachine.<anonymous>:2013:14) <- at solvePair (evalmachine.<anonymous>:2040:25) <- at resolveVisualContacts (evalmachine.<anonymous>:2059:43) <- at resolveVisualContacts (evalmachine.<anonymous>:3590:9) <- at evalmachine.<anonymous>:5385:68",
      "i": 1169
    },
    {
      "id": 58,
      "key": "x",
      "old": 4.9838826670326295,
      "next": 4.975948361432019,
      "pileClock": 28.458333333333762,
      "state": "RESOLVING",
      "phase": "SETTLE",
      "d": 0.9960338627916793,
      "stack": "at Object.set [as x] (evalmachine.<anonymous>:8129:423) <- at shift (evalmachine.<anonymous>:2013:14) <- at solvePair (evalmachine.<anonymous>:2032:9) <- at resolveVisualContacts (evalmachine.<anonymous>:2059:43) <- at resolveVisualContacts (evalmachine.<anonymous>:3590:9) <- at evalmachine.<anonymous>:5385:68",
      "i": 1170
    },
    {
      "id": 58,
      "key": "x",
      "old": 4.975948361432019,
      "next": 4.97207287029913,
      "pileClock": 28.458333333333762,
      "state": "RESOLVING",
      "phase": "SETTLE",
      "d": 0.9940966164699491,
      "stack": "at Object.set [as x] (evalmachine.<anonymous>:8129:423) <- at shift (evalmachine.<anonymous>:2013:14) <- at solvePair (evalmachine.<anonymous>:2040:25) <- at resolveVisualContacts (evalmachine.<anonymous>:2059:43) <- at resolveVisualContacts (evalmachine.<anonymous>:3590:9) <- at evalmachine.<anonymous>:5385:68",
      "i": 1171
    },
    {
      "id": 58,
      "key": "x",
      "old": 4.97207287029913,
      "next": 4.970188352552663,
      "pileClock": 28.458333333333762,
      "state": "RESOLVING",
      "phase": "SETTLE",
      "d": 0.9931546010661043,
      "stack": "at Object.set [as x] (evalmachine.<anonymous>:8129:423) <- at shift (evalmachine.<anonymous>:2013:14) <- at solvePair (evalmachine.<anonymous>:2040:25) <- at resolveVisualContacts (evalmachine.<anonymous>:2059:43) <- at resolveVisualContacts (evalmachine.<anonymous>:3590:9) <- at evalmachine.<anonymous>:5385:68",
      "i": 1172
    },
    {
      "id": 58,
      "key": "x",
      "old": 4.970188352552663,
      "next": 4.9692739749471615,
      "pileClock": 28.458333333333762,
      "state": "RESOLVING",
      "phase": "SETTLE",
      "d": 0.9926975305624558,
      "stack": "at Object.set [as x] (evalmachine.<anonymous>:8129:423) <- at shift (evalmachine.<anonymous>:2013:14) <- at solvePair (evalmachine.<anonymous>:2040:25) <- at resolveVisualContacts (evalmachine.<anonymous>:2059:43) <- at resolveVisualContacts (evalmachine.<anonymous>:3590:9) <- at evalmachine.<anonymous>:5385:68",
      "i": 1173
    },
    {
      "id": 60,
      "key": "x",
      "old": 2.9843928778736806,
      "next": 2.998967224121784,
      "pileClock": 28.458333333333762,
      "state": "RESOLVING",
      "phase": "SETTLE",
      "d": 0.9854122578352197,
      "stack": "at Object.set [as x] (evalmachine.<anonymous>:8129:423) <- at shift (evalmachine.<anonymous>:2013:14) <- at solvePair (evalmachine.<anonymous>:2033:9) <- at resolveVisualContacts (evalmachine.<anonymous>:2059:43) <- at resolveVisualContacts (evalmachine.<anonymous>:3590:9) <- at evalmachine.<anonymous>:5385:68",
      "i": 1174
    },
    {
      "id": 60,
      "key": "y",
      "old": 6.036833104421806,
      "next": 6.0371036246515555,
      "pileClock": 28.458333333333762,
      "state": "RESOLVING",
      "phase": "SETTLE",
      "d": 0.985417655482533,
      "stack": "at Object.set [as y] (evalmachine.<anonymous>:8129:423) <- at shift (evalmachine.<anonymous>:2016:18) <- at solvePair (evalmachine.<anonymous>:2033:9) <- at resolveVisualContacts (evalmachine.<anonymous>:2059:43) <- at resolveVisualContacts (evalmachine.<anonymous>:3590:9) <- at evalmachine.<anonymous>:5385:68",
      "i": 1175
    },
    {
      "id": 60,
      "key": "x",
      "old": 2.998967224121784,
      "next": 2.9843887904567423,
      "pileClock": 28.458333333333762,
      "state": "RESOLVING",
      "phase": "SETTLE",
      "d": 0.9927049317657638,
      "stack": "at Object.set [as x] (evalmachine.<anonymous>:8129:423) <- at shift (evalmachine.<anonymous>:2013:14) <- at solvePair (evalmachine.<anonymous>:2032:9) <- at resolveVisualContacts (evalmachine.<anonymous>:2059:43) <- at resolveVisualContacts (evalmachine.<anonymous>:3590:9) <- at evalmachine.<anonymous>:5385:68",
      "i": 1176
    },
    {
      "id": 60,
      "key": "y",
      "old": 6.0371036246515555,
      "next": 6.0372985977266795,
      "pileClock": 28.458333333333762,
      "state": "RESOLVING",
      "phase": "SETTLE",
      "d": 0.9927088277412665,
      "stack": "at Object.set [as y] (evalmachine.<anonymous>:8129:423) <- at shift (evalmachine.<anonymous>:2016:18) <- at solvePair (evalmachine.<anonymous>:2032:9) <- at resolveVisualContacts (evalmachine.<anonymous>:2059:43) <- at resolveVisualContacts (evalmachine.<anonymous>:3590:9) <- at evalmachine.<anonymous>:5385:68",
      "i": 1177
    },
    {
      "id": 58,
      "key": "x",
      "old": 4.9692739749471615,
      "next": 4.983856319464628,
      "pileClock": 28.458333333333762,
      "state": "RESOLVING",
      "phase": "SETTLE",
      "d": 0.9999980588292529,
      "stack": "at Object.set [as x] (evalmachine.<anonymous>:8129:423) <- at shift (evalmachine.<anonymous>:2013:14) <- at solvePair (evalmachine.<anonymous>:2033:9) <- at resolveVisualContacts (evalmachine.<anonymous>:2059:43) <- at resolveVisualContacts (evalmachine.<anonymous>:3590:9) <- at evalmachine.<anonymous>:5385:68",
      "i": 1178
    },
    {
      "id": 58,
      "key": "x",
      "old": 4.983856319464628,
      "next": 4.983860201806123,
      "pileClock": 28.458333333333762,
      "state": "RESOLVING",
      "phase": "SETTLE",
      "d": 0.9999999994869595,
      "stack": "at Object.set [as x] (evalmachine.<anonymous>:8129:423) <- at shift (evalmachine.<anonymous>:2013:14) <- at solvePair (evalmachine.<anonymous>:2040:25) <- at resolveVisualContacts (evalmachine.<anonymous>:2059:43) <- at resolveVisualContacts (evalmachine.<anonymous>:3590:9) <- at evalmachine.<anonymous>:5385:68",
      "i": 1179
    },
    {
      "id": 58,
      "key": "x",
      "old": 4.983860201806123,
      "next": 4.975937355412301,
      "pileClock": 28.458333333333762,
      "state": "RESOLVING",
      "phase": "SETTLE",
      "d": 0.9960396274331584,
      "stack": "at Object.set [as x] (evalmachine.<anonymous>:8129:423) <- at shift (evalmachine.<anonymous>:2013:14) <- at solvePair (evalmachine.<anonymous>:2032:9) <- at resolveVisualContacts (evalmachine.<anonymous>:2059:43) <- at resolveVisualContacts (evalmachine.<anonymous>:3590:9) <- at evalmachine.<anonymous>:5385:68",
      "i": 1180
    },
    {
      "id": 58,
      "key": "x",
      "old": 4.975937355412301,
      "next": 4.972067510609139,
      "pileClock": 28.458333333333762,
      "state": "RESOLVING",
      "phase": "SETTLE",
      "d": 0.9941052214980645,
      "stack": "at Object.set [as x] (evalmachine.<anonymous>:8129:423) <- at shift (evalmachine.<anonymous>:2013:14) <- at solvePair (evalmachine.<anonymous>:2040:25) <- at resolveVisualContacts (evalmachine.<anonymous>:2059:43) <- at resolveVisualContacts (evalmachine.<anonymous>:3590:9) <- at evalmachine.<anonymous>:5385:68",
      "i": 1181
    },
    {
      "id": 58,
      "key": "x",
      "old": 4.972067510609139,
      "next": 4.9701857501514075,
      "pileClock": 28.458333333333762,
      "state": "RESOLVING",
      "phase": "SETTLE",
      "d": 0.9931645931345884,
      "stack": "at Object.set [as x] (evalmachine.<anonymous>:8129:423) <- at shift (evalmachine.<anonymous>:2013:14) <- at solvePair (evalmachine.<anonymous>:2040:25) <- at resolveVisualContacts (evalmachine.<anonymous>:2059:43) <- at resolveVisualContacts (evalmachine.<anonymous>:3590:9) <- at evalmachine.<anonymous>:5385:68",
      "i": 1182
    },
    {
      "id": 58,
      "key": "x",
      "old": 4.9701857501514075,
      "next": 4.9692727131516214,
      "pileClock": 28.458333333333762,
      "state": "RESOLVING",
      "phase": "SETTLE",
      "d": 0.9927081970126977,
      "stack": "at Object.set [as x] (evalmachine.<anonymous>:8129:423) <- at shift (evalmachine.<anonymous>:2013:14) <- at solvePair (evalmachine.<anonymous>:2040:25) <- at resolveVisualContacts (evalmachine.<anonymous>:2059:43) <- at resolveVisualContacts (evalmachine.<anonymous>:3590:9) <- at evalmachine.<anonymous>:5385:68",
      "i": 1183
    },
    {
      "id": 60,
      "key": "x",
      "old": 2.9843887904567423,
      "next": 2.9989409714235795,
      "pileClock": 28.458333333333762,
      "state": "RESOLVING",
      "phase": "SETTLE",
      "d": 0.9854340723195607,
      "stack": "at Object.set [as x] (evalmachine.<anonymous>:8129:423) <- at shift (evalmachine.<anonymous>:2013:14) <- at solvePair (evalmachine.<anonymous>:2033:9) <- at resolveVisualContacts (evalmachine.<anonymous>:2059:43) <- at resolveVisualContacts (evalmachine.<anonymous>:3590:9) <- at evalmachine.<anonymous>:5385:68",
      "i": 1184
    },
    {
      "id": 60,
      "key": "y",
      "old": 6.0372985977266795,
      "next": 6.037572120710955,
      "pileClock": 28.458333333333762,
      "state": "RESOLVING",
      "phase": "SETTLE",
      "d": 0.9854396269752186,
      "stack": "at Object.set [as y] (evalmachine.<anonymous>:8129:423) <- at shift (evalmachine.<anonymous>:2016:18) <- at solvePair (evalmachine.<anonymous>:2033:9) <- at resolveVisualContacts (evalmachine.<anonymous>:2059:43) <- at resolveVisualContacts (evalmachine.<anonymous>:3590:9) <- at evalmachine.<anonymous>:5385:68",
      "i": 1185
    },
    {
      "id": 60,
      "key": "x",
      "old": 2.9989409714235795,
      "next": 2.984384643284946,
      "pileClock": 28.458333333333762,
      "state": "RESOLVING",
      "phase": "SETTLE",
      "d": 0.9927157839848006,
      "stack": "at Object.set [as x] (evalmachine.<anonymous>:8129:423) <- at shift (evalmachine.<anonymous>:2013:14) <- at solvePair (evalmachine.<anonymous>:2032:9) <- at resolveVisualContacts (evalmachine.<anonymous>:2059:43) <- at resolveVisualContacts (evalmachine.<anonymous>:3590:9) <- at evalmachine.<anonymous>:5385:68",
      "i": 1186
    },
    {
      "id": 60,
      "key": "y",
      "old": 6.037572120710955,
      "next": 6.0377702568099805,
      "pileClock": 28.458333333333762,
      "state": "RESOLVING",
      "phase": "SETTLE",
      "d": 0.9927198134876093,
      "stack": "at Object.set [as y] (evalmachine.<anonymous>:8129:423) <- at shift (evalmachine.<anonymous>:2016:18) <- at solvePair (evalmachine.<anonymous>:2032:9) <- at resolveVisualContacts (evalmachine.<anonymous>:2059:43) <- at resolveVisualContacts (evalmachine.<anonymous>:3590:9) <- at evalmachine.<anonymous>:5385:68",
      "i": 1187
    },
    {
      "id": 58,
      "key": "x",
      "old": 4.9692727131516214,
      "next": 4.983833086176403,
      "pileClock": 28.458333333333762,
      "state": "RESOLVING",
      "phase": "SETTLE",
      "d": 0.9999979922786734,
      "stack": "at Object.set [as x] (evalmachine.<anonymous>:8129:423) <- at shift (evalmachine.<anonymous>:2013:14) <- at solvePair (evalmachine.<anonymous>:2033:9) <- at resolveVisualContacts (evalmachine.<anonymous>:2059:43) <- at resolveVisualContacts (evalmachine.<anonymous>:3590:9) <- at evalmachine.<anonymous>:5385:68",
      "i": 1188
    },
    {
      "id": 58,
      "key": "x",
      "old": 4.983833086176403,
      "next": 4.983837101619056,
      "pileClock": 28.458333333333762,
      "state": "RESOLVING",
      "phase": "SETTLE",
      "d": 0.9999999994503443,
      "stack": "at Object.set [as x] (evalmachine.<anonymous>:8129:423) <- at shift (evalmachine.<anonymous>:2013:14) <- at solvePair (evalmachine.<anonymous>:2040:25) <- at resolveVisualContacts (evalmachine.<anonymous>:2059:43) <- at resolveVisualContacts (evalmachine.<anonymous>:3590:9) <- at evalmachine.<anonymous>:5385:68",
      "i": 1189
    },
    {
      "id": 58,
      "key": "x",
      "old": 4.983837101619056,
      "next": 4.975926038512226,
      "pileClock": 28.458333333333762,
      "state": "RESOLVING",
      "phase": "SETTLE",
      "d": 0.9960455551038139,
      "stack": "at Object.set [as x] (evalmachine.<anonymous>:8129:423) <- at shift (evalmachine.<anonymous>:2013:14) <- at solvePair (evalmachine.<anonymous>:2032:9) <- at resolveVisualContacts (evalmachine.<anonymous>:2059:43) <- at resolveVisualContacts (evalmachine.<anonymous>:3590:9) <- at evalmachine.<anonymous>:5385:68",
      "i": 1190
    },
    {
      "id": 58,
      "key": "x",
      "old": 4.975926038512226,
      "next": 4.972061999573862,
      "pileClock": 28.458333333333762,
      "state": "RESOLVING",
      "phase": "SETTLE",
      "d": 0.9941140698089095,
      "stack": "at Object.set [as x] (evalmachine.<anonymous>:8129:423) <- at shift (evalmachine.<anonymous>:2013:14) <- at solvePair (evalmachine.<anonymous>:2040:25) <- at resolveVisualContacts (evalmachine.<anonymous>:2059:43) <- at resolveVisualContacts (evalmachine.<anonymous>:3590:9) <- at evalmachine.<anonymous>:5385:68",
      "i": 1191
    },
    {
      "id": 58,
      "key": "x",
      "old": 4.972061999573862,
      "next": 4.970183074275365,
      "pileClock": 28.458333333333762,
      "state": "RESOLVING",
      "phase": "SETTLE",
      "d": 0.993174867657812,
      "stack": "at Object.set [as x] (evalmachine.<anonymous>:8129:423) <- at shift (evalmachine.<anonymous>:2013:14) <- at solvePair (evalmachine.<anonymous>:2040:25) <- at resolveVisualContacts (evalmachine.<anonymous>:2059:43) <- at resolveVisualContacts (evalmachine.<anonymous>:3590:9) <- at evalmachine.<anonymous>:5385:68",
      "i": 1192
    },
    {
      "id": 58,
      "key": "x",
      "old": 4.970183074275365,
      "next": 4.969271415733826,
      "pileClock": 28.458333333333762,
      "state": "RESOLVING",
      "phase": "SETTLE",
      "d": 0.9927191649589239,
      "stack": "at Object.set [as x] (evalmachine.<anonymous>:8129:423) <- at shift (evalmachine.<anonymous>:2013:14) <- at solvePair (evalmachine.<anonymous>:2040:25) <- at resolveVisualContacts (evalmachine.<anonymous>:2059:43) <- at resolveVisualContacts (evalmachine.<anonymous>:3590:9) <- at evalmachine.<anonymous>:5385:68",
      "i": 1193
    },
    {
      "id": 60,
      "key": "x",
      "old": 2.984384643284946,
      "next": 2.9989140356164747,
      "pileClock": 28.458333333333762,
      "state": "RESOLVING",
      "phase": "SETTLE",
      "d": 0.9854565018111344,
      "stack": "at Object.set [as x] (evalmachine.<anonymous>:8129:423) <- at shift (evalmachine.<anonymous>:2013:14) <- at solvePair (evalmachine.<anonymous>:2033:9) <- at resolveVisualContacts (evalmachine.<anonymous>:2059:43) <- at resolveVisualContacts (evalmachine.<anonymous>:3590:9) <- at evalmachine.<anonymous>:5385:68",
      "i": 1194
    },
    {
      "id": 60,
      "key": "y",
      "old": 6.0377702568099805,
      "next": 6.03804680545266,
      "pileClock": 28.458333333333762,
      "state": "RESOLVING",
      "phase": "SETTLE",
      "d": 0.9854622173724176,
      "stack": "at Object.set [as y] (evalmachine.<anonymous>:8129:423) <- at shift (evalmachine.<anonymous>:2016:18) <- at solvePair (evalmachine.<anonymous>:2033:9) <- at resolveVisualContacts (evalmachine.<anonymous>:2059:43) <- at resolveVisualContacts (evalmachine.<anonymous>:3590:9) <- at evalmachine.<anonymous>:5385:68",
      "i": 1195
    },
    {
      "id": 60,
      "key": "x",
      "old": 2.9989140356164747,
      "next": 2.984380435654025,
      "pileClock": 28.458333333333762,
      "state": "RESOLVING",
      "phase": "SETTLE",
      "d": 0.9927269419248033,
      "stack": "at Object.set [as x] (evalmachine.<anonymous>:8129:423) <- at shift (evalmachine.<anonymous>:2013:14) <- at solvePair (evalmachine.<anonymous>:2032:9) <- at resolveVisualContacts (evalmachine.<anonymous>:2059:43) <- at resolveVisualContacts (evalmachine.<anonymous>:3590:9) <- at evalmachine.<anonymous>:5385:68",
      "i": 1196
    },
    {
      "id": 60,
      "key": "y",
      "old": 6.03804680545266,
      "next": 6.038248130942284,
      "pileClock": 28.458333333333762,
      "state": "RESOLVING",
      "phase": "SETTLE",
      "d": 0.9927311086862086,
      "stack": "at Object.set [as y] (evalmachine.<anonymous>:8129:423) <- at shift (evalmachine.<anonymous>:2016:18) <- at solvePair (evalmachine.<anonymous>:2032:9) <- at resolveVisualContacts (evalmachine.<anonymous>:2059:43) <- at resolveVisualContacts (evalmachine.<anonymous>:3590:9) <- at evalmachine.<anonymous>:5385:68",
      "i": 1197
    },
    {
      "id": 58,
      "key": "x",
      "old": 4.969271415733826,
      "next": 4.983809198361408,
      "pileClock": 28.458333333333762,
      "state": "RESOLVING",
      "phase": "SETTLE",
      "d": 0.9999979238669473,
      "stack": "at Object.set [as x] (evalmachine.<anonymous>:8129:423) <- at shift (evalmachine.<anonymous>:2013:14) <- at solvePair (evalmachine.<anonymous>:2033:9) <- at resolveVisualContacts (evalmachine.<anonymous>:2059:43) <- at resolveVisualContacts (evalmachine.<anonymous>:3590:9) <- at evalmachine.<anonymous>:5385:68",
      "i": 1198
    },
    {
      "id": 58,
      "key": "x",
      "old": 4.983809198361408,
      "next": 4.983813350627513,
      "pileClock": 28.458333333333762,
      "state": "RESOLVING",
      "phase": "SETTLE",
      "d": 0.999999999411328,
      "stack": "at Object.set [as x] (evalmachine.<anonymous>:8129:423) <- at shift (evalmachine.<anonymous>:2013:14) <- at solvePair (evalmachine.<anonymous>:2040:25) <- at resolveVisualContacts (evalmachine.<anonymous>:2059:43) <- at resolveVisualContacts (evalmachine.<anonymous>:3590:9) <- at evalmachine.<anonymous>:5385:68",
      "i": 1199
    },
    {
      "id": 58,
      "key": "x",
      "old": 4.983813350627513,
      "next": 4.975914402986325,
      "pileClock": 28.458333333333762,
      "state": "RESOLVING",
      "phase": "SETTLE",
      "d": 0.9960516498718293,
      "stack": "at Object.set [as x] (evalmachine.<anonymous>:8129:423) <- at shift (evalmachine.<anonymous>:2013:14) <- at solvePair (evalmachine.<anonymous>:2032:9) <- at resolveVisualContacts (evalmachine.<anonymous>:2059:43) <- at resolveVisualContacts (evalmachine.<anonymous>:3590:9) <- at evalmachine.<anonymous>:5385:68",
      "i": 1200
    },
    {
      "id": 58,
      "key": "x",
      "old": 4.975914402986325,
      "next": 4.972056333425404,
      "pileClock": 28.458333333333762,
      "state": "RESOLVING",
      "phase": "SETTLE",
      "d": 0.9941231674687625,
      "stack": "at Object.set [as x] (evalmachine.<anonymous>:8129:423) <- at shift (evalmachine.<anonymous>:2013:14) <- at solvePair (evalmachine.<anonymous>:2040:25) <- at resolveVisualContacts (evalmachine.<anonymous>:2059:43) <- at resolveVisualContacts (evalmachine.<anonymous>:3590:9) <- at evalmachine.<anonymous>:5385:68",
      "i": 1201
    },
    {
      "id": 58,
      "key": "x",
      "old": 4.972056333425404,
      "next": 4.970180323095971,
      "pileClock": 28.458333333333762,
      "state": "RESOLVING",
      "phase": "SETTLE",
      "d": 0.9931854316762417,
      "stack": "at Object.set [as x] (evalmachine.<anonymous>:8129:423) <- at shift (evalmachine.<anonymous>:2013:14) <- at solvePair (evalmachine.<anonymous>:2040:25) <- at resolveVisualContacts (evalmachine.<anonymous>:2059:43) <- at resolveVisualContacts (evalmachine.<anonymous>:3590:9) <- at evalmachine.<anonymous>:5385:68",
      "i": 1202
    },
    {
      "id": 58,
      "key": "x",
      "old": 4.970180323095971,
      "next": 4.9692700818074,
      "pileClock": 28.458333333333762,
      "state": "RESOLVING",
      "phase": "SETTLE",
      "d": 0.9927304419148878,
      "stack": "at Object.set [as x] (evalmachine.<anonymous>:8129:423) <- at shift (evalmachine.<anonymous>:2013:14) <- at solvePair (evalmachine.<anonymous>:2040:25) <- at resolveVisualContacts (evalmachine.<anonymous>:2059:43) <- at resolveVisualContacts (evalmachine.<anonymous>:3590:9) <- at evalmachine.<anonymous>:5385:68",
      "i": 1203
    },
    {
      "id": 60,
      "key": "x",
      "old": 2.984380435654025,
      "next": 2.998886400631205,
      "pileClock": 28.458333333333762,
      "state": "RESOLVING",
      "phase": "SETTLE",
      "d": 0.9854795615405598,
      "stack": "at Object.set [as x] (evalmachine.<anonymous>:8129:423) <- at shift (evalmachine.<anonymous>:2013:14) <- at solvePair (evalmachine.<anonymous>:2033:9) <- at resolveVisualContacts (evalmachine.<anonymous>:2059:43) <- at resolveVisualContacts (evalmachine.<anonymous>:3590:9) <- at evalmachine.<anonymous>:5385:68",
      "i": 1204
    },
    {
      "id": 60,
      "key": "y",
      "old": 6.038248130942284,
      "next": 6.03852772755487,
      "pileClock": 28.458333333333762,
      "state": "RESOLVING",
      "phase": "SETTLE",
      "d": 0.9854854419694669,
      "stack": "at Object.set [as y] (evalmachine.<anonymous>:8129:423) <- at shift (evalmachine.<anonymous>:2016:18) <- at solvePair (evalmachine.<anonymous>:2033:9) <- at resolveVisualContacts (evalmachine.<anonymous>:2059:43) <- at resolveVisualContacts (evalmachine.<anonymous>:3590:9) <- at evalmachine.<anonymous>:5385:68",
      "i": 1205
    },
    {
      "id": 60,
      "key": "x",
      "old": 2.998886400631205,
      "next": 2.9843761668596676,
      "pileClock": 28.458333333333762,
      "state": "RESOLVING",
      "phase": "SETTLE",
      "d": 0.9927384131640754,
      "stack": "at Object.set [as x] (evalmachine.<anonymous>:8129:423) <- at shift (evalmachine.<anonymous>:2013:14) <- at solvePair (evalmachine.<anonymous>:2032:9) <- at resolveVisualContacts (evalmachine.<anonymous>:2059:43) <- at resolveVisualContacts (evalmachine.<anonymous>:3590:9) <- at evalmachine.<anonymous>:5385:68",
      "i": 1206
    },
    {
      "id": 60,
      "key": "y",
      "old": 6.03852772755487,
      "next": 6.038732268273761,
      "pileClock": 28.458333333333762,
      "state": "RESOLVING",
      "phase": "SETTLE",
      "d": 0.9927427209847335,
      "stack": "at Object.set [as y] (evalmachine.<anonymous>:8129:423) <- at shift (evalmachine.<anonymous>:2016:18) <- at solvePair (evalmachine.<anonymous>:2032:9) <- at resolveVisualContacts (evalmachine.<anonymous>:2059:43) <- at resolveVisualContacts (evalmachine.<anonymous>:3590:9) <- at evalmachine.<anonymous>:5385:68",
      "i": 1207
    },
    {
      "id": 58,
      "key": "x",
      "old": 4.9692700818074,
      "next": 4.983784639837933,
      "pileClock": 28.458333333333762,
      "state": "RESOLVING",
      "phase": "SETTLE",
      "d": 0.9999978535593755,
      "stack": "at Object.set [as x] (evalmachine.<anonymous>:8129:423) <- at shift (evalmachine.<anonymous>:2013:14) <- at solvePair (evalmachine.<anonymous>:2033:9) <- at resolveVisualContacts (evalmachine.<anonymous>:2059:43) <- at resolveVisualContacts (evalmachine.<anonymous>:3590:9) <- at evalmachine.<anonymous>:5385:68",
      "i": 1208
    },
    {
      "id": 58,
      "key": "x",
      "old": 4.983784639837933,
      "next": 4.9837889327191816,
      "pileClock": 28.458333333333762,
      "state": "RESOLVING",
      "phase": "SETTLE",
      "d": 0.9999999993697682,
      "stack": "at Object.set [as x] (evalmachine.<anonymous>:8129:423) <- at shift (evalmachine.<anonymous>:2013:14) <- at solvePair (evalmachine.<anonymous>:2040:25) <- at resolveVisualContacts (evalmachine.<anonymous>:2059:43) <- at resolveVisualContacts (evalmachine.<anonymous>:3590:9) <- at evalmachine.<anonymous>:5385:68",
      "i": 1209
    },
    {
      "id": 58,
      "key": "x",
      "old": 4.9837889327191816,
      "next": 4.975902440958664,
      "pileClock": 28.458333333333762,
      "state": "RESOLVING",
      "phase": "SETTLE",
      "d": 0.9960579158742209,
      "stack": "at Object.set [as x] (evalmachine.<anonymous>:8129:423) <- at shift (evalmachine.<anonymous>:2013:14) <- at solvePair (evalmachine.<anonymous>:2032:9) <- at resolveVisualContacts (evalmachine.<anonymous>:2059:43) <- at resolveVisualContacts (evalmachine.<anonymous>:3590:9) <- at evalmachine.<anonymous>:5385:68",
      "i": 1210
    },
    {
      "id": 58,
      "key": "x",
      "old": 4.975902440958664,
      "next": 4.972050508332581,
      "pileClock": 28.458333333333762,
      "state": "RESOLVING",
      "phase": "SETTLE",
      "d": 0.9941325206462586,
      "stack": "at Object.set [as x] (evalmachine.<anonymous>:8129:423) <- at shift (evalmachine.<anonymous>:2013:14) <- at solvePair (evalmachine.<anonymous>:2040:25) <- at resolveVisualContacts (evalmachine.<anonymous>:2059:43) <- at resolveVisualContacts (evalmachine.<anonymous>:3590:9) <- at evalmachine.<anonymous>:5385:68",
      "i": 1211
    },
    {
      "id": 58,
      "key": "x",
      "old": 4.972050508332581,
      "next": 4.970177494753991,
      "pileClock": 28.458333333333762,
      "state": "RESOLVING",
      "phase": "SETTLE",
      "d": 0.9931962923489763,
      "stack": "at Object.set [as x] (evalmachine.<anonymous>:8129:423) <- at shift (evalmachine.<anonymous>:2013:14) <- at solvePair (evalmachine.<anonymous>:2040:25) <- at resolveVisualContacts (evalmachine.<anonymous>:2059:43) <- at resolveVisualContacts (evalmachine.<anonymous>:3590:9) <- at evalmachine.<anonymous>:5385:68",
      "i": 1212
    },
    {
      "id": 58,
      "key": "x",
      "old": 4.970177494753991,
      "next": 4.969268710471114,
      "pileClock": 28.458333333333762,
      "state": "RESOLVING",
      "phase": "SETTLE",
      "d": 0.992742035520869,
      "stack": "at Object.set [as x] (evalmachine.<anonymous>:8129:423) <- at shift (evalmachine.<anonymous>:2013:14) <- at solvePair (evalmachine.<anonymous>:2040:25) <- at resolveVisualContacts (evalmachine.<anonymous>:2059:43) <- at resolveVisualContacts (evalmachine.<anonymous>:3590:9) <- at evalmachine.<anonymous>:5385:68",
      "i": 1213
    },
    {
      "id": 60,
      "key": "x",
      "old": 2.9843761668596676,
      "next": 2.9988580501501536,
      "pileClock": 28.458333333333762,
      "state": "RESOLVING",
      "phase": "SETTLE",
      "d": 0.9855032669888314,
      "stack": "at Object.set [as x] (evalmachine.<anonymous>:8129:423) <- at shift (evalmachine.<anonymous>:2013:14) <- at solvePair (evalmachine.<anonymous>:2033:9) <- at resolveVisualContacts (evalmachine.<anonymous>:2059:43) <- at resolveVisualContacts (evalmachine.<anonymous>:3590:9) <- at evalmachine.<anonymous>:5385:68",
      "i": 1214
    },
    {
      "id": 60,
      "key": "y",
      "old": 6.038732268273761,
      "next": 6.039014934533356,
      "pileClock": 28.458333333333762,
      "state": "RESOLVING",
      "phase": "SETTLE",
      "d": 0.9855093163111291,
      "stack": "at Object.set [as y] (evalmachine.<anonymous>:8129:423) <- at shift (evalmachine.<anonymous>:2016:18) <- at solvePair (evalmachine.<anonymous>:2033:9) <- at resolveVisualContacts (evalmachine.<anonymous>:2059:43) <- at resolveVisualContacts (evalmachine.<anonymous>:3590:9) <- at evalmachine.<anonymous>:5385:68",
      "i": 1215
    },
    {
      "id": 60,
      "key": "x",
      "old": 2.9988580501501536,
      "next": 2.9843718361979783,
      "pileClock": 28.458333333333762,
      "state": "RESOLVING",
      "phase": "SETTLE",
      "d": 0.9927502054062867,
      "stack": "at Object.set [as x] (evalmachine.<anonymous>:8129:423) <- at shift (evalmachine.<anonymous>:2013:14) <- at solvePair (evalmachine.<anonymous>:2032:9) <- at resolveVisualContacts (evalmachine.<anonymous>:2059:43) <- at resolveVisualContacts (evalmachine.<anonymous>:3590:9) <- at evalmachine.<anonymous>:5385:68",
      "i": 1216
    },
    {
      "id": 60,
      "key": "y",
      "old": 6.039014934533356,
      "next": 6.039222715750592,
      "pileClock": 28.458333333333762,
      "state": "RESOLVING",
      "phase": "SETTLE",
      "d": 0.9927546581555645,
      "stack": "at Object.set [as y] (evalmachine.<anonymous>:8129:423) <- at shift (evalmachine.<anonymous>:2016:18) <- at solvePair (evalmachine.<anonymous>:2032:9) <- at resolveVisualContacts (evalmachine.<anonymous>:2059:43) <- at resolveVisualContacts (evalmachine.<anonymous>:3590:9) <- at evalmachine.<anonymous>:5385:68",
      "i": 1217
    },
    {
      "id": 58,
      "key": "x",
      "old": 4.969268710471114,
      "next": 4.983759394159986,
      "pileClock": 28.458333333333762,
      "state": "RESOLVING",
      "phase": "SETTLE",
      "d": 0.9999977813215762,
      "stack": "at Object.set [as x] (evalmachine.<anonymous>:8129:423) <- at shift (evalmachine.<anonymous>:2013:14) <- at solvePair (evalmachine.<anonymous>:2033:9) <- at resolveVisualContacts (evalmachine.<anonymous>:2059:43) <- at resolveVisualContacts (evalmachine.<anonymous>:3590:9) <- at evalmachine.<anonymous>:5385:68",
      "i": 1218
    },
    {
      "id": 58,
      "key": "x",
      "old": 4.983759394159986,
      "next": 4.983763831516833,
      "pileClock": 28.458333333333762,
      "state": "RESOLVING",
      "phase": "SETTLE",
      "d": 0.9999999993255164,
      "stack": "at Object.set [as x] (evalmachine.<anonymous>:8129:423) <- at shift (evalmachine.<anonymous>:2013:14) <- at solvePair (evalmachine.<anonymous>:2040:25) <- at resolveVisualContacts (evalmachine.<anonymous>:2059:43) <- at resolveVisualContacts (evalmachine.<anonymous>:3590:9) <- at evalmachine.<anonymous>:5385:68",
      "i": 1219
    },
    {
      "id": 58,
      "key": "x",
      "old": 4.983763831516833,
      "next": 4.975890144424614,
      "pileClock": 28.458333333333762,
      "state": "RESOLVING",
      "phase": "SETTLE",
      "d": 0.9960643573159446,
      "stack": "at Object.set [as x] (evalmachine.<anonymous>:8129:423) <- at shift (evalmachine.<anonymous>:2013:14) <- at solvePair (evalmachine.<anonymous>:2032:9) <- at resolveVisualContacts (evalmachine.<anonymous>:2059:43) <- at resolveVisualContacts (evalmachine.<anonymous>:3590:9) <- at evalmachine.<anonymous>:5385:68",
      "i": 1220
    },
    {
      "id": 58,
      "key": "x",
      "old": 4.975890144424614,
      "next": 4.972044520401792,
      "pileClock": 28.458333333333762,
      "state": "RESOLVING",
      "phase": "SETTLE",
      "d": 0.9941421356110273,
      "stack": "at Object.set [as x] (evalmachine.<anonymous>:8129:423) <- at shift (evalmachine.<anonymous>:2013:14) <- at solvePair (evalmachine.<anonymous>:2040:25) <- at resolveVisualContacts (evalmachine.<anonymous>:2059:43) <- at resolveVisualContacts (evalmachine.<anonymous>:3590:9) <- at evalmachine.<anonymous>:5385:68",
      "i": 1221
    },
    {
      "id": 58,
      "key": "x",
      "old": 4.972044520401792,
      "next": 4.970174587359942,
      "pileClock": 28.458333333333762,
      "state": "RESOLVING",
      "phase": "SETTLE",
      "d": 0.9932074569521523,
      "stack": "at Object.set [as x] (evalmachine.<anonymous>:8129:423) <- at shift (evalmachine.<anonymous>:2013:14) <- at solvePair (evalmachine.<anonymous>:2040:25) <- at resolveVisualContacts (evalmachine.<anonymous>:2059:43) <- at resolveVisualContacts (evalmachine.<anonymous>:3590:9) <- at evalmachine.<anonymous>:5385:68",
      "i": 1222
    },
    {
      "id": 58,
      "key": "x",
      "old": 4.970174587359942,
      "next": 4.969267300809087,
      "pileClock": 28.458333333333762,
      "state": "RESOLVING",
      "phase": "SETTLE",
      "d": 0.9927539535419603,
      "stack": "at Object.set [as x] (evalmachine.<anonymous>:8129:423) <- at shift (evalmachine.<anonymous>:2013:14) <- at solvePair (evalmachine.<anonymous>:2040:25) <- at resolveVisualContacts (evalmachine.<anonymous>:2059:43) <- at resolveVisualContacts (evalmachine.<anonymous>:3590:9) <- at evalmachine.<anonymous>:5385:68",
      "i": 1223
    },
    {
      "id": 60,
      "key": "x",
      "old": 2.9843718361979783,
      "next": 2.9988289676120514,
      "pileClock": 28.458333333333762,
      "state": "RESOLVING",
      "phase": "SETTLE",
      "d": 0.9855276338834102,
      "stack": "at Object.set [as x] (evalmachine.<anonymous>:8129:423) <- at shift (evalmachine.<anonymous>:2013:14) <- at solvePair (evalmachine.<anonymous>:2033:9) <- at resolveVisualContacts (evalmachine.<anonymous>:2059:43) <- at resolveVisualContacts (evalmachine.<anonymous>:3590:9) <- at evalmachine.<anonymous>:5385:68",
      "i": 1224
    },
    {
      "id": 60,
      "key": "y",
      "old": 6.039222715750592,
      "next": 6.03950847265647,
      "pileClock": 28.458333333333762,
      "state": "RESOLVING",
      "phase": "SETTLE",
      "d": 0.9855338561875223,
      "stack": "at Object.set [as y] (evalmachine.<anonymous>:8129:423) <- at shift (evalmachine.<anonymous>:2016:18) <- at solvePair (evalmachine.<anonymous>:2033:9) <- at resolveVisualContacts (evalmachine.<anonymous>:2059:43) <- at resolveVisualContacts (evalmachine.<anonymous>:3590:9) <- at evalmachine.<anonymous>:5385:68",
      "i": 1225
    },
    {
      "id": 60,
      "key": "x",
      "old": 2.9988289676120514,
      "next": 2.9843674429659495,
      "pileClock": 28.458333333333762,
      "state": "RESOLVING",
      "phase": "SETTLE",
      "d": 0.9927623264785971,
      "stack": "at Object.set [as x] (evalmachine.<anonymous>:8129:423) <- at shift (evalmachine.<anonymous>:2013:14) <- at solvePair (evalmachine.<anonymous>:2032:9) <- at resolveVisualContacts (evalmachine.<anonymous>:2059:43) <- at resolveVisualContacts (evalmachine.<anonymous>:3590:9) <- at evalmachine.<anonymous>:5385:68",
      "i": 1226
    },
    {
      "id": 60,
      "key": "y",
      "old": 6.03950847265647,
      "next": 6.039719519028528,
      "pileClock": 28.458333333333762,
      "state": "RESOLVING",
      "phase": "SETTLE",
      "d": 0.9927669280937612,
      "stack": "at Object.set [as y] (evalmachine.<anonymous>:8129:423) <- at shift (evalmachine.<anonymous>:2016:18) <- at solvePair (evalmachine.<anonymous>:2032:9) <- at resolveVisualContacts (evalmachine.<anonymous>:2059:43) <- at resolveVisualContacts (evalmachine.<anonymous>:3590:9) <- at evalmachine.<anonymous>:5385:68",
      "i": 1227
    },
    {
      "id": 58,
      "key": "x",
      "old": 4.969267300809087,
      "next": 4.983733444621565,
      "pileClock": 28.458333333333762,
      "state": "RESOLVING",
      "phase": "SETTLE",
      "d": 0.9999977071195649,
      "stack": "at Object.set [as x] (evalmachine.<anonymous>:8129:423) <- at shift (evalmachine.<anonymous>:2013:14) <- at solvePair (evalmachine.<anonymous>:2033:9) <- at resolveVisualContacts (evalmachine.<anonymous>:2059:43) <- at resolveVisualContacts (evalmachine.<anonymous>:3590:9) <- at evalmachine.<anonymous>:5385:68",
      "i": 1228
    },
    {
      "id": 58,
      "key": "x",
      "old": 4.983733444621565,
      "next": 4.983738030382435,
      "pileClock": 28.458333333333762,
      "state": "RESOLVING",
      "phase": "SETTLE",
      "d": 0.9999999992784158,
      "stack": "at Object.set [as x] (evalmachine.<anonymous>:8129:423) <- at shift (evalmachine.<anonymous>:2013:14) <- at solvePair (evalmachine.<anonymous>:2040:25) <- at resolveVisualContacts (evalmachine.<anonymous>:2059:43) <- at resolveVisualContacts (evalmachine.<anonymous>:3590:9) <- at evalmachine.<anonymous>:5385:68",
      "i": 1229
    },
    {
      "id": 58,
      "key": "x",
      "old": 4.983738030382435,
      "next": 4.9758775052529005,
      "pileClock": 28.458333333333762,
      "state": "RESOLVING",
      "phase": "SETTLE",
      "d": 0.9960709784688238,
      "stack": "at Object.set [as x] (evalmachine.<anonymous>:8129:423) <- at shift (evalmachine.<anonymous>:2013:14) <- at solvePair (evalmachine.<anonymous>:2032:9) <- at resolveVisualContacts (evalmachine.<anonymous>:2059:43) <- at resolveVisualContacts (evalmachine.<anonymous>:3590:9) <- at evalmachine.<anonymous>:5385:68",
      "i": 1230
    },
    {
      "id": 58,
      "key": "x",
      "old": 4.9758775052529005,
      "next": 4.972038365678038,
      "pileClock": 28.458333333333762,
      "state": "RESOLVING",
      "phase": "SETTLE",
      "d": 0.9941520187320836,
      "stack": "at Object.set [as x] (evalmachine.<anonymous>:8129:423) <- at shift (evalmachine.<anonymous>:2013:14) <- at solvePair (evalmachine.<anonymous>:2040:25) <- at resolveVisualContacts (evalmachine.<anonymous>:2059:43) <- at resolveVisualContacts (evalmachine.<anonymous>:3590:9) <- at evalmachine.<anonymous>:5385:68",
      "i": 1231
    },
    {
      "id": 58,
      "key": "x",
      "old": 4.972038365678038,
      "next": 4.970171598994595,
      "pileClock": 28.458333333333762,
      "state": "RESOLVING",
      "phase": "SETTLE",
      "d": 0.9932189328770653,
      "stack": "at Object.set [as x] (evalmachine.<anonymous>:8129:423) <- at shift (evalmachine.<anonymous>:2013:14) <- at solvePair (evalmachine.<anonymous>:2040:25) <- at resolveVisualContacts (evalmachine.<anonymous>:2059:43) <- at resolveVisualContacts (evalmachine.<anonymous>:3590:9) <- at evalmachine.<anonymous>:5385:68",
      "i": 1232
    },
    {
      "id": 58,
      "key": "x",
      "old": 4.970171598994595,
      "next": 4.969265851891028,
      "pileClock": 28.458333333333762,
      "state": "RESOLVING",
      "phase": "SETTLE",
      "d": 0.9927662038660579,
      "stack": "at Object.set [as x] (evalmachine.<anonymous>:8129:423) <- at shift (evalmachine.<anonymous>:2013:14) <- at solvePair (evalmachine.<anonymous>:2040:25) <- at resolveVisualContacts (evalmachine.<anonymous>:2059:43) <- at resolveVisualContacts (evalmachine.<anonymous>:3590:9) <- at evalmachine.<anonymous>:5385:68",
      "i": 1233
    },
    {
      "id": 60,
      "key": "x",
      "old": 2.9843674429659495,
      "next": 2.998799136217352,
      "pileClock": 28.458333333333762,
      "state": "RESOLVING",
      "phase": "SETTLE",
      "d": 0.9855526781936856,
      "stack": "at Object.set [as x] (evalmachine.<anonymous>:8129:423) <- at shift (evalmachine.<anonymous>:2013:14) <- at solvePair (evalmachine.<anonymous>:2033:9) <- at resolveVisualContacts (evalmachine.<anonymous>:2059:43) <- at resolveVisualContacts (evalmachine.<anonymous>:3590:9) <- at evalmachine.<anonymous>:5385:68",
      "i": 1234
    },
    {
      "id": 60,
      "key": "y",
      "old": 6.039719519028528,
      "next": 6.040008386857289,
      "pileClock": 28.458333333333762,
      "state": "RESOLVING",
      "phase": "SETTLE",
      "d": 0.9855590776294091,
      "stack": "at Object.set [as y] (evalmachine.<anonymous>:8129:423) <- at shift (evalmachine.<anonymous>:2016:18) <- at solvePair (evalmachine.<anonymous>:2033:9) <- at resolveVisualContacts (evalmachine.<anonymous>:2059:43) <- at resolveVisualContacts (evalmachine.<anonymous>:3590:9) <- at evalmachine.<anonymous>:5385:68",
      "i": 1235
    },
    {
      "id": 60,
      "key": "x",
      "old": 2.998799136217352,
      "next": 2.984362986461966,
      "pileClock": 28.458333333333762,
      "state": "RESOLVING",
      "phase": "SETTLE",
      "d": 0.9927747843294603,
      "stack": "at Object.set [as x] (evalmachine.<anonymous>:8129:423) <- at shift (evalmachine.<anonymous>:2013:14) <- at solvePair (evalmachine.<anonymous>:2032:9) <- at resolveVisualContacts (evalmachine.<anonymous>:2059:43) <- at resolveVisualContacts (evalmachine.<anonymous>:3590:9) <- at evalmachine.<anonymous>:5385:68",
      "i": 1236
    },
    {
      "id": 60,
      "key": "y",
      "old": 6.040008386857289,
      "next": 6.040222722383584,
      "pileClock": 28.458333333333762,
      "state": "RESOLVING",
      "phase": "SETTLE",
      "d": 0.9927795388147046,
      "stack": "at Object.set [as y] (evalmachine.<anonymous>:8129:423) <- at shift (evalmachine.<anonymous>:2016:18) <- at solvePair (evalmachine.<anonymous>:2032:9) <- at resolveVisualContacts (evalmachine.<anonymous>:2059:43) <- at resolveVisualContacts (evalmachine.<anonymous>:3590:9) <- at evalmachine.<anonymous>:5385:68",
      "i": 1237
    },
    {
      "id": 58,
      "key": "x",
      "old": 4.969265851891028,
      "next": 4.983706774261619,
      "pileClock": 28.458333333333762,
      "state": "RESOLVING",
      "phase": "SETTLE",
      "d": 0.9999976309198327,
      "stack": "at Object.set [as x] (evalmachine.<anonymous>:8129:423) <- at shift (evalmachine.<anonymous>:2013:14) <- at solvePair (evalmachine.<anonymous>:2033:9) <- at resolveVisualContacts (evalmachine.<anonymous>:2059:43) <- at resolveVisualContacts (evalmachine.<anonymous>:3590:9) <- at evalmachine.<anonymous>:5385:68",
      "i": 1238
    },
    {
      "id": 58,
      "key": "x",
      "old": 4.983706774261619,
      "next": 4.983711512421953,
      "pileClock": 28.458333333333762,
      "state": "RESOLVING",
      "phase": "SETTLE",
      "d": 0.999999999228303,
      "stack": "at Object.set [as x] (evalmachine.<anonymous>:8129:423) <- at shift (evalmachine.<anonymous>:2013:14) <- at solvePair (evalmachine.<anonymous>:2040:25) <- at resolveVisualContacts (evalmachine.<anonymous>:2059:43) <- at resolveVisualContacts (evalmachine.<anonymous>:3590:9) <- at evalmachine.<anonymous>:5385:68",
      "i": 1239
    },
    {
      "id": 58,
      "key": "x",
      "old": 4.983711512421953,
      "next": 4.975864515188024,
      "pileClock": 28.458333333333762,
      "state": "RESOLVING",
      "phase": "SETTLE",
      "d": 0.9960777836703162,
      "stack": "at Object.set [as x] (evalmachine.<anonymous>:8129:423) <- at shift (evalmachine.<anonymous>:2013:14) <- at solvePair (evalmachine.<anonymous>:2032:9) <- at resolveVisualContacts (evalmachine.<anonymous>:2059:43) <- at resolveVisualContacts (evalmachine.<anonymous>:3590:9) <- at evalmachine.<anonymous>:5385:68",
      "i": 1240
    },
    {
      "id": 58,
      "key": "x",
      "old": 4.975864515188024,
      "next": 4.972032040146103,
      "pileClock": 28.458333333333762,
      "state": "RESOLVING",
      "phase": "SETTLE",
      "d": 0.9941621764759562,
      "stack": "at Object.set [as x] (evalmachine.<anonymous>:8129:423) <- at shift (evalmachine.<anonymous>:2013:14) <- at solvePair (evalmachine.<anonymous>:2040:25) <- at resolveVisualContacts (evalmachine.<anonymous>:2059:43) <- at resolveVisualContacts (evalmachine.<anonymous>:3590:9) <- at evalmachine.<anonymous>:5385:68",
      "i": 1241
    },
    {
      "id": 58,
      "key": "x",
      "old": 4.972032040146103,
      "next": 4.970168527709548,
      "pileClock": 28.458333333333762,
      "state": "RESOLVING",
      "phase": "SETTLE",
      "d": 0.9932307276279834,
      "stack": "at Object.set [as x] (evalmachine.<anonymous>:8129:423) <- at shift (evalmachine.<anonymous>:2013:14) <- at solvePair (evalmachine.<anonymous>:2040:25) <- at resolveVisualContacts (evalmachine.<anonymous>:2059:43) <- at resolveVisualContacts (evalmachine.<anonymous>:3590:9) <- at evalmachine.<anonymous>:5385:68",
      "i": 1242
    },
    {
      "id": 58,
      "key": "x",
      "old": 4.970168527709548,
      "next": 4.9692643627725195,
      "pileClock": 28.458333333333762,
      "state": "RESOLVING",
      "phase": "SETTLE",
      "d": 0.9927787945015217,
      "stack": "at Object.set [as x] (evalmachine.<anonymous>:8129:423) <- at shift (evalmachine.<anonymous>:2013:14) <- at solvePair (evalmachine.<anonymous>:2040:25) <- at resolveVisualContacts (evalmachine.<anonymous>:2059:43) <- at resolveVisualContacts (evalmachine.<anonymous>:3590:9) <- at evalmachine.<anonymous>:5385:68",
      "i": 1243
    },
    {
      "id": 60,
      "key": "x",
      "old": 2.984362986461966,
      "next": 2.9987685389343324,
      "pileClock": 28.458333333333762,
      "state": "RESOLVING",
      "phase": "SETTLE",
      "d": 0.985578416125752,
      "stack": "at Object.set [as x] (evalmachine.<anonymous>:8129:423) <- at shift (evalmachine.<anonymous>:2013:14) <- at solvePair (evalmachine.<anonymous>:2033:9) <- at resolveVisualContacts (evalmachine.<anonymous>:2059:43) <- at resolveVisualContacts (evalmachine.<anonymous>:3590:9) <- at evalmachine.<anonymous>:5385:68",
      "i": 1244
    },
    {
      "id": 60,
      "key": "y",
      "old": 6.040222722383584,
      "next": 6.04051472064289,
      "pileClock": 28.458333333333762,
      "state": "RESOLVING",
      "phase": "SETTLE",
      "d": 0.9855849969027949,
      "stack": "at Object.set [as y] (evalmachine.<anonymous>:8129:423) <- at shift (evalmachine.<anonymous>:2016:18) <- at solvePair (evalmachine.<anonymous>:2033:9) <- at resolveVisualContacts (evalmachine.<anonymous>:2059:43) <- at resolveVisualContacts (evalmachine.<anonymous>:3590:9) <- at evalmachine.<anonymous>:5385:68",
      "i": 1245
    },
    {
      "id": 60,
      "key": "x",
      "old": 2.9987685389343324,
      "next": 2.984358465986327,
      "pileClock": 28.458333333333762,
      "state": "RESOLVING",
      "phase": "SETTLE",
      "d": 0.9927875870260959,
      "stack": "at Object.set [as x] (evalmachine.<anonymous>:8129:423) <- at shift (evalmachine.<anonymous>:2013:14) <- at solvePair (evalmachine.<anonymous>:2032:9) <- at resolveVisualContacts (evalmachine.<anonymous>:2059:43) <- at resolveVisualContacts (evalmachine.<anonymous>:3590:9) <- at evalmachine.<anonymous>:5385:68",
      "i": 1246
    },
    {
      "id": 60,
      "key": "y",
      "old": 6.04051472064289,
      "next": 6.040732368619836,
      "pileClock": 28.458333333333762,
      "state": "RESOLVING",
      "phase": "SETTLE",
      "d": 0.9927924984513975,
      "stack": "at Object.set [as y] (evalmachine.<anonymous>:8129:423) <- at shift (evalmachine.<anonymous>:2016:18) <- at solvePair (evalmachine.<anonymous>:2032:9) <- at resolveVisualContacts (evalmachine.<anonymous>:2059:43) <- at resolveVisualContacts (evalmachine.<anonymous>:3590:9) <- at evalmachine.<anonymous>:5385:68",
      "i": 1247
    },
    {
      "id": 58,
      "key": "x",
      "old": 4.9692643627725195,
      "next": 4.983679365869724,
      "pileClock": 28.458333333333762,
      "state": "RESOLVING",
      "phase": "SETTLE",
      "d": 0.9999975526894342,
      "stack": "at Object.set [as x] (evalmachine.<anonymous>:8129:423) <- at shift (evalmachine.<anonymous>:2013:14) <- at solvePair (evalmachine.<anonymous>:2033:9) <- at resolveVisualContacts (evalmachine.<anonymous>:2059:43) <- at resolveVisualContacts (evalmachine.<anonymous>:3590:9) <- at evalmachine.<anonymous>:5385:68",
      "i": 1248
    },
    {
      "id": 58,
      "key": "x",
      "old": 4.983679365869724,
      "next": 4.983684260490856,
      "pileClock": 28.458333333333762,
      "state": "RESOLVING",
      "phase": "SETTLE",
      "d": 0.9999999991750048,
      "stack": "at Object.set [as x] (evalmachine.<anonymous>:8129:423) <- at shift (evalmachine.<anonymous>:2013:14) <- at solvePair (evalmachine.<anonymous>:2040:25) <- at resolveVisualContacts (evalmachine.<anonymous>:2059:43) <- at resolveVisualContacts (evalmachine.<anonymous>:3590:9) <- at evalmachine.<anonymous>:5385:68",
      "i": 1249
    },
    {
      "id": 58,
      "key": "x",
      "old": 4.983684260490856,
      "next": 4.975851165853009,
      "pileClock": 28.458333333333762,
      "state": "RESOLVING",
      "phase": "SETTLE",
      "d": 0.9960847773220862,
      "stack": "at Object.set [as x] (evalmachine.<anonymous>:8129:423) <- at shift (evalmachine.<anonymous>:2013:14) <- at solvePair (evalmachine.<anonymous>:2032:9) <- at resolveVisualContacts (evalmachine.<anonymous>:2059:43) <- at resolveVisualContacts (evalmachine.<anonymous>:3590:9) <- at evalmachine.<anonymous>:5385:68",
      "i": 1250
    },
    {
      "id": 58,
      "key": "x",
      "old": 4.975851165853009,
      "next": 4.972025539731915,
      "pileClock": 28.458333333333762,
      "state": "RESOLVING",
      "phase": "SETTLE",
      "d": 0.9941726154045409,
      "stack": "at Object.set [as x] (evalmachine.<anonymous>:8129:423) <- at shift (evalmachine.<anonymous>:2013:14) <- at solvePair (evalmachine.<anonymous>:2040:25) <- at resolveVisualContacts (evalmachine.<anonymous>:2059:43) <- at resolveVisualContacts (evalmachine.<anonymous>:3590:9) <- at evalmachine.<anonymous>:5385:68",
      "i": 1251
    },
    {
      "id": 58,
      "key": "x",
      "old": 4.972025539731915,
      "next": 4.9701653715278935,
      "pileClock": 28.458333333333762,
      "state": "RESOLVING",
      "phase": "SETTLE",
      "d": 0.9932428488196438,
      "stack": "at Object.set [as x] (evalmachine.<anonymous>:8129:423) <- at shift (evalmachine.<anonymous>:2013:14) <- at solvePair (evalmachine.<anonymous>:2040:25) <- at resolveVisualContacts (evalmachine.<anonymous>:2059:43) <- at resolveVisualContacts (evalmachine.<anonymous>:3590:9) <- at evalmachine.<anonymous>:5385:68",
      "i": 1252
    },
    {
      "id": 58,
      "key": "x",
      "old": 4.9701653715278935,
      "next": 4.969262832495337,
      "pileClock": 28.458333333333762,
      "state": "RESOLVING",
      "phase": "SETTLE",
      "d": 0.9927917335744955,
      "stack": "at Object.set [as x] (evalmachine.<anonymous>:8129:423) <- at shift (evalmachine.<anonymous>:2013:14) <- at solvePair (evalmachine.<anonymous>:2040:25) <- at resolveVisualContacts (evalmachine.<anonymous>:2059:43) <- at resolveVisualContacts (evalmachine.<anonymous>:3590:9) <- at evalmachine.<anonymous>:5385:68",
      "i": 1253
    },
    {
      "id": 60,
      "key": "x",
      "old": 2.984358465986327,
      "next": 2.998737158505948,
      "pileClock": 28.458333333333762,
      "state": "RESOLVING",
      "phase": "SETTLE",
      "d": 0.9856048641164739,
      "stack": "at Object.set [as x] (evalmachine.<anonymous>:8129:423) <- at shift (evalmachine.<anonymous>:2013:14) <- at solvePair (evalmachine.<anonymous>:2033:9) <- at resolveVisualContacts (evalmachine.<anonymous>:2059:43) <- at resolveVisualContacts (evalmachine.<anonymous>:3590:9) <- at evalmachine.<anonymous>:5385:68",
      "i": 1254
    },
    {
      "id": 60,
      "key": "y",
      "old": 6.040732368619836,
      "next": 6.041027516000725,
      "pileClock": 28.458333333333762,
      "state": "RESOLVING",
      "phase": "SETTLE",
      "d": 0.985611630502802,
      "stack": "at Object.set [as y] (evalmachine.<anonymous>:8129:423) <- at shift (evalmachine.<anonymous>:2016:18) <- at solvePair (evalmachine.<anonymous>:2033:9) <- at resolveVisualContacts (evalmachine.<anonymous>:2059:43) <- at resolveVisualContacts (evalmachine.<anonymous>:3590:9) <- at evalmachine.<anonymous>:5385:68",
      "i": 1255
    },
    {
      "id": 60,
      "key": "x",
      "old": 2.998737158505948,
      "next": 2.984353880841798,
      "pileClock": 28.458333333333762,
      "state": "RESOLVING",
      "phase": "SETTLE",
      "d": 0.9928007427516083,
      "stack": "at Object.set [as x] (evalmachine.<anonymous>:8129:423) <- at shift (evalmachine.<anonymous>:2013:14) <- at solvePair (evalmachine.<anonymous>:2032:9) <- at resolveVisualContacts (evalmachine.<anonymous>:2059:43) <- at resolveVisualContacts (evalmachine.<anonymous>:3590:9) <- at evalmachine.<anonymous>:5385:68",
      "i": 1256
    },
    {
      "id": 60,
      "key": "y",
      "old": 6.041027516000725,
      "next": 6.041248498974328,
      "pileClock": 28.458333333333762,
      "state": "RESOLVING",
      "phase": "SETTLE",
      "d": 0.9928058152514011,
      "stack": "at Object.set [as y] (evalmachine.<anonymous>:8129:423) <- at shift (evalmachine.<anonymous>:2016:18) <- at solvePair (evalmachine.<anonymous>:2032:9) <- at resolveVisualContacts (evalmachine.<anonymous>:2059:43) <- at resolveVisualContacts (evalmachine.<anonymous>:3590:9) <- at evalmachine.<anonymous>:5385:68",
      "i": 1257
    },
    {
      "id": 58,
      "key": "x",
      "old": 4.969262832495337,
      "next": 4.983651201992535,
      "pileClock": 28.458333333333762,
      "state": "RESOLVING",
      "phase": "SETTLE",
      "d": 0.9999974723960752,
      "stack": "at Object.set [as x] (evalmachine.<anonymous>:8129:423) <- at shift (evalmachine.<anonymous>:2013:14) <- at solvePair (evalmachine.<anonymous>:2033:9) <- at resolveVisualContacts (evalmachine.<anonymous>:2059:43) <- at resolveVisualContacts (evalmachine.<anonymous>:3590:9) <- at evalmachine.<anonymous>:5385:68",
      "i": 1258
    },
    {
      "id": 58,
      "key": "x",
      "old": 4.983651201992535,
      "next": 4.983656257200384,
      "pileClock": 28.458333333333762,
      "state": "RESOLVING",
      "phase": "SETTLE",
      "d": 0.9999999991183417,
      "stack": "at Object.set [as x] (evalmachine.<anonymous>:8129:423) <- at shift (evalmachine.<anonymous>:2013:14) <- at solvePair (evalmachine.<anonymous>:2040:25) <- at resolveVisualContacts (evalmachine.<anonymous>:2059:43) <- at resolveVisualContacts (evalmachine.<anonymous>:3590:9) <- at evalmachine.<anonymous>:5385:68",
      "i": 1259
    },
    {
      "id": 58,
      "key": "x",
      "old": 4.983656257200384,
      "next": 4.9758374487525305,
      "pileClock": 28.458333333333762,
      "state": "RESOLVING",
      "phase": "SETTLE",
      "d": 0.996091963888388,
      "stack": "at Object.set [as x] (evalmachine.<anonymous>:8129:423) <- at shift (evalmachine.<anonymous>:2013:14) <- at solvePair (evalmachine.<anonymous>:2032:9) <- at resolveVisualContacts (evalmachine.<anonymous>:2059:43) <- at resolveVisualContacts (evalmachine.<anonymous>:3590:9) <- at evalmachine.<anonymous>:5385:68",
      "i": 1260
    },
    {
      "id": 58,
      "key": "x",
      "old": 4.9758374487525305,
      "next": 4.972018860304077,
      "pileClock": 28.458333333333762,
      "state": "RESOLVING",
      "phase": "SETTLE",
      "d": 0.9941833421726631,
      "stack": "at Object.set [as x] (evalmachine.<anonymous>:8129:423) <- at shift (evalmachine.<anonymous>:2013:14) <- at solvePair (evalmachine.<anonymous>:2040:25) <- at resolveVisualContacts (evalmachine.<anonymous>:2059:43) <- at resolveVisualContacts (evalmachine.<anonymous>:3590:9) <- at evalmachine.<anonymous>:5385:68",
      "i": 1261
    },
    {
      "id": 58,
      "key": "x",
      "old": 4.972018860304077,
      "next": 4.97016212844496,
      "pileClock": 28.458333333333762,
      "state": "RESOLVING",
      "phase": "SETTLE",
      "d": 0.9932553041744081,
      "stack": "at Object.set [as x] (evalmachine.<anonymous>:8129:423) <- at shift (evalmachine.<anonymous>:2013:14) <- at solvePair (evalmachine.<anonymous>:2040:25) <- at resolveVisualContacts (evalmachine.<anonymous>:2059:43) <- at resolveVisualContacts (evalmachine.<anonymous>:3590:9) <- at evalmachine.<anonymous>:5385:68",
      "i": 1262
    },
    {
      "id": 58,
      "key": "x",
      "old": 4.97016212844496,
      "next": 4.969261260087815,
      "pileClock": 28.458333333333762,
      "state": "RESOLVING",
      "phase": "SETTLE",
      "d": 0.992805029325866,
      "stack": "at Object.set [as x] (evalmachine.<anonymous>:8129:423) <- at shift (evalmachine.<anonymous>:2013:14) <- at solvePair (evalmachine.<anonymous>:2040:25) <- at resolveVisualContacts (evalmachine.<anonymous>:2059:43) <- at resolveVisualContacts (evalmachine.<anonymous>:3590:9) <- at evalmachine.<anonymous>:5385:68",
      "i": 1263
    },
    {
      "id": 60,
      "key": "x",
      "old": 2.984353880841798,
      "next": 2.998704977457484,
      "pileClock": 28.458333333333762,
      "state": "RESOLVING",
      "phase": "SETTLE",
      "d": 0.9856320388268018,
      "stack": "at Object.set [as x] (evalmachine.<anonymous>:8129:423) <- at shift (evalmachine.<anonymous>:2013:14) <- at solvePair (evalmachine.<anonymous>:2033:9) <- at resolveVisualContacts (evalmachine.<anonymous>:2059:43) <- at resolveVisualContacts (evalmachine.<anonymous>:3590:9) <- at evalmachine.<anonymous>:5385:68",
      "i": 1264
    },
    {
      "id": 60,
      "key": "y",
      "old": 6.041248498974328,
      "next": 6.041546813302104,
      "pileClock": 28.458333333333762,
      "state": "RESOLVING",
      "phase": "SETTLE",
      "d": 0.9856389951467872,
      "stack": "at Object.set [as y] (evalmachine.<anonymous>:8129:423) <- at shift (evalmachine.<anonymous>:2016:18) <- at solvePair (evalmachine.<anonymous>:2033:9) <- at resolveVisualContacts (evalmachine.<anonymous>:2059:43) <- at resolveVisualContacts (evalmachine.<anonymous>:3590:9) <- at evalmachine.<anonymous>:5385:68",
      "i": 1265
    },
    {
      "id": 60,
      "key": "x",
      "old": 2.998704977457484,
      "next": 2.984349230334183,
      "pileClock": 28.458333333333762,
      "state": "RESOLVING",
      "phase": "SETTLE",
      "d": 0.9928142598017374,
      "stack": "at Object.set [as x] (evalmachine.<anonymous>:8129:423) <- at shift (evalmachine.<anonymous>:2013:14) <- at solvePair (evalmachine.<anonymous>:2032:9) <- at resolveVisualContacts (evalmachine.<anonymous>:2059:43) <- at resolveVisualContacts (evalmachine.<anonymous>:3590:9) <- at evalmachine.<anonymous>:5385:68",
      "i": 1266
    },
    {
      "id": 60,
      "key": "y",
      "old": 6.041546813302104,
      "next": 6.041771153019083,
      "pileClock": 28.458333333333762,
      "state": "RESOLVING",
      "phase": "SETTLE",
      "d": 0.9928194975733936,
      "stack": "at Object.set [as y] (evalmachine.<anonymous>:8129:423) <- at shift (evalmachine.<anonymous>:2016:18) <- at solvePair (evalmachine.<anonymous>:2032:9) <- at resolveVisualContacts (evalmachine.<anonymous>:2059:43) <- at resolveVisualContacts (evalmachine.<anonymous>:3590:9) <- at evalmachine.<anonymous>:5385:68",
      "i": 1267
    },
    {
      "id": 58,
      "key": "x",
      "old": 4.969261260087815,
      "next": 4.983622264941028,
      "pileClock": 28.458333333333762,
      "state": "RESOLVING",
      "phase": "SETTLE",
      "d": 0.9999973900082092,
      "stack": "at Object.set [as x] (evalmachine.<anonymous>:8129:423) <- at shift (evalmachine.<anonymous>:2013:14) <- at solvePair (evalmachine.<anonymous>:2033:9) <- at resolveVisualContacts (evalmachine.<anonymous>:2059:43) <- at resolveVisualContacts (evalmachine.<anonymous>:3590:9) <- at evalmachine.<anonymous>:5385:68",
      "i": 1268
    },
    {
      "id": 58,
      "key": "x",
      "old": 4.983622264941028,
      "next": 4.983627484924609,
      "pileClock": 28.458333333333762,
      "state": "RESOLVING",
      "phase": "SETTLE",
      "d": 0.999999999058125,
      "stack": "at Object.set [as x] (evalmachine.<anonymous>:8129:423) <- at shift (evalmachine.<anonymous>:2013:14) <- at solvePair (evalmachine.<anonymous>:2040:25) <- at resolveVisualContacts (evalmachine.<anonymous>:2059:43) <- at resolveVisualContacts (evalmachine.<anonymous>:3590:9) <- at evalmachine.<anonymous>:5385:68",
      "i": 1269
    },
    {
      "id": 58,
      "key": "x",
      "old": 4.983627484924609,
      "next": 4.975823355276437,
      "pileClock": 28.458333333333762,
      "state": "RESOLVING",
      "phase": "SETTLE",
      "d": 0.9960993478942469,
      "stack": "at Object.set [as x] (evalmachine.<anonymous>:8129:423) <- at shift (evalmachine.<anonymous>:2013:14) <- at solvePair (evalmachine.<anonymous>:2032:9) <- at resolveVisualContacts (evalmachine.<anonymous>:2059:43) <- at resolveVisualContacts (evalmachine.<anonymous>:3590:9) <- at evalmachine.<anonymous>:5385:68",
      "i": 1270
    },
    {
      "id": 58,
      "key": "x",
      "old": 4.975823355276437,
      "next": 4.9720119976756,
      "pileClock": 28.458333333333762,
      "state": "RESOLVING",
      "phase": "SETTLE",
      "d": 0.994194363525337,
      "stack": "at Object.set [as x] (evalmachine.<anonymous>:8129:423) <- at shift (evalmachine.<anonymous>:2013:14) <- at solvePair (evalmachine.<anonymous>:2040:25) <- at resolveVisualContacts (evalmachine.<anonymous>:2059:43) <- at resolveVisualContacts (evalmachine.<anonymous>:3590:9) <- at evalmachine.<anonymous>:5385:68",
      "i": 1271
    },
    {
      "id": 58,
      "key": "x",
      "old": 4.9720119976756,
      "next": 4.970158796429163,
      "pileClock": 28.458333333333762,
      "state": "RESOLVING",
      "phase": "SETTLE",
      "d": 0.9932681015190704,
      "stack": "at Object.set [as x] (evalmachine.<anonymous>:8129:423) <- at shift (evalmachine.<anonymous>:2013:14) <- at solvePair (evalmachine.<anonymous>:2040:25) <- at resolveVisualContacts (evalmachine.<anonymous>:2059:43) <- at resolveVisualContacts (evalmachine.<anonymous>:3590:9) <- at evalmachine.<anonymous>:5385:68",
      "i": 1272
    },
    {
      "id": 58,
      "key": "x",
      "old": 4.970158796429163,
      "next": 4.969259644565252,
      "pileClock": 28.458333333333762,
      "state": "RESOLVING",
      "phase": "SETTLE",
      "d": 0.9928186901078431,
      "stack": "at Object.set [as x] (evalmachine.<anonymous>:8129:423) <- at shift (evalmachine.<anonymous>:2013:14) <- at solvePair (evalmachine.<anonymous>:2040:25) <- at resolveVisualContacts (evalmachine.<anonymous>:2059:43) <- at resolveVisualContacts (evalmachine.<anonymous>:3590:9) <- at evalmachine.<anonymous>:5385:68",
      "i": 1273
    },
    {
      "id": 60,
      "key": "x",
      "old": 2.984349230334183,
      "next": 2.9986719781050377,
      "pileClock": 28.458333333333762,
      "state": "RESOLVING",
      "phase": "SETTLE",
      "d": 0.9856599571343018,
      "stack": "at Object.set [as x] (evalmachine.<anonymous>:8129:423) <- at shift (evalmachine.<anonymous>:2013:14) <- at solvePair (evalmachine.<anonymous>:2033:9) <- at resolveVisualContacts (evalmachine.<anonymous>:2059:43) <- at resolveVisualContacts (evalmachine.<anonymous>:3590:9) <- at evalmachine.<anonymous>:5385:68",
      "i": 1274
    },
    {
      "id": 60,
      "key": "y",
      "old": 6.041771153019083,
      "next": 6.042072651202792,
      "pileClock": 28.458333333333762,
      "state": "RESOLVING",
      "phase": "SETTLE",
      "d": 0.9856671077666614,
      "stack": "at Object.set [as y] (evalmachine.<anonymous>:8129:423) <- at shift (evalmachine.<anonymous>:2016:18) <- at solvePair (evalmachine.<anonymous>:2033:9) <- at resolveVisualContacts (evalmachine.<anonymous>:2059:43) <- at resolveVisualContacts (evalmachine.<anonymous>:3590:9) <- at evalmachine.<anonymous>:5385:68",
      "i": 1275
    },
    {
      "id": 60,
      "key": "x",
      "old": 2.9986719781050377,
      "next": 2.9843445137729283,
      "pileClock": 28.458333333333762,
      "state": "RESOLVING",
      "phase": "SETTLE",
      "d": 0.9928281465812169,
      "stack": "at Object.set [as x] (evalmachine.<anonymous>:8129:423) <- at shift (evalmachine.<anonymous>:2013:14) <- at solvePair (evalmachine.<anonymous>:2032:9) <- at resolveVisualContacts (evalmachine.<anonymous>:2059:43) <- at resolveVisualContacts (evalmachine.<anonymous>:3590:9) <- at evalmachine.<anonymous>:5385:68",
      "i": 1276
    },
    {
      "id": 60,
      "key": "y",
      "old": 6.042072651202792,
      "next": 6.042300368560228,
      "pileClock": 28.458333333333762,
      "state": "RESOLVING",
      "phase": "SETTLE",
      "d": 0.9928335538833307,
      "stack": "at Object.set [as y] (evalmachine.<anonymous>:8129:423) <- at shift (evalmachine.<anonymous>:2016:18) <- at solvePair (evalmachine.<anonymous>:2032:9) <- at resolveVisualContacts (evalmachine.<anonymous>:2059:43) <- at resolveVisualContacts (evalmachine.<anonymous>:3590:9) <- at evalmachine.<anonymous>:5385:68",
      "i": 1277
    },
    {
      "id": 58,
      "key": "x",
      "old": 4.969259644565252,
      "next": 4.98359253679859,
      "pileClock": 28.458333333333762,
      "state": "RESOLVING",
      "phase": "SETTLE",
      "d": 0.9999973054951361,
      "stack": "at Object.set [as x] (evalmachine.<anonymous>:8129:423) <- at shift (evalmachine.<anonymous>:2013:14) <- at solvePair (evalmachine.<anonymous>:2033:9) <- at resolveVisualContacts (evalmachine.<anonymous>:2059:43) <- at resolveVisualContacts (evalmachine.<anonymous>:3590:9) <- at evalmachine.<anonymous>:5385:68",
      "i": 1278
    },
    {
      "id": 58,
      "key": "x",
      "old": 4.98359253679859,
      "next": 4.9835979258083185,
      "pileClock": 28.458333333333762,
      "state": "RESOLVING",
      "phase": "SETTLE",
      "d": 0.9999999989941576,
      "stack": "at Object.set [as x] (evalmachine.<anonymous>:8129:423) <- at shift (evalmachine.<anonymous>:2013:14) <- at solvePair (evalmachine.<anonymous>:2040:25) <- at resolveVisualContacts (evalmachine.<anonymous>:2059:43) <- at resolveVisualContacts (evalmachine.<anonymous>:3590:9) <- at evalmachine.<anonymous>:5385:68",
      "i": 1279
    },
    {
      "id": 60,
      "key": "x",
      "old": 2.9843445137729283,
      "next": 2.9843445117619942,
      "pileClock": 28.458333333333762,
      "state": "RESOLVING",
      "phase": "SETTLE",
      "d": 0.9999999999992494,
      "stack": "at Object.set [as x] (evalmachine.<anonymous>:8129:423) <- at shift (evalmachine.<anonymous>:2013:14) <- at solvePair (evalmachine.<anonymous>:2040:25) <- at resolveVisualContacts (evalmachine.<anonymous>:2059:43) <- at resolveVisualContacts (evalmachine.<anonymous>:3590:9) <- at evalmachine.<anonymous>:5385:68",
      "i": 1280
    },
    {
      "id": 60,
      "key": "y",
      "old": 6.042300368560228,
      "next": 6.04230036859196,
      "pileClock": 28.458333333333762,
      "state": "RESOLVING",
      "phase": "SETTLE",
      "d": 1,
      "stack": "at Object.set [as y] (evalmachine.<anonymous>:8129:423) <- at shift (evalmachine.<anonymous>:2016:18) <- at solvePair (evalmachine.<anonymous>:2040:25) <- at resolveVisualContacts (evalmachine.<anonymous>:2059:43) <- at resolveVisualContacts (evalmachine.<anonymous>:3590:9) <- at evalmachine.<anonymous>:5385:68",
      "i": 1281
    },
    {
      "id": 58,
      "key": "x",
      "old": 4.9835979258083185,
      "next": 4.975808876703669,
      "pileClock": 28.458333333333762,
      "state": "RESOLVING",
      "phase": "SETTLE",
      "d": 0.9961069349292606,
      "stack": "at Object.set [as x] (evalmachine.<anonymous>:8129:423) <- at shift (evalmachine.<anonymous>:2013:14) <- at solvePair (evalmachine.<anonymous>:2032:9) <- at resolveVisualContacts (evalmachine.<anonymous>:2059:43) <- at resolveVisualContacts (evalmachine.<anonymous>:3590:9) <- at evalmachine.<anonymous>:5385:68",
      "i": 1282
    },
    {
      "id": 58,
      "key": "x",
      "old": 4.975808876703669,
      "next": 4.972004947605824,
      "pileClock": 28.458333333333762,
      "state": "RESOLVING",
      "phase": "SETTLE",
      "d": 0.9942056873005457,
      "stack": "at Object.set [as x] (evalmachine.<anonymous>:8129:423) <- at shift (evalmachine.<anonymous>:2013:14) <- at solvePair (evalmachine.<anonymous>:2040:25) <- at resolveVisualContacts (evalmachine.<anonymous>:2059:43) <- at resolveVisualContacts (evalmachine.<anonymous>:3590:9) <- at evalmachine.<anonymous>:5385:68",
      "i": 1283
    },
    {
      "id": 58,
      "key": "x",
      "old": 4.972004947605824,
      "next": 4.970155373422935,
      "pileClock": 28.458333333333762,
      "state": "RESOLVING",
      "phase": "SETTLE",
      "d": 0.9932812497871245,
      "stack": "at Object.set [as x] (evalmachine.<anonymous>:8129:423) <- at shift (evalmachine.<anonymous>:2013:14) <- at solvePair (evalmachine.<anonymous>:2040:25) <- at resolveVisualContacts (evalmachine.<anonymous>:2059:43) <- at resolveVisualContacts (evalmachine.<anonymous>:3590:9) <- at evalmachine.<anonymous>:5385:68",
      "i": 1284
    },
    {
      "id": 58,
      "key": "x",
      "old": 4.970155373422935,
      "next": 4.969257984930373,
      "pileClock": 28.458333333333762,
      "state": "RESOLVING",
      "phase": "SETTLE",
      "d": 0.9928327253859878,
      "stack": "at Object.set [as x] (evalmachine.<anonymous>:8129:423) <- at shift (evalmachine.<anonymous>:2013:14) <- at solvePair (evalmachine.<anonymous>:2040:25) <- at resolveVisualContacts (evalmachine.<anonymous>:2059:43) <- at resolveVisualContacts (evalmachine.<anonymous>:3590:9) <- at evalmachine.<anonymous>:5385:68",
      "i": 1285
    },
    {
      "id": 60,
      "key": "x",
      "old": 2.9843445117619942,
      "next": 2.9986381425600785,
      "pileClock": 28.458333333333762,
      "state": "RESOLVING",
      "phase": "SETTLE",
      "d": 0.9856886361280169,
      "stack": "at Object.set [as x] (evalmachine.<anonymous>:8129:423) <- at shift (evalmachine.<anonymous>:2013:14) <- at solvePair (evalmachine.<anonymous>:2033:9) <- at resolveVisualContacts (evalmachine.<anonymous>:2059:43) <- at resolveVisualContacts (evalmachine.<anonymous>:3590:9) <- at evalmachine.<anonymous>:5385:68",
      "i": 1286
    },
    {
      "id": 60,
      "key": "y",
      "old": 6.04230036859196,
      "next": 6.042605066615762,
      "pileClock": 28.458333333333762,
      "state": "RESOLVING",
      "phase": "SETTLE",
      "d": 0.985695985504591,
      "stack": "at Object.set [as y] (evalmachine.<anonymous>:8129:423) <- at shift (evalmachine.<anonymous>:2016:18) <- at solvePair (evalmachine.<anonymous>:2033:9) <- at resolveVisualContacts (evalmachine.<anonymous>:2059:43) <- at resolveVisualContacts (evalmachine.<anonymous>:3590:9) <- at evalmachine.<anonymous>:5385:68",
      "i": 1287
    },
    {
      "id": 60,
      "key": "x",
      "old": 2.9986381425600785,
      "next": 2.9843397304711954,
      "pileClock": 28.458333333333762,
      "state": "RESOLVING",
      "phase": "SETTLE",
      "d": 0.9928424116018126,
      "stack": "at Object.set [as x] (evalmachine.<anonymous>:8129:423) <- at shift (evalmachine.<anonymous>:2013:14) <- at solvePair (evalmachine.<anonymous>:2032:9) <- at resolveVisualContacts (evalmachine.<anonymous>:2059:43) <- at resolveVisualContacts (evalmachine.<anonymous>:3590:9) <- at evalmachine.<anonymous>:5385:68",
      "i": 1288
    },
    {
      "id": 60,
      "key": "y",
      "old": 6.042605066615762,
      "next": 6.042836181609754,
      "pileClock": 28.458333333333762,
      "state": "RESOLVING",
      "phase": "SETTLE",
      "d": 0.9928479927522954,
      "stack": "at Object.set [as y] (evalmachine.<anonymous>:8129:423) <- at shift (evalmachine.<anonymous>:2016:18) <- at solvePair (evalmachine.<anonymous>:2032:9) <- at resolveVisualContacts (evalmachine.<anonymous>:2059:43) <- at resolveVisualContacts (evalmachine.<anonymous>:3590:9) <- at evalmachine.<anonymous>:5385:68",
      "i": 1289
    },
    {
      "id": 58,
      "key": "x",
      "old": 4.969257984930373,
      "next": 4.983561999425781,
      "pileClock": 28.458333333333762,
      "state": "RESOLVING",
      "phase": "SETTLE",
      "d": 0.9999972188270955,
      "stack": "at Object.set [as x] (evalmachine.<anonymous>:8129:423) <- at shift (evalmachine.<anonymous>:2013:14) <- at solvePair (evalmachine.<anonymous>:2033:9) <- at resolveVisualContacts (evalmachine.<anonymous>:2059:43) <- at resolveVisualContacts (evalmachine.<anonymous>:3590:9) <- at evalmachine.<anonymous>:5385:68",
      "i": 1290
    },
    {
      "id": 58,
      "key": "x",
      "old": 4.983561999425781,
      "next": 4.98356756177159,
      "pileClock": 28.458333333333762,
      "state": "RESOLVING",
      "phase": "SETTLE",
      "d": 0.9999999989262327,
      "stack": "at Object.set [as x] (evalmachine.<anonymous>:8129:423) <- at shift (evalmachine.<anonymous>:2013:14) <- at solvePair (evalmachine.<anonymous>:2040:25) <- at resolveVisualContacts (evalmachine.<anonymous>:2059:43) <- at resolveVisualContacts (evalmachine.<anonymous>:3590:9) <- at evalmachine.<anonymous>:5385:68",
      "i": 1291
    },
    {
      "id": 60,
      "key": "x",
      "old": 2.9843397304711954,
      "next": 2.98433972832449,
      "pileClock": 28.458333333333762,
      "state": "RESOLVING",
      "phase": "SETTLE",
      "d": 0.9999999999991708,
      "stack": "at Object.set [as x] (evalmachine.<anonymous>:8129:423) <- at shift (evalmachine.<anonymous>:2013:14) <- at solvePair (evalmachine.<anonymous>:2040:25) <- at resolveVisualContacts (evalmachine.<anonymous>:2059:43) <- at resolveVisualContacts (evalmachine.<anonymous>:3590:9) <- at evalmachine.<anonymous>:5385:68",
      "i": 1292
    },
    {
      "id": 60,
      "key": "y",
      "old": 6.042836181609754,
      "next": 6.042836181644205,
      "pileClock": 28.458333333333762,
      "state": "RESOLVING",
      "phase": "SETTLE",
      "d": 1,
      "stack": "at Object.set [as y] (evalmachine.<anonymous>:8129:423) <- at shift (evalmachine.<anonymous>:2016:18) <- at solvePair (evalmachine.<anonymous>:2040:25) <- at resolveVisualContacts (evalmachine.<anonymous>:2059:43) <- at resolveVisualContacts (evalmachine.<anonymous>:3590:9) <- at evalmachine.<anonymous>:5385:68",
      "i": 1293
    },
    {
      "id": 58,
      "key": "x",
      "old": 4.98356756177159,
      "next": 4.975794004204566,
      "pileClock": 28.458333333333762,
      "state": "RESOLVING",
      "phase": "SETTLE",
      "d": 0.9961147276909738,
      "stack": "at Object.set [as x] (evalmachine.<anonymous>:8129:423) <- at shift (evalmachine.<anonymous>:2013:14) <- at solvePair (evalmachine.<anonymous>:2032:9) <- at resolveVisualContacts (evalmachine.<anonymous>:2059:43) <- at resolveVisualContacts (evalmachine.<anonymous>:3590:9) <- at evalmachine.<anonymous>:5385:68",
      "i": 1294
    },
    {
      "id": 58,
      "key": "x",
      "old": 4.975794004204566,
      "next": 4.971997705801554,
      "pileClock": 28.458333333333762,
      "state": "RESOLVING",
      "phase": "SETTLE",
      "d": 0.9942173184720012,
      "stack": "at Object.set [as x] (evalmachine.<anonymous>:8129:423) <- at shift (evalmachine.<anonymous>:2013:14) <- at solvePair (evalmachine.<anonymous>:2040:25) <- at resolveVisualContacts (evalmachine.<anonymous>:2059:43) <- at resolveVisualContacts (evalmachine.<anonymous>:3590:9) <- at evalmachine.<anonymous>:5385:68",
      "i": 1295
    },
    {
      "id": 58,
      "key": "x",
      "old": 4.971997705801554,
      "next": 4.970151857343288,
      "pileClock": 28.458333333333762,
      "state": "RESOLVING",
      "phase": "SETTLE",
      "d": 0.993294755061229,
      "stack": "at Object.set [as x] (evalmachine.<anonymous>:8129:423) <- at shift (evalmachine.<anonymous>:2013:14) <- at solvePair (evalmachine.<anonymous>:2040:25) <- at resolveVisualContacts (evalmachine.<anonymous>:2059:43) <- at resolveVisualContacts (evalmachine.<anonymous>:3590:9) <- at evalmachine.<anonymous>:5385:68",
      "i": 1296
    },
    {
      "id": 58,
      "key": "x",
      "old": 4.970151857343288,
      "next": 4.9692562801735916,
      "pileClock": 28.458333333333762,
      "state": "RESOLVING",
      "phase": "SETTLE",
      "d": 0.9928471417815207,
      "stack": "at Object.set [as x] (evalmachine.<anonymous>:8129:423) <- at shift (evalmachine.<anonymous>:2013:14) <- at solvePair (evalmachine.<anonymous>:2040:25) <- at resolveVisualContacts (evalmachine.<anonymous>:2059:43) <- at resolveVisualContacts (evalmachine.<anonymous>:3590:9) <- at evalmachine.<anonymous>:5385:68",
      "i": 1297
    },
    {
      "id": 60,
      "key": "x",
      "old": 2.98433972832449,
      "next": 2.99860345275352,
      "pileClock": 28.458333333333762,
      "state": "RESOLVING",
      "phase": "SETTLE",
      "d": 0.9857180930911656,
      "stack": "at Object.set [as x] (evalmachine.<anonymous>:8129:423) <- at shift (evalmachine.<anonymous>:2013:14) <- at solvePair (evalmachine.<anonymous>:2033:9) <- at resolveVisualContacts (evalmachine.<anonymous>:2059:43) <- at resolveVisualContacts (evalmachine.<anonymous>:3590:9) <- at evalmachine.<anonymous>:5385:68",
      "i": 1298
    },
    {
      "id": 60,
      "key": "y",
      "old": 6.042836181644205,
      "next": 6.043144094388098,
      "pileClock": 28.458333333333762,
      "state": "RESOLVING",
      "phase": "SETTLE",
      "d": 0.9857256456913719,
      "stack": "at Object.set [as y] (evalmachine.<anonymous>:8129:423) <- at shift (evalmachine.<anonymous>:2016:18) <- at solvePair (evalmachine.<anonymous>:2033:9) <- at resolveVisualContacts (evalmachine.<anonymous>:2059:43) <- at resolveVisualContacts (evalmachine.<anonymous>:3590:9) <- at evalmachine.<anonymous>:5385:68",
      "i": 1299
    },
    {
      "id": 60,
      "key": "x",
      "old": 2.99860345275352,
      "next": 2.984334879748014,
      "pileClock": 28.458333333333762,
      "state": "RESOLVING",
      "phase": "SETTLE",
      "d": 0.9928570634718025,
      "stack": "at Object.set [as x] (evalmachine.<anonymous>:8129:423) <- at shift (evalmachine.<anonymous>:2013:14) <- at solvePair (evalmachine.<anonymous>:2032:9) <- at resolveVisualContacts (evalmachine.<anonymous>:2059:43) <- at resolveVisualContacts (evalmachine.<anonymous>:3590:9) <- at evalmachine.<anonymous>:5385:68",
      "i": 1300
    },
    {
      "id": 60,
      "key": "y",
      "old": 6.043144094388098,
      "next": 6.043378626059587,
      "pileClock": 28.458333333333762,
      "state": "RESOLVING",
      "phase": "SETTLE",
      "d": 0.992862822845686,
      "stack": "at Object.set [as y] (evalmachine.<anonymous>:8129:423) <- at shift (evalmachine.<anonymous>:2016:18) <- at solvePair (evalmachine.<anonymous>:2032:9) <- at resolveVisualContacts (evalmachine.<anonymous>:2059:43) <- at resolveVisualContacts (evalmachine.<anonymous>:3590:9) <- at evalmachine.<anonymous>:5385:68",
      "i": 1301
    },
    {
      "id": 58,
      "key": "x",
      "old": 4.9692562801735916,
      "next": 4.98353063448222,
      "pileClock": 28.458333333333762,
      "state": "RESOLVING",
      "phase": "SETTLE",
      "d": 0.9999971299754129,
      "stack": "at Object.set [as x] (evalmachine.<anonymous>:8129:423) <- at shift (evalmachine.<anonymous>:2013:14) <- at solvePair (evalmachine.<anonymous>:2033:9) <- at resolveVisualContacts (evalmachine.<anonymous>:2059:43) <- at resolveVisualContacts (evalmachine.<anonymous>:3590:9) <- at evalmachine.<anonymous>:5385:68",
      "i": 1302
    },
    {
      "id": 58,
      "key": "x",
      "old": 4.98353063448222,
      "next": 4.983536374531393,
      "pileClock": 28.458333333333762,
      "state": "RESOLVING",
      "phase": "SETTLE",
      "d": 0.9999999988541348,
      "stack": "at Object.set [as x] (evalmachine.<anonymous>:8129:423) <- at shift (evalmachine.<anonymous>:2013:14) <- at solvePair (evalmachine.<anonymous>:2040:25) <- at resolveVisualContacts (evalmachine.<anonymous>:2059:43) <- at resolveVisualContacts (evalmachine.<anonymous>:3590:9) <- at evalmachine.<anonymous>:5385:68",
      "i": 1303
    },
    {
      "id": 60,
      "key": "x",
      "old": 2.984334879748014,
      "next": 2.9843348774571985,
      "pileClock": 28.458333333333762,
      "state": "RESOLVING",
      "phase": "SETTLE",
      "d": 0.9999999999990852,
      "stack": "at Object.set [as x] (evalmachine.<anonymous>:8129:423) <- at shift (evalmachine.<anonymous>:2013:14) <- at solvePair (evalmachine.<anonymous>:2040:25) <- at resolveVisualContacts (evalmachine.<anonymous>:2059:43) <- at resolveVisualContacts (evalmachine.<anonymous>:3590:9) <- at evalmachine.<anonymous>:5385:68",
      "i": 1304
    },
    {
      "id": 60,
      "key": "y",
      "old": 6.043378626059587,
      "next": 6.043378626096972,
      "pileClock": 28.458333333333762,
      "state": "RESOLVING",
      "phase": "SETTLE",
      "d": 1.0000000000000002,
      "stack": "at Object.set [as y] (evalmachine.<anonymous>:8129:423) <- at shift (evalmachine.<anonymous>:2016:18) <- at solvePair (evalmachine.<anonymous>:2040:25) <- at resolveVisualContacts (evalmachine.<anonymous>:2059:43) <- at resolveVisualContacts (evalmachine.<anonymous>:3590:9) <- at evalmachine.<anonymous>:5385:68",
      "i": 1305
    },
    {
      "id": 58,
      "key": "x",
      "old": 4.983536374531393,
      "next": 4.975778728851515,
      "pileClock": 28.458333333333762,
      "state": "RESOLVING",
      "phase": "SETTLE",
      "d": 0.9961227318147761,
      "stack": "at Object.set [as x] (evalmachine.<anonymous>:8129:423) <- at shift (evalmachine.<anonymous>:2013:14) <- at solvePair (evalmachine.<anonymous>:2032:9) <- at resolveVisualContacts (evalmachine.<anonymous>:2059:43) <- at resolveVisualContacts (evalmachine.<anonymous>:3590:9) <- at evalmachine.<anonymous>:5385:68",
      "i": 1306
    },
    {
      "id": 58,
      "key": "x",
      "old": 4.975778728851515,
      "next": 4.9719902679222665,
      "pileClock": 28.458333333333762,
      "state": "RESOLVING",
      "phase": "SETTLE",
      "d": 0.9942292649762857,
      "stack": "at Object.set [as x] (evalmachine.<anonymous>:8129:423) <- at shift (evalmachine.<anonymous>:2013:14) <- at solvePair (evalmachine.<anonymous>:2040:25) <- at resolveVisualContacts (evalmachine.<anonymous>:2059:43) <- at resolveVisualContacts (evalmachine.<anonymous>:3590:9) <- at evalmachine.<anonymous>:5385:68",
      "i": 1307
    },
    {
      "id": 58,
      "key": "x",
      "old": 4.9719902679222665,
      "next": 4.970148246084337,
      "pileClock": 28.458333333333762,
      "state": "RESOLVING",
      "phase": "SETTLE",
      "d": 0.993308626398986,
      "stack": "at Object.set [as x] (evalmachine.<anonymous>:8129:423) <- at shift (evalmachine.<anonymous>:2013:14) <- at solvePair (evalmachine.<anonymous>:2040:25) <- at resolveVisualContacts (evalmachine.<anonymous>:2059:43) <- at resolveVisualContacts (evalmachine.<anonymous>:3590:9) <- at evalmachine.<anonymous>:5385:68",
      "i": 1308
    },
    {
      "id": 58,
      "key": "x",
      "old": 4.970148246084337,
      "next": 4.969254529274244,
      "pileClock": 28.458333333333762,
      "state": "RESOLVING",
      "phase": "SETTLE",
      "d": 0.9928619488964465,
      "stack": "at Object.set [as x] (evalmachine.<anonymous>:8129:423) <- at shift (evalmachine.<anonymous>:2013:14) <- at solvePair (evalmachine.<anonymous>:2040:25) <- at resolveVisualContacts (evalmachine.<anonymous>:2059:43) <- at resolveVisualContacts (evalmachine.<anonymous>:3590:9) <- at evalmachine.<anonymous>:5385:68",
      "i": 1309
    },
    {
      "id": 60,
      "key": "x",
      "old": 2.9843348774571985,
      "next": 2.9985678904336597,
      "pileClock": 28.458333333333762,
      "state": "RESOLVING",
      "phase": "SETTLE",
      "d": 0.9857483454971026,
      "stack": "at Object.set [as x] (evalmachine.<anonymous>:8129:423) <- at shift (evalmachine.<anonymous>:2013:14) <- at solvePair (evalmachine.<anonymous>:2033:9) <- at resolveVisualContacts (evalmachine.<anonymous>:2059:43) <- at resolveVisualContacts (evalmachine.<anonymous>:3590:9) <- at evalmachine.<anonymous>:5385:68",
      "i": 1310
    },
    {
      "id": 60,
      "key": "y",
      "old": 6.043378626096972,
      "next": 6.043689767404397,
      "pileClock": 28.458333333333762,
      "state": "RESOLVING",
      "phase": "SETTLE",
      "d": 0.9857561058481074,
      "stack": "at Object.set [as y] (evalmachine.<anonymous>:8129:423) <- at shift (evalmachine.<anonymous>:2016:18) <- at solvePair (evalmachine.<anonymous>:2033:9) <- at resolveVisualContacts (evalmachine.<anonymous>:2059:43) <- at resolveVisualContacts (evalmachine.<anonymous>:3590:9) <- at evalmachine.<anonymous>:5385:68",
      "i": 1311
    },
    {
      "id": 60,
      "key": "x",
      "old": 2.9985678904336597,
      "next": 2.984329960927738,
      "pileClock": 28.458333333333762,
      "state": "RESOLVING",
      "phase": "SETTLE",
      "d": 0.9928721108969755,
      "stack": "at Object.set [as x] (evalmachine.<anonymous>:8129:423) <- at shift (evalmachine.<anonymous>:2013:14) <- at solvePair (evalmachine.<anonymous>:2032:9) <- at resolveVisualContacts (evalmachine.<anonymous>:2059:43) <- at resolveVisualContacts (evalmachine.<anonymous>:3590:9) <- at evalmachine.<anonymous>:5385:68",
      "i": 1312
    },
    {
      "id": 60,
      "key": "y",
      "old": 6.043689767404397,
      "next": 6.0439277337848845,
      "pileClock": 28.458333333333762,
      "state": "RESOLVING",
      "phase": "SETTLE",
      "d": 0.9928780529240536,
      "stack": "at Object.set [as y] (evalmachine.<anonymous>:8129:423) <- at shift (evalmachine.<anonymous>:2016:18) <- at solvePair (evalmachine.<anonymous>:2032:9) <- at resolveVisualContacts (evalmachine.<anonymous>:2059:43) <- at resolveVisualContacts (evalmachine.<anonymous>:3590:9) <- at evalmachine.<anonymous>:5385:68",
      "i": 1313
    },
    {
      "id": 58,
      "key": "x",
      "old": 4.969254529274244,
      "next": 4.983498423426137,
      "pileClock": 28.458333333333762,
      "state": "RESOLVING",
      "phase": "SETTLE",
      "d": 0.9999970389125771,
      "stack": "at Object.set [as x] (evalmachine.<anonymous>:8129:423) <- at shift (evalmachine.<anonymous>:2013:14) <- at solvePair (evalmachine.<anonymous>:2033:9) <- at resolveVisualContacts (evalmachine.<anonymous>:2059:43) <- at resolveVisualContacts (evalmachine.<anonymous>:3590:9) <- at evalmachine.<anonymous>:5385:68",
      "i": 1314
    },
    {
      "id": 58,
      "key": "x",
      "old": 4.983498423426137,
      "next": 4.983504345600982,
      "pileClock": 28.458333333333762,
      "state": "RESOLVING",
      "phase": "SETTLE",
      "d": 0.9999999987776402,
      "stack": "at Object.set [as x] (evalmachine.<anonymous>:8129:423) <- at shift (evalmachine.<anonymous>:2013:14) <- at solvePair (evalmachine.<anonymous>:2040:25) <- at resolveVisualContacts (evalmachine.<anonymous>:2059:43) <- at resolveVisualContacts (evalmachine.<anonymous>:3590:9) <- at evalmachine.<anonymous>:5385:68",
      "i": 1315
    },
    {
      "id": 60,
      "key": "x",
      "old": 2.984329960927738,
      "next": 2.984329958484028,
      "pileClock": 28.458333333333762,
      "state": "RESOLVING",
      "phase": "SETTLE",
      "d": 0.9999999999989909,
      "stack": "at Object.set [as x] (evalmachine.<anonymous>:8129:423) <- at shift (evalmachine.<anonymous>:2013:14) <- at solvePair (evalmachine.<anonymous>:2040:25) <- at resolveVisualContacts (evalmachine.<anonymous>:2059:43) <- at resolveVisualContacts (evalmachine.<anonymous>:3590:9) <- at evalmachine.<anonymous>:5385:68",
      "i": 1316
    },
    {
      "id": 60,
      "key": "y",
      "old": 6.0439277337848845,
      "next": 6.043927733825436,
      "pileClock": 28.458333333333762,
      "state": "RESOLVING",
      "phase": "SETTLE",
      "d": 0.9999999999999998,
      "stack": "at Object.set [as y] (evalmachine.<anonymous>:8129:423) <- at shift (evalmachine.<anonymous>:2016:18) <- at solvePair (evalmachine.<anonymous>:2040:25) <- at resolveVisualContacts (evalmachine.<anonymous>:2059:43) <- at resolveVisualContacts (evalmachine.<anonymous>:3590:9) <- at evalmachine.<anonymous>:5385:68",
      "i": 1317
    },
    {
      "id": 58,
      "key": "x",
      "old": 4.983504345600982,
      "next": 4.975763041618718,
      "pileClock": 28.458333333333762,
      "state": "RESOLVING",
      "phase": "SETTLE",
      "d": 0.9961309520463268,
      "stack": "at Object.set [as x] (evalmachine.<anonymous>:8129:423) <- at shift (evalmachine.<anonymous>:2013:14) <- at solvePair (evalmachine.<anonymous>:2032:9) <- at resolveVisualContacts (evalmachine.<anonymous>:2059:43) <- at resolveVisualContacts (evalmachine.<anonymous>:3590:9) <- at evalmachine.<anonymous>:5385:68",
      "i": 1318
    },
    {
      "id": 58,
      "key": "x",
      "old": 4.975763041618718,
      "next": 4.971982629580007,
      "pileClock": 28.458333333333762,
      "state": "RESOLVING",
      "phase": "SETTLE",
      "d": 0.9942415338853193,
      "stack": "at Object.set [as x] (evalmachine.<anonymous>:8129:423) <- at shift (evalmachine.<anonymous>:2013:14) <- at solvePair (evalmachine.<anonymous>:2040:25) <- at resolveVisualContacts (evalmachine.<anonymous>:2059:43) <- at resolveVisualContacts (evalmachine.<anonymous>:3590:9) <- at evalmachine.<anonymous>:5385:68",
      "i": 1319
    },
    {
      "id": 58,
      "key": "x",
      "old": 4.971982629580007,
      "next": 4.970144537517259,
      "pileClock": 28.458333333333762,
      "state": "RESOLVING",
      "phase": "SETTLE",
      "d": 0.9933228720054316,
      "stack": "at Object.set [as x] (evalmachine.<anonymous>:8129:423) <- at shift (evalmachine.<anonymous>:2013:14) <- at solvePair (evalmachine.<anonymous>:2040:25) <- at resolveVisualContacts (evalmachine.<anonymous>:2059:43) <- at resolveVisualContacts (evalmachine.<anonymous>:3590:9) <- at evalmachine.<anonymous>:5385:68",
      "i": 1320
    },
    {
      "id": 58,
      "key": "x",
      "old": 4.970144537517259,
      "next": 4.969252731200568,
      "pileClock": 28.458333333333762,
      "state": "RESOLVING",
      "phase": "SETTLE",
      "d": 0.992877155486048,
      "stack": "at Object.set [as x] (evalmachine.<anonymous>:8129:423) <- at shift (evalmachine.<anonymous>:2013:14) <- at solvePair (evalmachine.<anonymous>:2040:25) <- at resolveVisualContacts (evalmachine.<anonymous>:2059:43) <- at resolveVisualContacts (evalmachine.<anonymous>:3590:9) <- at evalmachine.<anonymous>:5385:68",
      "i": 1321
    },
    {
      "id": 60,
      "key": "x",
      "old": 2.984329958484028,
      "next": 2.9985314371826455,
      "pileClock": 28.458333333333762,
      "state": "RESOLVING",
      "phase": "SETTLE",
      "d": 0.9857794109981226,
      "stack": "at Object.set [as x] (evalmachine.<anonymous>:8129:423) <- at shift (evalmachine.<anonymous>:2013:14) <- at solvePair (evalmachine.<anonymous>:2033:9) <- at resolveVisualContacts (evalmachine.<anonymous>:2059:43) <- at resolveVisualContacts (evalmachine.<anonymous>:3590:9) <- at evalmachine.<anonymous>:5385:68",
      "i": 1322
    },
    {
      "id": 60,
      "key": "y",
      "old": 6.043927733825436,
      "next": 6.0442421164075935,
      "pileClock": 28.458333333333762,
      "state": "RESOLVING",
      "phase": "SETTLE",
      "d": 0.9857873836709112,
      "stack": "at Object.set [as y] (evalmachine.<anonymous>:8129:423) <- at shift (evalmachine.<anonymous>:2016:18) <- at solvePair (evalmachine.<anonymous>:2033:9) <- at resolveVisualContacts (evalmachine.<anonymous>:2059:43) <- at resolveVisualContacts (evalmachine.<anonymous>:3590:9) <- at evalmachine.<anonymous>:5385:68",
      "i": 1323
    },
    {
      "id": 60,
      "key": "x",
      "old": 2.9985314371826455,
      "next": 2.984324973340949,
      "pileClock": 28.458333333333762,
      "state": "RESOLVING",
      "phase": "SETTLE",
      "d": 0.9928875626732488,
      "stack": "at Object.set [as x] (evalmachine.<anonymous>:8129:423) <- at shift (evalmachine.<anonymous>:2013:14) <- at solvePair (evalmachine.<anonymous>:2032:9) <- at resolveVisualContacts (evalmachine.<anonymous>:2059:43) <- at resolveVisualContacts (evalmachine.<anonymous>:3590:9) <- at evalmachine.<anonymous>:5385:68",
      "i": 1324
    },
    {
      "id": 60,
      "key": "y",
      "old": 6.0442421164075935,
      "next": 6.044483534463022,
      "pileClock": 28.458333333333762,
      "state": "RESOLVING",
      "phase": "SETTLE",
      "d": 0.9928936918354556,
      "stack": "at Object.set [as y] (evalmachine.<anonymous>:8129:423) <- at shift (evalmachine.<anonymous>:2016:18) <- at solvePair (evalmachine.<anonymous>:2032:9) <- at resolveVisualContacts (evalmachine.<anonymous>:2059:43) <- at resolveVisualContacts (evalmachine.<anonymous>:3590:9) <- at evalmachine.<anonymous>:5385:68",
      "i": 1325
    },
    {
      "id": 58,
      "key": "x",
      "old": 4.969252731200568,
      "next": 4.983465347529656,
      "pileClock": 28.458333333333762,
      "state": "RESOLVING",
      "phase": "SETTLE",
      "d": 0.9999969456123747,
      "stack": "at Object.set [as x] (evalmachine.<anonymous>:8129:423) <- at shift (evalmachine.<anonymous>:2013:14) <- at solvePair (evalmachine.<anonymous>:2033:9) <- at resolveVisualContacts (evalmachine.<anonymous>:2059:43) <- at resolveVisualContacts (evalmachine.<anonymous>:3590:9) <- at evalmachine.<anonymous>:5385:68",
      "i": 1326
    },
    {
      "id": 58,
      "key": "x",
      "old": 4.983465347529656,
      "next": 4.9834714563049065,
      "pileClock": 28.458333333333762,
      "state": "RESOLVING",
      "phase": "SETTLE",
      "d": 0.9999999986965139,
      "stack": "at Object.set [as x] (evalmachine.<anonymous>:8129:423) <- at shift (evalmachine.<anonymous>:2013:14) <- at solvePair (evalmachine.<anonymous>:2040:25) <- at resolveVisualContacts (evalmachine.<anonymous>:2059:43) <- at resolveVisualContacts (evalmachine.<anonymous>:3590:9) <- at evalmachine.<anonymous>:5385:68",
      "i": 1327
    },
    {
      "id": 60,
      "key": "x",
      "old": 2.984324973340949,
      "next": 2.9843249707350896,
      "pileClock": 28.458333333333762,
      "state": "RESOLVING",
      "phase": "SETTLE",
      "d": 0.9999999999988876,
      "stack": "at Object.set [as x] (evalmachine.<anonymous>:8129:423) <- at shift (evalmachine.<anonymous>:2013:14) <- at solvePair (evalmachine.<anonymous>:2040:25) <- at resolveVisualContacts (evalmachine.<anonymous>:2059:43) <- at resolveVisualContacts (evalmachine.<anonymous>:3590:9) <- at evalmachine.<anonymous>:5385:68",
      "i": 1328
    },
    {
      "id": 60,
      "key": "y",
      "old": 6.044483534463022,
      "next": 6.044483534506989,
      "pileClock": 28.458333333333762,
      "state": "RESOLVING",
      "phase": "SETTLE",
      "d": 0.9999999999999999,
      "stack": "at Object.set [as y] (evalmachine.<anonymous>:8129:423) <- at shift (evalmachine.<anonymous>:2016:18) <- at solvePair (evalmachine.<anonymous>:2040:25) <- at resolveVisualContacts (evalmachine.<anonymous>:2059:43) <- at resolveVisualContacts (evalmachine.<anonymous>:3590:9) <- at evalmachine.<anonymous>:5385:68",
      "i": 1329
    },
    {
      "id": 58,
      "key": "x",
      "old": 4.9834714563049065,
      "next": 4.9757469333896065,
      "pileClock": 28.458333333333762,
      "state": "RESOLVING",
      "phase": "SETTLE",
      "d": 0.9961393931795661,
      "stack": "at Object.set [as x] (evalmachine.<anonymous>:8129:423) <- at shift (evalmachine.<anonymous>:2013:14) <- at solvePair (evalmachine.<anonymous>:2032:9) <- at resolveVisualContacts (evalmachine.<anonymous>:2059:43) <- at resolveVisualContacts (evalmachine.<anonymous>:3590:9) <- at evalmachine.<anonymous>:5385:68",
      "i": 1330
    },
    {
      "id": 58,
      "key": "x",
      "old": 4.9757469333896065,
      "next": 4.97197478634302,
      "pileClock": 28.458333333333762,
      "state": "RESOLVING",
      "phase": "SETTLE",
      "d": 0.9942541323424422,
      "stack": "at Object.set [as x] (evalmachine.<anonymous>:8129:423) <- at shift (evalmachine.<anonymous>:2013:14) <- at solvePair (evalmachine.<anonymous>:2040:25) <- at resolveVisualContacts (evalmachine.<anonymous>:2059:43) <- at resolveVisualContacts (evalmachine.<anonymous>:3590:9) <- at evalmachine.<anonymous>:5385:68",
      "i": 1331
    },
    {
      "id": 58,
      "key": "x",
      "old": 4.97197478634302,
      "next": 4.970140729492057,
      "pileClock": 28.458333333333762,
      "state": "RESOLVING",
      "phase": "SETTLE",
      "d": 0.993337500168165,
      "stack": "at Object.set [as x] (evalmachine.<anonymous>:8129:423) <- at shift (evalmachine.<anonymous>:2013:14) <- at solvePair (evalmachine.<anonymous>:2040:25) <- at resolveVisualContacts (evalmachine.<anonymous>:2059:43) <- at resolveVisualContacts (evalmachine.<anonymous>:3590:9) <- at evalmachine.<anonymous>:5385:68",
      "i": 1332
    },
    {
      "id": 58,
      "key": "x",
      "old": 4.970140729492057,
      "next": 4.96925088491055,
      "pileClock": 28.458333333333762,
      "state": "RESOLVING",
      "phase": "SETTLE",
      "d": 0.9928927703935524,
      "stack": "at Object.set [as x] (evalmachine.<anonymous>:8129:423) <- at shift (evalmachine.<anonymous>:2013:14) <- at solvePair (evalmachine.<anonymous>:2040:25) <- at resolveVisualContacts (evalmachine.<anonymous>:2059:43) <- at resolveVisualContacts (evalmachine.<anonymous>:3590:9) <- at evalmachine.<anonymous>:5385:68",
      "i": 1333
    },
    {
      "id": 60,
      "key": "x",
      "old": 2.9843249707350896,
      "next": 2.9984940744297135,
      "pileClock": 28.458333333333762,
      "state": "RESOLVING",
      "phase": "SETTLE",
      "d": 0.9858113074126367,
      "stack": "at Object.set [as x] (evalmachine.<anonymous>:8129:423) <- at shift (evalmachine.<anonymous>:2013:14) <- at solvePair (evalmachine.<anonymous>:2033:9) <- at resolveVisualContacts (evalmachine.<anonymous>:2059:43) <- at resolveVisualContacts (evalmachine.<anonymous>:3590:9) <- at evalmachine.<anonymous>:5385:68",
      "i": 1334
    },
    {
      "id": 60,
      "key": "y",
      "old": 6.044483534506989,
      "next": 6.044801169885482,
      "pileClock": 28.458333333333762,
      "state": "RESOLVING",
      "phase": "SETTLE",
      "d": 0.9858194970187596,
      "stack": "at Object.set [as y] (evalmachine.<anonymous>:8129:423) <- at shift (evalmachine.<anonymous>:2016:18) <- at solvePair (evalmachine.<anonymous>:2033:9) <- at resolveVisualContacts (evalmachine.<anonymous>:2059:43) <- at resolveVisualContacts (evalmachine.<anonymous>:3590:9) <- at evalmachine.<anonymous>:5385:68",
      "i": 1335
    },
    {
      "id": 60,
      "key": "x",
      "old": 2.9984940744297135,
      "next": 2.9843199163252954,
      "pileClock": 28.458333333333762,
      "state": "RESOLVING",
      "phase": "SETTLE",
      "d": 0.9929034276808443,
      "stack": "at Object.set [as x] (evalmachine.<anonymous>:8129:423) <- at shift (evalmachine.<anonymous>:2013:14) <- at solvePair (evalmachine.<anonymous>:2032:9) <- at resolveVisualContacts (evalmachine.<anonymous>:2059:43) <- at resolveVisualContacts (evalmachine.<anonymous>:3590:9) <- at evalmachine.<anonymous>:5385:68",
      "i": 1336
    },
    {
      "id": 60,
      "key": "y",
      "old": 6.044801169885482,
      "next": 6.045046055458714,
      "pileClock": 28.458333333333762,
      "state": "RESOLVING",
      "phase": "SETTLE",
      "d": 0.9929097485093799,
      "stack": "at Object.set [as y] (evalmachine.<anonymous>:8129:423) <- at shift (evalmachine.<anonymous>:2016:18) <- at solvePair (evalmachine.<anonymous>:2032:9) <- at resolveVisualContacts (evalmachine.<anonymous>:2059:43) <- at resolveVisualContacts (evalmachine.<anonymous>:3590:9) <- at evalmachine.<anonymous>:5385:68",
      "i": 1337
    },
    {
      "id": 58,
      "key": "x",
      "old": 4.96925088491055,
      "next": 4.98343138789179,
      "pileClock": 28.458333333333762,
      "state": "RESOLVING",
      "phase": "SETTLE",
      "d": 0.9999968500500138,
      "stack": "at Object.set [as x] (evalmachine.<anonymous>:8129:423) <- at shift (evalmachine.<anonymous>:2013:14) <- at solvePair (evalmachine.<anonymous>:2033:9) <- at resolveVisualContacts (evalmachine.<anonymous>:2059:43) <- at resolveVisualContacts (evalmachine.<anonymous>:3590:9) <- at evalmachine.<anonymous>:5385:68",
      "i": 1338
    },
    {
      "id": 58,
      "key": "x",
      "old": 4.98343138789179,
      "next": 4.9834376877917625,
      "pileClock": 28.458333333333762,
      "state": "RESOLVING",
      "phase": "SETTLE",
      "d": 0.9999999986105121,
      "stack": "at Object.set [as x] (evalmachine.<anonymous>:8129:423) <- at shift (evalmachine.<anonymous>:2013:14) <- at solvePair (evalmachine.<anonymous>:2040:25) <- at resolveVisualContacts (evalmachine.<anonymous>:2059:43) <- at resolveVisualContacts (evalmachine.<anonymous>:3590:9) <- at evalmachine.<anonymous>:5385:68",
      "i": 1339
    },
    {
      "id": 60,
      "key": "x",
      "old": 2.9843199163252954,
      "next": 2.9843199135475453,
      "pileClock": 28.458333333333762,
      "state": "RESOLVING",
      "phase": "SETTLE",
      "d": 0.9999999999987744,
      "stack": "at Object.set [as x] (evalmachine.<anonymous>:8129:423) <- at shift (evalmachine.<anonymous>:2013:14) <- at solvePair (evalmachine.<anonymous>:2040:25) <- at resolveVisualContacts (evalmachine.<anonymous>:2059:43) <- at resolveVisualContacts (evalmachine.<anonymous>:3590:9) <- at evalmachine.<anonymous>:5385:68",
      "i": 1340
    },
    {
      "id": 60,
      "key": "y",
      "old": 6.045046055458714,
      "next": 6.045046055506365,
      "pileClock": 28.458333333333762,
      "state": "RESOLVING",
      "phase": "SETTLE",
      "d": 1,
      "stack": "at Object.set [as y] (evalmachine.<anonymous>:8129:423) <- at shift (evalmachine.<anonymous>:2016:18) <- at solvePair (evalmachine.<anonymous>:2040:25) <- at resolveVisualContacts (evalmachine.<anonymous>:2059:43) <- at resolveVisualContacts (evalmachine.<anonymous>:3590:9) <- at evalmachine.<anonymous>:5385:68",
      "i": 1341
    },
    {
      "id": 58,
      "key": "x",
      "old": 4.9834376877917625,
      "next": 4.975730394963166,
      "pileClock": 28.458333333333762,
      "state": "RESOLVING",
      "phase": "SETTLE",
      "d": 0.9961480600534289,
      "stack": "at Object.set [as x] (evalmachine.<anonymous>:8129:423) <- at shift (evalmachine.<anonymous>:2013:14) <- at solvePair (evalmachine.<anonymous>:2032:9) <- at resolveVisualContacts (evalmachine.<anonymous>:2059:43) <- at resolveVisualContacts (evalmachine.<anonymous>:3590:9) <- at evalmachine.<anonymous>:5385:68",
      "i": 1342
    },
    {
      "id": 58,
      "key": "x",
      "old": 4.975730394963166,
      "next": 4.9719667337388405,
      "pileClock": 28.458333333333762,
      "state": "RESOLVING",
      "phase": "SETTLE",
      "d": 0.9942670675574816,
      "stack": "at Object.set [as x] (evalmachine.<anonymous>:8129:423) <- at shift (evalmachine.<anonymous>:2013:14) <- at solvePair (evalmachine.<anonymous>:2040:25) <- at resolveVisualContacts (evalmachine.<anonymous>:2059:43) <- at resolveVisualContacts (evalmachine.<anonymous>:3590:9) <- at evalmachine.<anonymous>:5385:68",
      "i": 1343
    },
    {
      "id": 58,
      "key": "x",
      "old": 4.9719667337388405,
      "next": 4.970136819839068,
      "pileClock": 28.458333333333762,
      "state": "RESOLVING",
      "phase": "SETTLE",
      "d": 0.9933525192516099,
      "stack": "at Object.set [as x] (evalmachine.<anonymous>:8129:423) <- at shift (evalmachine.<anonymous>:2013:14) <- at solvePair (evalmachine.<anonymous>:2040:25) <- at resolveVisualContacts (evalmachine.<anonymous>:2059:43) <- at resolveVisualContacts (evalmachine.<anonymous>:3590:9) <- at evalmachine.<anonymous>:5385:68",
      "i": 1344
    },
    {
      "id": 58,
      "key": "x",
      "old": 4.970136819839068,
      "next": 4.969248989352672,
      "pileClock": 28.458333333333762,
      "state": "RESOLVING",
      "phase": "SETTLE",
      "d": 0.9929088025440003,
      "stack": "at Object.set [as x] (evalmachine.<anonymous>:8129:423) <- at shift (evalmachine.<anonymous>:2013:14) <- at solvePair (evalmachine.<anonymous>:2040:25) <- at resolveVisualContacts (evalmachine.<anonymous>:2059:43) <- at resolveVisualContacts (evalmachine.<anonymous>:3590:9) <- at evalmachine.<anonymous>:5385:68",
      "i": 1345
    },
    {
      "id": 60,
      "key": "x",
      "old": 2.9843199135475453,
      "next": 2.998455783465488,
      "pileClock": 28.458333333333762,
      "state": "RESOLVING",
      "phase": "SETTLE",
      "d": 0.9858440527121838,
      "stack": "at Object.set [as x] (evalmachine.<anonymous>:8129:423) <- at shift (evalmachine.<anonymous>:2013:14) <- at solvePair (evalmachine.<anonymous>:2033:9) <- at resolveVisualContacts (evalmachine.<anonymous>:2059:43) <- at resolveVisualContacts (evalmachine.<anonymous>:3590:9) <- at evalmachine.<anonymous>:5385:68",
      "i": 1346
    },
    {
      "id": 60,
      "key": "y",
      "old": 6.045046055506365,
      "next": 6.045366953954547,
      "pileClock": 28.458333333333762,
      "state": "RESOLVING",
      "phase": "SETTLE",
      "d": 0.9858524639002376,
      "stack": "at Object.set [as y] (evalmachine.<anonymous>:8129:423) <- at shift (evalmachine.<anonymous>:2016:18) <- at solvePair (evalmachine.<anonymous>:2033:9) <- at resolveVisualContacts (evalmachine.<anonymous>:2059:43) <- at resolveVisualContacts (evalmachine.<anonymous>:3590:9) <- at evalmachine.<anonymous>:5385:68",
      "i": 1347
    },
    {
      "id": 60,
      "key": "x",
      "old": 2.998455783465488,
      "next": 2.9843147892262745,
      "pileClock": 28.458333333333762,
      "state": "RESOLVING",
      "phase": "SETTLE",
      "d": 0.9929197148779217,
      "stack": "at Object.set [as x] (evalmachine.<anonymous>:8129:423) <- at shift (evalmachine.<anonymous>:2013:14) <- at solvePair (evalmachine.<anonymous>:2032:9) <- at resolveVisualContacts (evalmachine.<anonymous>:2059:43) <- at resolveVisualContacts (evalmachine.<anonymous>:3590:9) <- at evalmachine.<anonymous>:5385:68",
      "i": 1348
    },
    {
      "id": 60,
      "key": "y",
      "old": 6.045366953954547,
      "next": 6.045615321706487,
      "pileClock": 28.458333333333762,
      "state": "RESOLVING",
      "phase": "SETTLE",
      "d": 0.9929262319501189,
      "stack": "at Object.set [as y] (evalmachine.<anonymous>:8129:423) <- at shift (evalmachine.<anonymous>:2016:18) <- at solvePair (evalmachine.<anonymous>:2032:9) <- at resolveVisualContacts (evalmachine.<anonymous>:2059:43) <- at resolveVisualContacts (evalmachine.<anonymous>:3590:9) <- at evalmachine.<anonymous>:5385:68",
      "i": 1349
    },
    {
      "id": 58,
      "key": "x",
      "old": 4.969248989352672,
      "next": 4.983396525452434,
      "pileClock": 28.458333333333762,
      "state": "RESOLVING",
      "phase": "SETTLE",
      "d": 0.9999967522022534,
      "stack": "at Object.set [as x] (evalmachine.<anonymous>:8129:423) <- at shift (evalmachine.<anonymous>:2013:14) <- at solvePair (evalmachine.<anonymous>:2033:9) <- at resolveVisualContacts (evalmachine.<anonymous>:2059:43) <- at resolveVisualContacts (evalmachine.<anonymous>:3590:9) <- at evalmachine.<anonymous>:5385:68",
      "i": 1350
    },
    {
      "id": 58,
      "key": "x",
      "old": 4.983396525452434,
      "next": 4.983403021047928,
      "pileClock": 28.458333333333762,
      "state": "RESOLVING",
      "phase": "SETTLE",
      "d": 0.9999999985193808,
      "stack": "at Object.set [as x] (evalmachine.<anonymous>:8129:423) <- at shift (evalmachine.<anonymous>:2013:14) <- at solvePair (evalmachine.<anonymous>:2040:25) <- at resolveVisualContacts (evalmachine.<anonymous>:2059:43) <- at resolveVisualContacts (evalmachine.<anonymous>:3590:9) <- at evalmachine.<anonymous>:5385:68",
      "i": 1351
    },
    {
      "id": 60,
      "key": "x",
      "old": 2.9843147892262745,
      "next": 2.984314786266386,
      "pileClock": 28.458333333333762,
      "state": "RESOLVING",
      "phase": "SETTLE",
      "d": 0.9999999999986502,
      "stack": "at Object.set [as x] (evalmachine.<anonymous>:8129:423) <- at shift (evalmachine.<anonymous>:2013:14) <- at solvePair (evalmachine.<anonymous>:2040:25) <- at resolveVisualContacts (evalmachine.<anonymous>:2059:43) <- at resolveVisualContacts (evalmachine.<anonymous>:3590:9) <- at evalmachine.<anonymous>:5385:68",
      "i": 1352
    },
    {
      "id": 60,
      "key": "y",
      "old": 6.045615321706487,
      "next": 6.045615321758105,
      "pileClock": 28.458333333333762,
      "state": "RESOLVING",
      "phase": "SETTLE",
      "d": 1,
      "stack": "at Object.set [as y] (evalmachine.<anonymous>:8129:423) <- at shift (evalmachine.<anonymous>:2016:18) <- at solvePair (evalmachine.<anonymous>:2040:25) <- at resolveVisualContacts (evalmachine.<anonymous>:2059:43) <- at resolveVisualContacts (evalmachine.<anonymous>:3590:9) <- at evalmachine.<anonymous>:5385:68",
      "i": 1353
    },
    {
      "id": 58,
      "key": "x",
      "old": 4.983403021047928,
      "next": 4.975713417060728,
      "pileClock": 28.458333333333762,
      "state": "RESOLVING",
      "phase": "SETTLE",
      "d": 0.9961569575483071,
      "stack": "at Object.set [as x] (evalmachine.<anonymous>:8129:423) <- at shift (evalmachine.<anonymous>:2013:14) <- at solvePair (evalmachine.<anonymous>:2032:9) <- at resolveVisualContacts (evalmachine.<anonymous>:2059:43) <- at resolveVisualContacts (evalmachine.<anonymous>:3590:9) <- at evalmachine.<anonymous>:5385:68",
      "i": 1354
    },
    {
      "id": 58,
      "key": "x",
      "old": 4.975713417060728,
      "next": 4.9719584672576245,
      "pileClock": 28.458333333333762,
      "state": "RESOLVING",
      "phase": "SETTLE",
      "d": 0.9942803468014466,
      "stack": "at Object.set [as x] (evalmachine.<anonymous>:8129:423) <- at shift (evalmachine.<anonymous>:2013:14) <- at solvePair (evalmachine.<anonymous>:2040:25) <- at resolveVisualContacts (evalmachine.<anonymous>:2059:43) <- at resolveVisualContacts (evalmachine.<anonymous>:3590:9) <- at evalmachine.<anonymous>:5385:68",
      "i": 1355
    },
    {
      "id": 58,
      "key": "x",
      "old": 4.9719584672576245,
      "next": 4.970132806370579,
      "pileClock": 28.458333333333762,
      "state": "RESOLVING",
      "phase": "SETTLE",
      "d": 0.993367937690833,
      "stack": "at Object.set [as x] (evalmachine.<anonymous>:8129:423) <- at shift (evalmachine.<anonymous>:2013:14) <- at solvePair (evalmachine.<anonymous>:2040:25) <- at resolveVisualContacts (evalmachine.<anonymous>:2059:43) <- at resolveVisualContacts (evalmachine.<anonymous>:3590:9) <- at evalmachine.<anonymous>:5385:68",
      "i": 1356
    },
    {
      "id": 58,
      "key": "x",
      "old": 4.970132806370579,
      "next": 4.969247043466684,
      "pileClock": 28.458333333333762,
      "state": "RESOLVING",
      "phase": "SETTLE",
      "d": 0.9929252609376357,
      "stack": "at Object.set [as x] (evalmachine.<anonymous>:8129:423) <- at shift (evalmachine.<anonymous>:2013:14) <- at solvePair (evalmachine.<anonymous>:2040:25) <- at resolveVisualContacts (evalmachine.<anonymous>:2059:43) <- at resolveVisualContacts (evalmachine.<anonymous>:3590:9) <- at evalmachine.<anonymous>:5385:68",
      "i": 1357
    },
    {
      "id": 60,
      "key": "x",
      "old": 2.984314786266386,
      "next": 2.998416545457394,
      "pileClock": 28.458333333333762,
      "state": "RESOLVING",
      "phase": "SETTLE",
      "d": 0.9858776650073735,
      "stack": "at Object.set [as x] (evalmachine.<anonymous>:8129:423) <- at shift (evalmachine.<anonymous>:2013:14) <- at solvePair (evalmachine.<anonymous>:2033:9) <- at resolveVisualContacts (evalmachine.<anonymous>:2059:43) <- at resolveVisualContacts (evalmachine.<anonymous>:3590:9) <- at evalmachine.<anonymous>:5385:68",
      "i": 1358
    },
    {
      "id": 60,
      "key": "y",
      "old": 6.045615321758105,
      "next": 6.045939492241189,
      "pileClock": 28.458333333333762,
      "state": "RESOLVING",
      "phase": "SETTLE",
      "d": 0.9858863024592014,
      "stack": "at Object.set [as y] (evalmachine.<anonymous>:8129:423) <- at shift (evalmachine.<anonymous>:2016:18) <- at solvePair (evalmachine.<anonymous>:2033:9) <- at resolveVisualContacts (evalmachine.<anonymous>:2059:43) <- at resolveVisualContacts (evalmachine.<anonymous>:3590:9) <- at evalmachine.<anonymous>:5385:68",
      "i": 1359
    },
    {
      "id": 60,
      "key": "x",
      "old": 2.998416545457394,
      "next": 2.984309591398036,
      "pileClock": 28.458333333333762,
      "state": "RESOLVING",
      "phase": "SETTLE",
      "d": 0.9929364332936845,
      "stack": "at Object.set [as x] (evalmachine.<anonymous>:8129:423) <- at shift (evalmachine.<anonymous>:2013:14) <- at solvePair (evalmachine.<anonymous>:2032:9) <- at resolveVisualContacts (evalmachine.<anonymous>:2059:43) <- at resolveVisualContacts (evalmachine.<anonymous>:3590:9) <- at evalmachine.<anonymous>:5385:68",
      "i": 1360
    },
    {
      "id": 60,
      "key": "y",
      "old": 6.045939492241189,
      "next": 6.046191355590585,
      "pileClock": 28.458333333333762,
      "state": "RESOLVING",
      "phase": "SETTLE",
      "d": 0.9929431512296008,
      "stack": "at Object.set [as y] (evalmachine.<anonymous>:8129:423) <- at shift (evalmachine.<anonymous>:2016:18) <- at solvePair (evalmachine.<anonymous>:2032:9) <- at resolveVisualContacts (evalmachine.<anonymous>:2059:43) <- at resolveVisualContacts (evalmachine.<anonymous>:3590:9) <- at evalmachine.<anonymous>:5385:68",
      "i": 1361
    },
    {
      "id": 58,
      "key": "x",
      "old": 4.969247043466684,
      "next": 4.983360741007482,
      "pileClock": 28.458333333333762,
      "state": "RESOLVING",
      "phase": "SETTLE",
      "d": 0.9999966520475396,
      "stack": "at Object.set [as x] (evalmachine.<anonymous>:8129:423) <- at shift (evalmachine.<anonymous>:2013:14) <- at solvePair (evalmachine.<anonymous>:2033:9) <- at resolveVisualContacts (evalmachine.<anonymous>:2059:43) <- at resolveVisualContacts (evalmachine.<anonymous>:3590:9) <- at evalmachine.<anonymous>:5385:68",
      "i": 1362
    },
    {
      "id": 58,
      "key": "x",
      "old": 4.983360741007482,
      "next": 4.983367436912403,
      "pileClock": 28.458333333333762,
      "state": "RESOLVING",
      "phase": "SETTLE",
      "d": 0.9999999984228556,
      "stack": "at Object.set [as x] (evalmachine.<anonymous>:8129:423) <- at shift (evalmachine.<anonymous>:2013:14) <- at solvePair (evalmachine.<anonymous>:2040:25) <- at resolveVisualContacts (evalmachine.<anonymous>:2059:43) <- at resolveVisualContacts (evalmachine.<anonymous>:3590:9) <- at evalmachine.<anonymous>:5385:68",
      "i": 1363
    },
    {
      "id": 60,
      "key": "x",
      "old": 2.984309591398036,
      "next": 2.984309588245233,
      "pileClock": 28.458333333333762,
      "state": "RESOLVING",
      "phase": "SETTLE",
      "d": 0.9999999999985143,
      "stack": "at Object.set [as x] (evalmachine.<anonymous>:8129:423) <- at shift (evalmachine.<anonymous>:2013:14) <- at solvePair (evalmachine.<anonymous>:2040:25) <- at resolveVisualContacts (evalmachine.<anonymous>:2059:43) <- at resolveVisualContacts (evalmachine.<anonymous>:3590:9) <- at evalmachine.<anonymous>:5385:68",
      "i": 1364
    },
    {
      "id": 60,
      "key": "y",
      "old": 6.046191355590585,
      "next": 6.046191355646477,
      "pileClock": 28.458333333333762,
      "state": "RESOLVING",
      "phase": "SETTLE",
      "d": 1,
      "stack": "at Object.set [as y] (evalmachine.<anonymous>:8129:423) <- at shift (evalmachine.<anonymous>:2016:18) <- at solvePair (evalmachine.<anonymous>:2040:25) <- at resolveVisualContacts (evalmachine.<anonymous>:2059:43) <- at resolveVisualContacts (evalmachine.<anonymous>:3590:9) <- at evalmachine.<anonymous>:5385:68",
      "i": 1365
    },
    {
      "id": 58,
      "key": "x",
      "old": 4.983367436912403,
      "next": 4.975695990333313,
      "pileClock": 28.458333333333762,
      "state": "RESOLVING",
      "phase": "SETTLE",
      "d": 0.9961660905822252,
      "stack": "at Object.set [as x] (evalmachine.<anonymous>:8129:423) <- at shift (evalmachine.<anonymous>:2013:14) <- at solvePair (evalmachine.<anonymous>:2032:9) <- at resolveVisualContacts (evalmachine.<anonymous>:2059:43) <- at resolveVisualContacts (evalmachine.<anonymous>:3590:9) <- at evalmachine.<anonymous>:5385:68",
      "i": 1366
    },
    {
      "id": 58,
      "key": "x",
      "old": 4.975695990333313,
      "next": 4.971949982355734,
      "pileClock": 28.458333333333762,
      "state": "RESOLVING",
      "phase": "SETTLE",
      "d": 0.9942939774007905,
      "stack": "at Object.set [as x] (evalmachine.<anonymous>:8129:423) <- at shift (evalmachine.<anonymous>:2013:14) <- at solvePair (evalmachine.<anonymous>:2040:25) <- at resolveVisualContacts (evalmachine.<anonymous>:2059:43) <- at resolveVisualContacts (evalmachine.<anonymous>:3590:9) <- at evalmachine.<anonymous>:5385:68",
      "i": 1367
    },
    {
      "id": 58,
      "key": "x",
      "old": 4.971949982355734,
      "next": 4.970128686882578,
      "pileClock": 28.458333333333762,
      "state": "RESOLVING",
      "phase": "SETTLE",
      "d": 0.9933837639848744,
      "stack": "at Object.set [as x] (evalmachine.<anonymous>:8129:423) <- at shift (evalmachine.<anonymous>:2013:14) <- at solvePair (evalmachine.<anonymous>:2040:25) <- at resolveVisualContacts (evalmachine.<anonymous>:2059:43) <- at resolveVisualContacts (evalmachine.<anonymous>:3590:9) <- at evalmachine.<anonymous>:5385:68",
      "i": 1368
    },
    {
      "id": 58,
      "key": "x",
      "old": 4.970128686882578,
      "next": 4.969245046184458,
      "pileClock": 28.458333333333762,
      "state": "RESOLVING",
      "phase": "SETTLE",
      "d": 0.9929421546427802,
      "stack": "at Object.set [as x] (evalmachine.<anonymous>:8129:423) <- at shift (evalmachine.<anonymous>:2013:14) <- at solvePair (evalmachine.<anonymous>:2040:25) <- at resolveVisualContacts (evalmachine.<anonymous>:2059:43) <- at resolveVisualContacts (evalmachine.<anonymous>:3590:9) <- at evalmachine.<anonymous>:5385:68",
      "i": 1369
    },
    {
      "id": 60,
      "key": "x",
      "old": 2.984309588245233,
      "next": 2.998376341466208,
      "pileClock": 28.458333333333762,
      "state": "RESOLVING",
      "phase": "SETTLE",
      "d": 0.9859121625327455,
      "stack": "at Object.set [as x] (evalmachine.<anonymous>:8129:423) <- at shift (evalmachine.<anonymous>:2013:14) <- at solvePair (evalmachine.<anonymous>:2033:9) <- at resolveVisualContacts (evalmachine.<anonymous>:2059:43) <- at resolveVisualContacts (evalmachine.<anonymous>:3590:9) <- at evalmachine.<anonymous>:5385:68",
      "i": 1370
    },
    {
      "id": 60,
      "key": "y",
      "old": 6.046191355646477,
      "next": 6.046518805760447,
      "pileClock": 28.458333333333762,
      "state": "RESOLVING",
      "phase": "SETTLE",
      "d": 0.9859210309593525,
      "stack": "at Object.set [as y] (evalmachine.<anonymous>:8129:423) <- at shift (evalmachine.<anonymous>:2016:18) <- at solvePair (evalmachine.<anonymous>:2033:9) <- at resolveVisualContacts (evalmachine.<anonymous>:2059:43) <- at resolveVisualContacts (evalmachine.<anonymous>:3590:9) <- at evalmachine.<anonymous>:5385:68",
      "i": 1371
    },
    {
      "id": 60,
      "key": "x",
      "old": 2.998376341466208,
      "next": 2.9843043222042245,
      "pileClock": 28.458333333333762,
      "state": "RESOLVING",
      "phase": "SETTLE",
      "d": 0.9929535920209454,
      "stack": "at Object.set [as x] (evalmachine.<anonymous>:8129:423) <- at shift (evalmachine.<anonymous>:2013:14) <- at solvePair (evalmachine.<anonymous>:2032:9) <- at resolveVisualContacts (evalmachine.<anonymous>:2059:43) <- at resolveVisualContacts (evalmachine.<anonymous>:3590:9) <- at evalmachine.<anonymous>:5385:68",
      "i": 1372
    },
    {
      "id": 60,
      "key": "y",
      "old": 6.046518805760447,
      "next": 6.046774176822417,
      "pileClock": 28.458333333333762,
      "state": "RESOLVING",
      "phase": "SETTLE",
      "d": 0.9929605154796762,
      "stack": "at Object.set [as y] (evalmachine.<anonymous>:8129:423) <- at shift (evalmachine.<anonymous>:2016:18) <- at solvePair (evalmachine.<anonymous>:2032:9) <- at resolveVisualContacts (evalmachine.<anonymous>:2059:43) <- at resolveVisualContacts (evalmachine.<anonymous>:3590:9) <- at evalmachine.<anonymous>:5385:68",
      "i": 1373
    },
    {
      "id": 58,
      "key": "x",
      "old": 4.969245046184458,
      "next": 4.983324015225105,
      "pileClock": 28.458333333333762,
      "state": "RESOLVING",
      "phase": "SETTLE",
      "d": 0.9999965495661448,
      "stack": "at Object.set [as x] (evalmachine.<anonymous>:8129:423) <- at shift (evalmachine.<anonymous>:2013:14) <- at solvePair (evalmachine.<anonymous>:2033:9) <- at resolveVisualContacts (evalmachine.<anonymous>:2059:43) <- at resolveVisualContacts (evalmachine.<anonymous>:3590:9) <- at evalmachine.<anonymous>:5385:68",
      "i": 1374
    },
    {
      "id": 58,
      "key": "x",
      "old": 4.983324015225105,
      "next": 4.983330916092815,
      "pileClock": 28.458333333333762,
      "state": "RESOLVING",
      "phase": "SETTLE",
      "d": 0.9999999983206631,
      "stack": "at Object.set [as x] (evalmachine.<anonymous>:8129:423) <- at shift (evalmachine.<anonymous>:2013:14) <- at solvePair (evalmachine.<anonymous>:2040:25) <- at resolveVisualContacts (evalmachine.<anonymous>:2059:43) <- at resolveVisualContacts (evalmachine.<anonymous>:3590:9) <- at evalmachine.<anonymous>:5385:68",
      "i": 1375
    },
    {
      "id": 60,
      "key": "x",
      "old": 2.9843043222042245,
      "next": 2.9843043188471854,
      "pileClock": 28.458333333333762,
      "state": "RESOLVING",
      "phase": "SETTLE",
      "d": 0.9999999999983659,
      "stack": "at Object.set [as x] (evalmachine.<anonymous>:8129:423) <- at shift (evalmachine.<anonymous>:2013:14) <- at solvePair (evalmachine.<anonymous>:2040:25) <- at resolveVisualContacts (evalmachine.<anonymous>:2059:43) <- at resolveVisualContacts (evalmachine.<anonymous>:3590:9) <- at evalmachine.<anonymous>:5385:68",
      "i": 1376
    },
    {
      "id": 60,
      "key": "y",
      "old": 6.046774176822417,
      "next": 6.046774176882909,
      "pileClock": 28.458333333333762,
      "state": "RESOLVING",
      "phase": "SETTLE",
      "d": 1,
      "stack": "at Object.set [as y] (evalmachine.<anonymous>:8129:423) <- at shift (evalmachine.<anonymous>:2016:18) <- at solvePair (evalmachine.<anonymous>:2040:25) <- at resolveVisualContacts (evalmachine.<anonymous>:2059:43) <- at resolveVisualContacts (evalmachine.<anonymous>:3590:9) <- at evalmachine.<anonymous>:5385:68",
      "i": 1377
    },
    {
      "id": 58,
      "key": "x",
      "old": 4.983330916092815,
      "next": 4.975678105369542,
      "pileClock": 28.458333333333762,
      "state": "RESOLVING",
      "phase": "SETTLE",
      "d": 0.9961754641067186,
      "stack": "at Object.set [as x] (evalmachine.<anonymous>:8129:423) <- at shift (evalmachine.<anonymous>:2013:14) <- at solvePair (evalmachine.<anonymous>:2032:9) <- at resolveVisualContacts (evalmachine.<anonymous>:2059:43) <- at resolveVisualContacts (evalmachine.<anonymous>:3590:9) <- at evalmachine.<anonymous>:5385:68",
      "i": 1378
    },
    {
      "id": 58,
      "key": "x",
      "old": 4.975678105369542,
      "next": 4.971941274459612,
      "pileClock": 28.458333333333762,
      "state": "RESOLVING",
      "phase": "SETTLE",
      "d": 0.9943079667312328,
      "stack": "at Object.set [as x] (evalmachine.<anonymous>:8129:423) <- at shift (evalmachine.<anonymous>:2013:14) <- at solvePair (evalmachine.<anonymous>:2040:25) <- at resolveVisualContacts (evalmachine.<anonymous>:2059:43) <- at resolveVisualContacts (evalmachine.<anonymous>:3590:9) <- at evalmachine.<anonymous>:5385:68",
      "i": 1379
    },
    {
      "id": 58,
      "key": "x",
      "old": 4.971941274459612,
      "next": 4.970124459156632,
      "pileClock": 28.458333333333762,
      "state": "RESOLVING",
      "phase": "SETTLE",
      "d": 0.9934000066895495,
      "stack": "at Object.set [as x] (evalmachine.<anonymous>:8129:423) <- at shift (evalmachine.<anonymous>:2013:14) <- at solvePair (evalmachine.<anonymous>:2040:25) <- at resolveVisualContacts (evalmachine.<anonymous>:2059:43) <- at resolveVisualContacts (evalmachine.<anonymous>:3590:9) <- at evalmachine.<anonymous>:5385:68",
      "i": 1380
    },
    {
      "id": 58,
      "key": "x",
      "old": 4.970124459156632,
      "next": 4.969242996430903,
      "pileClock": 28.458333333333762,
      "state": "RESOLVING",
      "phase": "SETTLE",
      "d": 0.9929594927881442,
      "stack": "at Object.set [as x] (evalmachine.<anonymous>:8129:423) <- at shift (evalmachine.<anonymous>:2013:14) <- at solvePair (evalmachine.<anonymous>:2040:25) <- at resolveVisualContacts (evalmachine.<anonymous>:2059:43) <- at resolveVisualContacts (evalmachine.<anonymous>:3590:9) <- at evalmachine.<anonymous>:5385:68",
      "i": 1381
    },
    {
      "id": 60,
      "key": "x",
      "old": 2.9843043188471854,
      "next": 2.9983351524637927,
      "pileClock": 28.458333333333762,
      "state": "RESOLVING",
      "phase": "SETTLE",
      "d": 0.9859475636304954,
      "stack": "at Object.set [as x] (evalmachine.<anonymous>:8129:423) <- at shift (evalmachine.<anonymous>:2013:14) <- at solvePair (evalmachine.<anonymous>:2033:9) <- at resolveVisualContacts (evalmachine.<anonymous>:2059:43) <- at resolveVisualContacts (evalmachine.<anonymous>:3590:9) <- at evalmachine.<anonymous>:5385:68",
      "i": 1382
    },
    {
      "id": 60,
      "key": "y",
      "old": 6.046774176882909,
      "next": 6.047104912792298,
      "pileClock": 28.458333333333762,
      "state": "RESOLVING",
      "phase": "SETTLE",
      "d": 0.9859566677676657,
      "stack": "at Object.set [as y] (evalmachine.<anonymous>:8129:423) <- at shift (evalmachine.<anonymous>:2016:18) <- at solvePair (evalmachine.<anonymous>:2033:9) <- at resolveVisualContacts (evalmachine.<anonymous>:2059:43) <- at resolveVisualContacts (evalmachine.<anonymous>:3590:9) <- at evalmachine.<anonymous>:5385:68",
      "i": 1383
    },
    {
      "id": 60,
      "key": "x",
      "old": 2.9983351524637927,
      "next": 2.9842989810188496,
      "pileClock": 28.458333333333762,
      "state": "RESOLVING",
      "phase": "SETTLE",
      "d": 0.9929712002081328,
      "stack": "at Object.set [as x] (evalmachine.<anonymous>:8129:423) <- at shift (evalmachine.<anonymous>:2013:14) <- at solvePair (evalmachine.<anonymous>:2032:9) <- at resolveVisualContacts (evalmachine.<anonymous>:2059:43) <- at resolveVisualContacts (evalmachine.<anonymous>:3590:9) <- at evalmachine.<anonymous>:5385:68",
      "i": 1384
    },
    {
      "id": 60,
      "key": "y",
      "old": 6.047104912792298,
      "next": 6.047363802315633,
      "pileClock": 28.458333333333762,
      "state": "RESOLVING",
      "phase": "SETTLE",
      "d": 0.9929783338838327,
      "stack": "at Object.set [as y] (evalmachine.<anonymous>:8129:423) <- at shift (evalmachine.<anonymous>:2016:18) <- at solvePair (evalmachine.<anonymous>:2032:9) <- at resolveVisualContacts (evalmachine.<anonymous>:2059:43) <- at resolveVisualContacts (evalmachine.<anonymous>:3590:9) <- at evalmachine.<anonymous>:5385:68",
      "i": 1385
    },
    {
      "id": 58,
      "key": "x",
      "old": 4.969242996430903,
      "next": 4.983286328663237,
      "pileClock": 28.458333333333762,
      "state": "RESOLVING",
      "phase": "SETTLE",
      "d": 0.9999964447403135,
      "stack": "at Object.set [as x] (evalmachine.<anonymous>:8129:423) <- at shift (evalmachine.<anonymous>:2013:14) <- at solvePair (evalmachine.<anonymous>:2033:9) <- at resolveVisualContacts (evalmachine.<anonymous>:2059:43) <- at resolveVisualContacts (evalmachine.<anonymous>:3590:9) <- at evalmachine.<anonymous>:5385:68",
      "i": 1386
    },
    {
      "id": 58,
      "key": "x",
      "old": 4.983286328663237,
      "next": 4.98329343918261,
      "pileClock": 28.458333333333762,
      "state": "RESOLVING",
      "phase": "SETTLE",
      "d": 0.999999998212519,
      "stack": "at Object.set [as x] (evalmachine.<anonymous>:8129:423) <- at shift (evalmachine.<anonymous>:2013:14) <- at solvePair (evalmachine.<anonymous>:2040:25) <- at resolveVisualContacts (evalmachine.<anonymous>:2059:43) <- at resolveVisualContacts (evalmachine.<anonymous>:3590:9) <- at evalmachine.<anonymous>:5385:68",
      "i": 1387
    },
    {
      "id": 60,
      "key": "x",
      "old": 2.9842989810188496,
      "next": 2.9842989774456847,
      "pileClock": 28.458333333333762,
      "state": "RESOLVING",
      "phase": "SETTLE",
      "d": 0.9999999999982031,
      "stack": "at Object.set [as x] (evalmachine.<anonymous>:8129:423) <- at shift (evalmachine.<anonymous>:2013:14) <- at solvePair (evalmachine.<anonymous>:2040:25) <- at resolveVisualContacts (evalmachine.<anonymous>:2059:43) <- at resolveVisualContacts (evalmachine.<anonymous>:3590:9) <- at evalmachine.<anonymous>:5385:68",
      "i": 1388
    },
    {
      "id": 60,
      "key": "y",
      "old": 6.047363802315633,
      "next": 6.047363802381075,
      "pileClock": 28.458333333333762,
      "state": "RESOLVING",
      "phase": "SETTLE",
      "d": 1,
      "stack": "at Object.set [as y] (evalmachine.<anonymous>:8129:423) <- at shift (evalmachine.<anonymous>:2016:18) <- at solvePair (evalmachine.<anonymous>:2040:25) <- at resolveVisualContacts (evalmachine.<anonymous>:2059:43) <- at resolveVisualContacts (evalmachine.<anonymous>:3590:9) <- at evalmachine.<anonymous>:5385:68",
      "i": 1389
    },
    {
      "id": 58,
      "key": "x",
      "old": 4.98329343918261,
      "next": 4.975659752704129,
      "pileClock": 28.458333333333762,
      "state": "RESOLVING",
      "phase": "SETTLE",
      "d": 0.9961850831024087,
      "stack": "at Object.set [as x] (evalmachine.<anonymous>:8129:423) <- at shift (evalmachine.<anonymous>:2013:14) <- at solvePair (evalmachine.<anonymous>:2032:9) <- at resolveVisualContacts (evalmachine.<anonymous>:2059:43) <- at resolveVisualContacts (evalmachine.<anonymous>:3590:9) <- at evalmachine.<anonymous>:5385:68",
      "i": 1390
    },
    {
      "id": 58,
      "key": "x",
      "old": 4.975659752704129,
      "next": 4.971932338969934,
      "pileClock": 28.458333333333762,
      "state": "RESOLVING",
      "phase": "SETTLE",
      "d": 0.9943223222111235,
      "stack": "at Object.set [as x] (evalmachine.<anonymous>:8129:423) <- at shift (evalmachine.<anonymous>:2013:14) <- at solvePair (evalmachine.<anonymous>:2040:25) <- at resolveVisualContacts (evalmachine.<anonymous>:2059:43) <- at resolveVisualContacts (evalmachine.<anonymous>:3590:9) <- at evalmachine.<anonymous>:5385:68",
      "i": 1391
    },
    {
      "id": 58,
      "key": "x",
      "old": 4.971932338969934,
      "next": 4.970120120961914,
      "pileClock": 28.458333333333762,
      "state": "RESOLVING",
      "phase": "SETTLE",
      "d": 0.9934166744097368,
      "stack": "at Object.set [as x] (evalmachine.<anonymous>:8129:423) <- at shift (evalmachine.<anonymous>:2013:14) <- at solvePair (evalmachine.<anonymous>:2040:25) <- at resolveVisualContacts (evalmachine.<anonymous>:2059:43) <- at resolveVisualContacts (evalmachine.<anonymous>:3590:9) <- at evalmachine.<anonymous>:5385:68",
      "i": 1392
    },
    {
      "id": 58,
      "key": "x",
      "old": 4.970120120961914,
      "next": 4.969240893124942,
      "pileClock": 28.458333333333762,
      "state": "RESOLVING",
      "phase": "SETTLE",
      "d": 0.9929772845545789,
      "stack": "at Object.set [as x] (evalmachine.<anonymous>:8129:423) <- at shift (evalmachine.<anonymous>:2013:14) <- at solvePair (evalmachine.<anonymous>:2040:25) <- at resolveVisualContacts (evalmachine.<anonymous>:2059:43) <- at resolveVisualContacts (evalmachine.<anonymous>:3590:9) <- at evalmachine.<anonymous>:5385:68",
      "i": 1393
    },
    {
      "id": 60,
      "key": "x",
      "old": 2.9842989774456847,
      "next": 2.998292959352053,
      "pileClock": 28.458333333333762,
      "state": "RESOLVING",
      "phase": "SETTLE",
      "d": 0.9859838867330339,
      "stack": "at Object.set [as x] (evalmachine.<anonymous>:8129:423) <- at shift (evalmachine.<anonymous>:2013:14) <- at solvePair (evalmachine.<anonymous>:2033:9) <- at resolveVisualContacts (evalmachine.<anonymous>:2059:43) <- at resolveVisualContacts (evalmachine.<anonymous>:3590:9) <- at evalmachine.<anonymous>:5385:68",
      "i": 1394
    },
    {
      "id": 60,
      "key": "y",
      "old": 6.047363802381075,
      "next": 6.047697828755664,
      "pileClock": 28.458333333333762,
      "state": "RESOLVING",
      "phase": "SETTLE",
      "d": 0.9859932313366433,
      "stack": "at Object.set [as y] (evalmachine.<anonymous>:8129:423) <- at shift (evalmachine.<anonymous>:2016:18) <- at solvePair (evalmachine.<anonymous>:2033:9) <- at resolveVisualContacts (evalmachine.<anonymous>:2059:43) <- at resolveVisualContacts (evalmachine.<anonymous>:3590:9) <- at evalmachine.<anonymous>:5385:68",
      "i": 1395
    },
    {
      "id": 60,
      "key": "x",
      "old": 2.998292959352053,
      "next": 2.9842935672271937,
      "pileClock": 28.458333333333762,
      "state": "RESOLVING",
      "phase": "SETTLE",
      "d": 0.9929892670507198,
      "stack": "at Object.set [as x] (evalmachine.<anonymous>:8129:423) <- at shift (evalmachine.<anonymous>:2013:14) <- at solvePair (evalmachine.<anonymous>:2032:9) <- at resolveVisualContacts (evalmachine.<anonymous>:2059:43) <- at resolveVisualContacts (evalmachine.<anonymous>:3590:9) <- at evalmachine.<anonymous>:5385:68",
      "i": 1396
    },
    {
      "id": 60,
      "key": "y",
      "old": 6.047697828755664,
      "next": 6.047960246058966,
      "pileClock": 28.458333333333762,
      "state": "RESOLVING",
      "phase": "SETTLE",
      "d": 0.9929966156683216,
      "stack": "at Object.set [as y] (evalmachine.<anonymous>:8129:423) <- at shift (evalmachine.<anonymous>:2016:18) <- at solvePair (evalmachine.<anonymous>:2032:9) <- at resolveVisualContacts (evalmachine.<anonymous>:2059:43) <- at resolveVisualContacts (evalmachine.<anonymous>:3590:9) <- at evalmachine.<anonymous>:5385:68",
      "i": 1397
    },
    {
      "id": 58,
      "key": "x",
      "old": 4.969240893124942,
      "next": 4.983247661788298,
      "pileClock": 28.458333333333762,
      "state": "RESOLVING",
      "phase": "SETTLE",
      "d": 0.9999963375544115,
      "stack": "at Object.set [as x] (evalmachine.<anonymous>:8129:423) <- at shift (evalmachine.<anonymous>:2013:14) <- at solvePair (evalmachine.<anonymous>:2033:9) <- at resolveVisualContacts (evalmachine.<anonymous>:2059:43) <- at resolveVisualContacts (evalmachine.<anonymous>:3590:9) <- at evalmachine.<anonymous>:5385:68",
      "i": 1398
    },
    {
      "id": 58,
      "key": "x",
      "old": 4.983247661788298,
      "next": 4.9832549866794755,
      "pileClock": 28.458333333333762,
      "state": "RESOLVING",
      "phase": "SETTLE",
      "d": 0.9999999980981276,
      "stack": "at Object.set [as x] (evalmachine.<anonymous>:8129:423) <- at shift (evalmachine.<anonymous>:2013:14) <- at solvePair (evalmachine.<anonymous>:2040:25) <- at resolveVisualContacts (evalmachine.<anonymous>:2059:43) <- at resolveVisualContacts (evalmachine.<anonymous>:3590:9) <- at evalmachine.<anonymous>:5385:68",
      "i": 1399
    },
    {
      "id": 60,
      "key": "x",
      "old": 2.9842935672271937,
      "next": 2.984293563425424,
      "pileClock": 28.458333333333762,
      "state": "RESOLVING",
      "phase": "SETTLE",
      "d": 0.9999999999980252,
      "stack": "at Object.set [as x] (evalmachine.<anonymous>:8129:423) <- at shift (evalmachine.<anonymous>:2013:14) <- at solvePair (evalmachine.<anonymous>:2040:25) <- at resolveVisualContacts (evalmachine.<anonymous>:2059:43) <- at resolveVisualContacts (evalmachine.<anonymous>:3590:9) <- at evalmachine.<anonymous>:5385:68",
      "i": 1400
    },
    {
      "id": 60,
      "key": "y",
      "old": 6.047960246058966,
      "next": 6.04796024612973,
      "pileClock": 28.458333333333762,
      "state": "RESOLVING",
      "phase": "SETTLE",
      "d": 1,
      "stack": "at Object.set [as y] (evalmachine.<anonymous>:8129:423) <- at shift (evalmachine.<anonymous>:2016:18) <- at solvePair (evalmachine.<anonymous>:2040:25) <- at resolveVisualContacts (evalmachine.<anonymous>:2059:43) <- at resolveVisualContacts (evalmachine.<anonymous>:3590:9) <- at evalmachine.<anonymous>:5385:68",
      "i": 1401
    },
    {
      "id": 58,
      "key": "x",
      "old": 4.9832549866794755,
      "next": 4.975640922826976,
      "pileClock": 28.458333333333762,
      "state": "RESOLVING",
      "phase": "SETTLE",
      "d": 0.9961949525742527,
      "stack": "at Object.set [as x] (evalmachine.<anonymous>:8129:423) <- at shift (evalmachine.<anonymous>:2013:14) <- at solvePair (evalmachine.<anonymous>:2032:9) <- at resolveVisualContacts (evalmachine.<anonymous>:2059:43) <- at resolveVisualContacts (evalmachine.<anonymous>:3590:9) <- at evalmachine.<anonymous>:5385:68",
      "i": 1402
    },
    {
      "id": 58,
      "key": "x",
      "old": 4.975640922826976,
      "next": 4.971923171266051,
      "pileClock": 28.458333333333762,
      "state": "RESOLVING",
      "phase": "SETTLE",
      "d": 0.9943370512943315,
      "stack": "at Object.set [as x] (evalmachine.<anonymous>:8129:423) <- at shift (evalmachine.<anonymous>:2013:14) <- at solvePair (evalmachine.<anonymous>:2040:25) <- at resolveVisualContacts (evalmachine.<anonymous>:2059:43) <- at resolveVisualContacts (evalmachine.<anonymous>:3590:9) <- at evalmachine.<anonymous>:5385:68",
      "i": 1403
    },
    {
      "id": 58,
      "key": "x",
      "old": 4.971923171266051,
      "next": 4.97011567005736,
      "pileClock": 28.458333333333762,
      "state": "RESOLVING",
      "phase": "SETTLE",
      "d": 0.9934337757910987,
      "stack": "at Object.set [as x] (evalmachine.<anonymous>:8129:423) <- at shift (evalmachine.<anonymous>:2013:14) <- at solvePair (evalmachine.<anonymous>:2040:25) <- at resolveVisualContacts (evalmachine.<anonymous>:2059:43) <- at resolveVisualContacts (evalmachine.<anonymous>:3590:9) <- at evalmachine.<anonymous>:5385:68",
      "i": 1404
    },
    {
      "id": 58,
      "key": "x",
      "old": 4.97011567005736,
      "next": 4.969238735180565,
      "pileClock": 28.458333333333762,
      "state": "RESOLVING",
      "phase": "SETTLE",
      "d": 0.9929955391662373,
      "stack": "at Object.set [as x] (evalmachine.<anonymous>:8129:423) <- at shift (evalmachine.<anonymous>:2013:14) <- at solvePair (evalmachine.<anonymous>:2040:25) <- at resolveVisualContacts (evalmachine.<anonymous>:2059:43) <- at resolveVisualContacts (evalmachine.<anonymous>:3590:9) <- at evalmachine.<anonymous>:5385:68",
      "i": 1405
    },
    {
      "id": 60,
      "key": "x",
      "old": 2.984293563425424,
      "next": 2.998249742983137,
      "pileClock": 28.458333333333762,
      "state": "RESOLVING",
      "phase": "SETTLE",
      "d": 0.9860211503443488,
      "stack": "at Object.set [as x] (evalmachine.<anonymous>:8129:423) <- at shift (evalmachine.<anonymous>:2013:14) <- at solvePair (evalmachine.<anonymous>:2033:9) <- at resolveVisualContacts (evalmachine.<anonymous>:2059:43) <- at resolveVisualContacts (evalmachine.<anonymous>:3590:9) <- at evalmachine.<anonymous>:5385:68",
      "i": 1406
    },
    {
      "id": 60,
      "key": "y",
      "old": 6.04796024612973,
      "next": 6.048297566080243,
      "pileClock": 28.458333333333762,
      "state": "RESOLVING",
      "phase": "SETTLE",
      "d": 0.9860307401853635,
      "stack": "at Object.set [as y] (evalmachine.<anonymous>:8129:423) <- at shift (evalmachine.<anonymous>:2016:18) <- at solvePair (evalmachine.<anonymous>:2033:9) <- at resolveVisualContacts (evalmachine.<anonymous>:2059:43) <- at resolveVisualContacts (evalmachine.<anonymous>:3590:9) <- at evalmachine.<anonymous>:5385:68",
      "i": 1407
    },
    {
      "id": 60,
      "key": "x",
      "old": 2.998249742983137,
      "next": 2.9842880802267517,
      "pileClock": 28.458333333333762,
      "state": "RESOLVING",
      "phase": "SETTLE",
      "d": 0.9930078017820559,
      "stack": "at Object.set [as x] (evalmachine.<anonymous>:8129:423) <- at shift (evalmachine.<anonymous>:2013:14) <- at solvePair (evalmachine.<anonymous>:2032:9) <- at resolveVisualContacts (evalmachine.<anonymous>:2059:43) <- at resolveVisualContacts (evalmachine.<anonymous>:3590:9) <- at evalmachine.<anonymous>:5385:68",
      "i": 1408
    },
    {
      "id": 60,
      "key": "y",
      "old": 6.048297566080243,
      "next": 6.0485635189869615,
      "pileClock": 28.458333333333762,
      "state": "RESOLVING",
      "phase": "SETTLE",
      "d": 0.9930153700926817,
      "stack": "at Object.set [as y] (evalmachine.<anonymous>:8129:423) <- at shift (evalmachine.<anonymous>:2016:18) <- at solvePair (evalmachine.<anonymous>:2032:9) <- at resolveVisualContacts (evalmachine.<anonymous>:2059:43) <- at resolveVisualContacts (evalmachine.<anonymous>:3590:9) <- at evalmachine.<anonymous>:5385:68",
      "i": 1409
    },
    {
      "id": 58,
      "key": "x",
      "old": 4.969238735180565,
      "next": 4.983207994995202,
      "pileClock": 28.458333333333762,
      "state": "RESOLVING",
      "phase": "SETTLE",
      "d": 0.9999962279950807,
      "stack": "at Object.set [as x] (evalmachine.<anonymous>:8129:423) <- at shift (evalmachine.<anonymous>:2013:14) <- at solvePair (evalmachine.<anonymous>:2033:9) <- at resolveVisualContacts (evalmachine.<anonymous>:2059:43) <- at resolveVisualContacts (evalmachine.<anonymous>:3590:9) <- at evalmachine.<anonymous>:5385:68",
      "i": 1410
    },
    {
      "id": 58,
      "key": "x",
      "old": 4.983207994995202,
      "next": 4.983215539005041,
      "pileClock": 28.458333333333762,
      "state": "RESOLVING",
      "phase": "SETTLE",
      "d": 0.9999999979771848,
      "stack": "at Object.set [as x] (evalmachine.<anonymous>:8129:423) <- at shift (evalmachine.<anonymous>:2013:14) <- at solvePair (evalmachine.<anonymous>:2040:25) <- at resolveVisualContacts (evalmachine.<anonymous>:2059:43) <- at resolveVisualContacts (evalmachine.<anonymous>:3590:9) <- at evalmachine.<anonymous>:5385:68",
      "i": 1411
    },
    {
      "id": 60,
      "key": "x",
      "old": 2.9842880802267517,
      "next": 2.9842880761832906,
      "pileClock": 28.458333333333762,
      "state": "RESOLVING",
      "phase": "SETTLE",
      "d": 0.9999999999978312,
      "stack": "at Object.set [as x] (evalmachine.<anonymous>:8129:423) <- at shift (evalmachine.<anonymous>:2013:14) <- at solvePair (evalmachine.<anonymous>:2040:25) <- at resolveVisualContacts (evalmachine.<anonymous>:2059:43) <- at resolveVisualContacts (evalmachine.<anonymous>:3590:9) <- at evalmachine.<anonymous>:5385:68",
      "i": 1412
    },
    {
      "id": 60,
      "key": "y",
      "old": 6.0485635189869615,
      "next": 6.048563519063446,
      "pileClock": 28.458333333333762,
      "state": "RESOLVING",
      "phase": "SETTLE",
      "d": 1,
      "stack": "at Object.set [as y] (evalmachine.<anonymous>:8129:423) <- at shift (evalmachine.<anonymous>:2016:18) <- at solvePair (evalmachine.<anonymous>:2040:25) <- at resolveVisualContacts (evalmachine.<anonymous>:2059:43) <- at resolveVisualContacts (evalmachine.<anonymous>:3590:9) <- at evalmachine.<anonymous>:5385:68",
      "i": 1413
    },
    {
      "id": 58,
      "key": "x",
      "old": 4.983215539005041,
      "next": 4.975621606192904,
      "pileClock": 28.458333333333762,
      "state": "RESOLVING",
      "phase": "SETTLE",
      "d": 0.9962050775464795,
      "stack": "at Object.set [as x] (evalmachine.<anonymous>:8129:423) <- at shift (evalmachine.<anonymous>:2013:14) <- at solvePair (evalmachine.<anonymous>:2032:9) <- at resolveVisualContacts (evalmachine.<anonymous>:2059:43) <- at resolveVisualContacts (evalmachine.<anonymous>:3590:9) <- at evalmachine.<anonymous>:5385:68",
      "i": 1414
    },
    {
      "id": 58,
      "key": "x",
      "old": 4.975621606192904,
      "next": 4.97191376671075,
      "pileClock": 28.458333333333762,
      "state": "RESOLVING",
      "phase": "SETTLE",
      "d": 0.9943521614626479,
      "stack": "at Object.set [as x] (evalmachine.<anonymous>:8129:423) <- at shift (evalmachine.<anonymous>:2013:14) <- at solvePair (evalmachine.<anonymous>:2040:25) <- at resolveVisualContacts (evalmachine.<anonymous>:2059:43) <- at resolveVisualContacts (evalmachine.<anonymous>:3590:9) <- at evalmachine.<anonymous>:5385:68",
      "i": 1415
    },
    {
      "id": 58,
      "key": "x",
      "old": 4.97191376671075,
      "next": 4.970111104193982,
      "pileClock": 28.458333333333762,
      "state": "RESOLVING",
      "phase": "SETTLE",
      "d": 0.9934513195112469,
      "stack": "at Object.set [as x] (evalmachine.<anonymous>:8129:423) <- at shift (evalmachine.<anonymous>:2013:14) <- at solvePair (evalmachine.<anonymous>:2040:25) <- at resolveVisualContacts (evalmachine.<anonymous>:2059:43) <- at resolveVisualContacts (evalmachine.<anonymous>:3590:9) <- at evalmachine.<anonymous>:5385:68",
      "i": 1416
    },
    {
      "id": 58,
      "key": "x",
      "old": 4.970111104193982,
      "next": 4.969236521507948,
      "pileClock": 28.458333333333762,
      "state": "RESOLVING",
      "phase": "SETTLE",
      "d": 0.9930142658811324,
      "stack": "at Object.set [as x] (evalmachine.<anonymous>:8129:423) <- at shift (evalmachine.<anonymous>:2013:14) <- at solvePair (evalmachine.<anonymous>:2040:25) <- at resolveVisualContacts (evalmachine.<anonymous>:2059:43) <- at resolveVisualContacts (evalmachine.<anonymous>:3590:9) <- at evalmachine.<anonymous>:5385:68",
      "i": 1417
    },
    {
      "id": 60,
      "key": "x",
      "old": 2.9842880761832906,
      "next": 2.9982054841809282,
      "pileClock": 28.458333333333762,
      "state": "RESOLVING",
      "phase": "SETTLE",
      "d": 0.9860593730201328,
      "stack": "at Object.set [as x] (evalmachine.<anonymous>:8129:423) <- at shift (evalmachine.<anonymous>:2013:14) <- at solvePair (evalmachine.<anonymous>:2033:9) <- at resolveVisualContacts (evalmachine.<anonymous>:2059:43) <- at resolveVisualContacts (evalmachine.<anonymous>:3590:9) <- at evalmachine.<anonymous>:5385:68",
      "i": 1418
    },
    {
      "id": 60,
      "key": "y",
      "old": 6.048563519063446,
      "next": 6.0489041340763166,
      "pileClock": 28.458333333333762,
      "state": "RESOLVING",
      "phase": "SETTLE",
      "d": 0.9860692128792844,
      "stack": "at Object.set [as y] (evalmachine.<anonymous>:8129:423) <- at shift (evalmachine.<anonymous>:2016:18) <- at solvePair (evalmachine.<anonymous>:2033:9) <- at resolveVisualContacts (evalmachine.<anonymous>:2059:43) <- at resolveVisualContacts (evalmachine.<anonymous>:3590:9) <- at evalmachine.<anonymous>:5385:68",
      "i": 1419
    },
    {
      "id": 60,
      "key": "x",
      "old": 2.9982054841809282,
      "next": 2.9842825194282057,
      "pileClock": 28.458333333333762,
      "state": "RESOLVING",
      "phase": "SETTLE",
      "d": 0.9930268136635894,
      "stack": "at Object.set [as x] (evalmachine.<anonymous>:8129:423) <- at shift (evalmachine.<anonymous>:2013:14) <- at solvePair (evalmachine.<anonymous>:2032:9) <- at resolveVisualContacts (evalmachine.<anonymous>:2059:43) <- at resolveVisualContacts (evalmachine.<anonymous>:3590:9) <- at evalmachine.<anonymous>:5385:68",
      "i": 1420
    },
    {
      "id": 60,
      "key": "y",
      "old": 6.0489041340763166,
      "next": 6.0491736288487745,
      "pileClock": 28.458333333333762,
      "state": "RESOLVING",
      "phase": "SETTLE",
      "d": 0.9930346064396423,
      "stack": "at Object.set [as y] (evalmachine.<anonymous>:8129:423) <- at shift (evalmachine.<anonymous>:2016:18) <- at solvePair (evalmachine.<anonymous>:2032:9) <- at resolveVisualContacts (evalmachine.<anonymous>:2059:43) <- at resolveVisualContacts (evalmachine.<anonymous>:3590:9) <- at evalmachine.<anonymous>:5385:68",
      "i": 1421
    },
    {
      "id": 58,
      "key": "x",
      "old": 4.969236521507948,
      "next": 4.983167308628664,
      "pileClock": 28.458333333333762,
      "state": "RESOLVING",
      "phase": "SETTLE",
      "d": 0.9999961160513969,
      "stack": "at Object.set [as x] (evalmachine.<anonymous>:8129:423) <- at shift (evalmachine.<anonymous>:2013:14) <- at solvePair (evalmachine.<anonymous>:2033:9) <- at resolveVisualContacts (evalmachine.<anonymous>:2059:43) <- at resolveVisualContacts (evalmachine.<anonymous>:3590:9) <- at evalmachine.<anonymous>:5385:68",
      "i": 1422
    },
    {
      "id": 58,
      "key": "x",
      "old": 4.983167308628664,
      "next": 4.98317507652587,
      "pileClock": 28.458333333333762,
      "state": "RESOLVING",
      "phase": "SETTLE",
      "d": 0.9999999978493743,
      "stack": "at Object.set [as x] (evalmachine.<anonymous>:8129:423) <- at shift (evalmachine.<anonymous>:2013:14) <- at solvePair (evalmachine.<anonymous>:2040:25) <- at resolveVisualContacts (evalmachine.<anonymous>:2059:43) <- at resolveVisualContacts (evalmachine.<anonymous>:3590:9) <- at evalmachine.<anonymous>:5385:68",
      "i": 1423
    },
    {
      "id": 60,
      "key": "x",
      "old": 2.9842825194282057,
      "next": 2.984282515129336,
      "pileClock": 28.458333333333762,
      "state": "RESOLVING",
      "phase": "SETTLE",
      "d": 0.999999999997619,
      "stack": "at Object.set [as x] (evalmachine.<anonymous>:8129:423) <- at shift (evalmachine.<anonymous>:2013:14) <- at solvePair (evalmachine.<anonymous>:2040:25) <- at resolveVisualContacts (evalmachine.<anonymous>:2059:43) <- at resolveVisualContacts (evalmachine.<anonymous>:3590:9) <- at evalmachine.<anonymous>:5385:68",
      "i": 1424
    },
    {
      "id": 60,
      "key": "y",
      "old": 6.0491736288487745,
      "next": 6.0491736289314035,
      "pileClock": 28.458333333333762,
      "state": "RESOLVING",
      "phase": "SETTLE",
      "d": 1,
      "stack": "at Object.set [as y] (evalmachine.<anonymous>:8129:423) <- at shift (evalmachine.<anonymous>:2016:18) <- at solvePair (evalmachine.<anonymous>:2040:25) <- at resolveVisualContacts (evalmachine.<anonymous>:2059:43) <- at resolveVisualContacts (evalmachine.<anonymous>:3590:9) <- at evalmachine.<anonymous>:5385:68",
      "i": 1425
    },
    {
      "id": 58,
      "key": "x",
      "old": 4.98317507652587,
      "next": 4.975601793232,
      "pileClock": 28.458333333333762,
      "state": "RESOLVING",
      "phase": "SETTLE",
      "d": 0.996215463057179,
      "stack": "at Object.set [as x] (evalmachine.<anonymous>:8129:423) <- at shift (evalmachine.<anonymous>:2013:14) <- at solvePair (evalmachine.<anonymous>:2032:9) <- at resolveVisualContacts (evalmachine.<anonymous>:2059:43) <- at resolveVisualContacts (evalmachine.<anonymous>:3590:9) <- at evalmachine.<anonymous>:5385:68",
      "i": 1426
    },
    {
      "id": 58,
      "key": "x",
      "old": 4.975601793232,
      "next": 4.971904120655303,
      "pileClock": 28.458333333333762,
      "state": "RESOLVING",
      "phase": "SETTLE",
      "d": 0.9943676602176914,
      "stack": "at Object.set [as x] (evalmachine.<anonymous>:8129:423) <- at shift (evalmachine.<anonymous>:2013:14) <- at solvePair (evalmachine.<anonymous>:2040:25) <- at resolveVisualContacts (evalmachine.<anonymous>:2059:43) <- at resolveVisualContacts (evalmachine.<anonymous>:3590:9) <- at evalmachine.<anonymous>:5385:68",
      "i": 1427
    },
    {
      "id": 58,
      "key": "x",
      "old": 4.971904120655303,
      "next": 4.9701064211173325,
      "pileClock": 28.458333333333762,
      "state": "RESOLVING",
      "phase": "SETTLE",
      "d": 0.9934693142703284,
      "stack": "at Object.set [as x] (evalmachine.<anonymous>:8129:423) <- at shift (evalmachine.<anonymous>:2013:14) <- at solvePair (evalmachine.<anonymous>:2040:25) <- at resolveVisualContacts (evalmachine.<anonymous>:2059:43) <- at resolveVisualContacts (evalmachine.<anonymous>:3590:9) <- at evalmachine.<anonymous>:5385:68",
      "i": 1428
    },
    {
      "id": 58,
      "key": "x",
      "old": 4.9701064211173325,
      "next": 4.969234251014647,
      "pileClock": 28.458333333333762,
      "state": "RESOLVING",
      "phase": "SETTLE",
      "d": 0.993033473981078,
      "stack": "at Object.set [as x] (evalmachine.<anonymous>:8129:423) <- at shift (evalmachine.<anonymous>:2013:14) <- at solvePair (evalmachine.<anonymous>:2040:25) <- at resolveVisualContacts (evalmachine.<anonymous>:2059:43) <- at resolveVisualContacts (evalmachine.<anonymous>:3590:9) <- at evalmachine.<anonymous>:5385:68",
      "i": 1429
    },
    {
      "id": 60,
      "key": "x",
      "old": 2.984282515129336,
      "next": 2.9981601637638486,
      "pileClock": 28.458333333333762,
      "state": "RESOLVING",
      "phase": "SETTLE",
      "d": 0.9860985733466473,
      "stack": "at Object.set [as x] (evalmachine.<anonymous>:8129:423) <- at shift (evalmachine.<anonymous>:2013:14) <- at solvePair (evalmachine.<anonymous>:2033:9) <- at resolveVisualContacts (evalmachine.<anonymous>:2059:43) <- at resolveVisualContacts (evalmachine.<anonymous>:3590:9) <- at evalmachine.<anonymous>:5385:68",
      "i": 1430
    },
    {
      "id": 60,
      "key": "y",
      "old": 6.0491736289314035,
      "next": 6.0495175388027,
      "pileClock": 28.458333333333762,
      "state": "RESOLVING",
      "phase": "SETTLE",
      "d": 0.9861086680087788,
      "stack": "at Object.set [as y] (evalmachine.<anonymous>:8129:423) <- at shift (evalmachine.<anonymous>:2016:18) <- at solvePair (evalmachine.<anonymous>:2033:9) <- at resolveVisualContacts (evalmachine.<anonymous>:2059:43) <- at resolveVisualContacts (evalmachine.<anonymous>:3590:9) <- at evalmachine.<anonymous>:5385:68",
      "i": 1431
    },
    {
      "id": 60,
      "key": "x",
      "old": 2.9981601637638486,
      "next": 2.9842768842564373,
      "pileClock": 28.458333333333762,
      "state": "RESOLVING",
      "phase": "SETTLE",
      "d": 0.9930463119744605,
      "stack": "at Object.set [as x] (evalmachine.<anonymous>:8129:423) <- at shift (evalmachine.<anonymous>:2013:14) <- at solvePair (evalmachine.<anonymous>:2032:9) <- at resolveVisualContacts (evalmachine.<anonymous>:2059:43) <- at resolveVisualContacts (evalmachine.<anonymous>:3590:9) <- at evalmachine.<anonymous>:5385:68",
      "i": 1432
    },
    {
      "id": 60,
      "key": "y",
      "old": 6.0495175388027,
      "next": 6.049790580075169,
      "pileClock": 28.458333333333762,
      "state": "RESOLVING",
      "phase": "SETTLE",
      "d": 0.9930543340043894,
      "stack": "at Object.set [as y] (evalmachine.<anonymous>:8129:423) <- at shift (evalmachine.<anonymous>:2016:18) <- at solvePair (evalmachine.<anonymous>:2032:9) <- at resolveVisualContacts (evalmachine.<anonymous>:2059:43) <- at resolveVisualContacts (evalmachine.<anonymous>:3590:9) <- at evalmachine.<anonymous>:5385:68",
      "i": 1433
    },
    {
      "id": 58,
      "key": "x",
      "old": 4.969234251014647,
      "next": 4.983125583005869,
      "pileClock": 28.458333333333762,
      "state": "RESOLVING",
      "phase": "SETTLE",
      "d": 0.9999960017150334,
      "stack": "at Object.set [as x] (evalmachine.<anonymous>:8129:423) <- at shift (evalmachine.<anonymous>:2013:14) <- at solvePair (evalmachine.<anonymous>:2033:9) <- at resolveVisualContacts (evalmachine.<anonymous>:2059:43) <- at resolveVisualContacts (evalmachine.<anonymous>:3590:9) <- at evalmachine.<anonymous>:5385:68",
      "i": 1434
    },
    {
      "id": 58,
      "key": "x",
      "old": 4.983125583005869,
      "next": 4.983133579575802,
      "pileClock": 28.458333333333762,
      "state": "RESOLVING",
      "phase": "SETTLE",
      "d": 0.9999999977143712,
      "stack": "at Object.set [as x] (evalmachine.<anonymous>:8129:423) <- at shift (evalmachine.<anonymous>:2013:14) <- at solvePair (evalmachine.<anonymous>:2040:25) <- at resolveVisualContacts (evalmachine.<anonymous>:2059:43) <- at resolveVisualContacts (evalmachine.<anonymous>:3590:9) <- at evalmachine.<anonymous>:5385:68",
      "i": 1435
    },
    {
      "id": 60,
      "key": "x",
      "old": 2.9842768842564373,
      "next": 2.9842768796877928,
      "pileClock": 28.458333333333762,
      "state": "RESOLVING",
      "phase": "SETTLE",
      "d": 0.9999999999973876,
      "stack": "at Object.set [as x] (evalmachine.<anonymous>:8129:423) <- at shift (evalmachine.<anonymous>:2013:14) <- at solvePair (evalmachine.<anonymous>:2040:25) <- at resolveVisualContacts (evalmachine.<anonymous>:2059:43) <- at resolveVisualContacts (evalmachine.<anonymous>:3590:9) <- at evalmachine.<anonymous>:5385:68",
      "i": 1436
    },
    {
      "id": 60,
      "key": "y",
      "old": 6.049790580075169,
      "next": 6.049790580164395,
      "pileClock": 28.458333333333762,
      "state": "RESOLVING",
      "phase": "SETTLE",
      "d": 1,
      "stack": "at Object.set [as y] (evalmachine.<anonymous>:8129:423) <- at shift (evalmachine.<anonymous>:2016:18) <- at solvePair (evalmachine.<anonymous>:2040:25) <- at resolveVisualContacts (evalmachine.<anonymous>:2059:43) <- at resolveVisualContacts (evalmachine.<anonymous>:3590:9) <- at evalmachine.<anonymous>:5385:68",
      "i": 1437
    },
    {
      "id": 58,
      "key": "x",
      "old": 4.983133579575802,
      "next": 4.975581474360637,
      "pileClock": 28.458333333333762,
      "state": "RESOLVING",
      "phase": "SETTLE",
      "d": 0.9962261141525549,
      "stack": "at Object.set [as x] (evalmachine.<anonymous>:8129:423) <- at shift (evalmachine.<anonymous>:2013:14) <- at solvePair (evalmachine.<anonymous>:2032:9) <- at resolveVisualContacts (evalmachine.<anonymous>:2059:43) <- at resolveVisualContacts (evalmachine.<anonymous>:3590:9) <- at evalmachine.<anonymous>:5385:68",
      "i": 1438
    },
    {
      "id": 58,
      "key": "x",
      "old": 4.975581474360637,
      "next": 4.9718942284448575,
      "pileClock": 28.458333333333762,
      "state": "RESOLVING",
      "phase": "SETTLE",
      "d": 0.994383555072297,
      "stack": "at Object.set [as x] (evalmachine.<anonymous>:8129:423) <- at shift (evalmachine.<anonymous>:2013:14) <- at solvePair (evalmachine.<anonymous>:2040:25) <- at resolveVisualContacts (evalmachine.<anonymous>:2059:43) <- at resolveVisualContacts (evalmachine.<anonymous>:3590:9) <- at evalmachine.<anonymous>:5385:68",
      "i": 1439
    },
    {
      "id": 58,
      "key": "x",
      "old": 4.9718942284448575,
      "next": 4.970101618570116,
      "pileClock": 28.458333333333762,
      "state": "RESOLVING",
      "phase": "SETTLE",
      "d": 0.9934877687810081,
      "stack": "at Object.set [as x] (evalmachine.<anonymous>:8129:423) <- at shift (evalmachine.<anonymous>:2013:14) <- at solvePair (evalmachine.<anonymous>:2040:25) <- at resolveVisualContacts (evalmachine.<anonymous>:2059:43) <- at resolveVisualContacts (evalmachine.<anonymous>:3590:9) <- at evalmachine.<anonymous>:5385:68",
      "i": 1440
    },
    {
      "id": 58,
      "key": "x",
      "old": 4.970101618570116,
      "next": 4.969231922606872,
      "pileClock": 28.458333333333762,
      "state": "RESOLVING",
      "phase": "SETTLE",
      "d": 0.9930531727609935,
      "stack": "at Object.set [as x] (evalmachine.<anonymous>:8129:423) <- at shift (evalmachine.<anonymous>:2013:14) <- at solvePair (evalmachine.<anonymous>:2040:25) <- at resolveVisualContacts (evalmachine.<anonymous>:2059:43) <- at resolveVisualContacts (evalmachine.<anonymous>:3590:9) <- at evalmachine.<anonymous>:5385:68",
      "i": 1441
    },
    {
      "id": 60,
      "key": "x",
      "old": 2.9842768796877928,
      "next": 2.99811376256901,
      "pileClock": 28.458333333333762,
      "state": "RESOLVING",
      "phase": "SETTLE",
      "d": 0.986138769918294,
      "stack": "at Object.set [as x] (evalmachine.<anonymous>:8129:423) <- at shift (evalmachine.<anonymous>:2013:14) <- at solvePair (evalmachine.<anonymous>:2033:9) <- at resolveVisualContacts (evalmachine.<anonymous>:2059:43) <- at resolveVisualContacts (evalmachine.<anonymous>:3590:9) <- at evalmachine.<anonymous>:5385:68",
      "i": 1442
    },
    {
      "id": 60,
      "key": "y",
      "old": 6.049790580164395,
      "next": 6.0501377829330085,
      "pileClock": 28.458333333333762,
      "state": "RESOLVING",
      "phase": "SETTLE",
      "d": 0.9861491241663688,
      "stack": "at Object.set [as y] (evalmachine.<anonymous>:8129:423) <- at shift (evalmachine.<anonymous>:2016:18) <- at solvePair (evalmachine.<anonymous>:2033:9) <- at resolveVisualContacts (evalmachine.<anonymous>:2059:43) <- at resolveVisualContacts (evalmachine.<anonymous>:3590:9) <- at evalmachine.<anonymous>:5385:68",
      "i": 1443
    },
    {
      "id": 60,
      "key": "x",
      "old": 2.99811376256901,
      "next": 2.984271174151574,
      "pileClock": 28.458333333333762,
      "state": "RESOLVING",
      "phase": "SETTLE",
      "d": 0.993066306000455,
      "stack": "at Object.set [as x] (evalmachine.<anonymous>:8129:423) <- at shift (evalmachine.<anonymous>:2013:14) <- at solvePair (evalmachine.<anonymous>:2032:9) <- at resolveVisualContacts (evalmachine.<anonymous>:2059:43) <- at resolveVisualContacts (evalmachine.<anonymous>:3590:9) <- at evalmachine.<anonymous>:5385:68",
      "i": 1444
    },
    {
      "id": 60,
      "key": "y",
      "old": 6.0501377829330085,
      "next": 6.0504143736439495,
      "pileClock": 28.458333333333762,
      "state": "RESOLVING",
      "phase": "SETTLE",
      "d": 0.9930745620831845,
      "stack": "at Object.set [as y] (evalmachine.<anonymous>:8129:423) <- at shift (evalmachine.<anonymous>:2016:18) <- at solvePair (evalmachine.<anonymous>:2032:9) <- at resolveVisualContacts (evalmachine.<anonymous>:2059:43) <- at resolveVisualContacts (evalmachine.<anonymous>:3590:9) <- at evalmachine.<anonymous>:5385:68",
      "i": 1445
    },
    {
      "id": 58,
      "key": "x",
      "old": 4.969231922606872,
      "next": 4.9830827984405035,
      "pileClock": 28.458333333333762,
      "state": "RESOLVING",
      "phase": "SETTLE",
      "d": 0.999995884980429,
      "stack": "at Object.set [as x] (evalmachine.<anonymous>:8129:423) <- at shift (evalmachine.<anonymous>:2013:14) <- at solvePair (evalmachine.<anonymous>:2033:9) <- at resolveVisualContacts (evalmachine.<anonymous>:2059:43) <- at resolveVisualContacts (evalmachine.<anonymous>:3590:9) <- at evalmachine.<anonymous>:5385:68",
      "i": 1446
    },
    {
      "id": 58,
      "key": "x",
      "old": 4.9830827984405035,
      "next": 4.983091028479645,
      "pileClock": 28.458333333333762,
      "state": "RESOLVING",
      "phase": "SETTLE",
      "d": 0.9999999975718387,
      "stack": "at Object.set [as x] (evalmachine.<anonymous>:8129:423) <- at shift (evalmachine.<anonymous>:2013:14) <- at solvePair (evalmachine.<anonymous>:2040:25) <- at resolveVisualContacts (evalmachine.<anonymous>:2059:43) <- at resolveVisualContacts (evalmachine.<anonymous>:3590:9) <- at evalmachine.<anonymous>:5385:68",
      "i": 1447
    },
    {
      "id": 60,
      "key": "x",
      "old": 2.984271174151574,
      "next": 2.984271169298117,
      "pileClock": 28.458333333333762,
      "state": "RESOLVING",
      "phase": "SETTLE",
      "d": 0.9999999999971353,
      "stack": "at Object.set [as x] (evalmachine.<anonymous>:8129:423) <- at shift (evalmachine.<anonymous>:2013:14) <- at solvePair (evalmachine.<anonymous>:2040:25) <- at resolveVisualContacts (evalmachine.<anonymous>:2059:43) <- at resolveVisualContacts (evalmachine.<anonymous>:3590:9) <- at evalmachine.<anonymous>:5385:68",
      "i": 1448
    },
    {
      "id": 60,
      "key": "y",
      "old": 6.0504143736439495,
      "next": 6.050414373740255,
      "pileClock": 28.458333333333762,
      "state": "RESOLVING",
      "phase": "SETTLE",
      "d": 1,
      "stack": "at Object.set [as y] (evalmachine.<anonymous>:8129:423) <- at shift (evalmachine.<anonymous>:2016:18) <- at solvePair (evalmachine.<anonymous>:2040:25) <- at resolveVisualContacts (evalmachine.<anonymous>:2059:43) <- at resolveVisualContacts (evalmachine.<anonymous>:3590:9) <- at evalmachine.<anonymous>:5385:68",
      "i": 1449
    },
    {
      "id": 58,
      "key": "x",
      "old": 4.983091028479645,
      "next": 4.9755606399931525,
      "pileClock": 28.458333333333762,
      "state": "RESOLVING",
      "phase": "SETTLE",
      "d": 0.996237035880825,
      "stack": "at Object.set [as x] (evalmachine.<anonymous>:8129:423) <- at shift (evalmachine.<anonymous>:2013:14) <- at solvePair (evalmachine.<anonymous>:2032:9) <- at resolveVisualContacts (evalmachine.<anonymous>:2059:43) <- at resolveVisualContacts (evalmachine.<anonymous>:3590:9) <- at evalmachine.<anonymous>:5385:68",
      "i": 1450
    },
    {
      "id": 58,
      "key": "x",
      "old": 4.9755606399931525,
      "next": 4.971884085424137,
      "pileClock": 28.458333333333762,
      "state": "RESOLVING",
      "phase": "SETTLE",
      "d": 0.9943998535413857,
      "stack": "at Object.set [as x] (evalmachine.<anonymous>:8129:423) <- at shift (evalmachine.<anonymous>:2013:14) <- at solvePair (evalmachine.<anonymous>:2040:25) <- at resolveVisualContacts (evalmachine.<anonymous>:2059:43) <- at resolveVisualContacts (evalmachine.<anonymous>:3590:9) <- at evalmachine.<anonymous>:5385:68",
      "i": 1451
    },
    {
      "id": 58,
      "key": "x",
      "old": 4.971884085424137,
      "next": 4.970096694294966,
      "pileClock": 28.458333333333762,
      "state": "RESOLVING",
      "phase": "SETTLE",
      "d": 0.9935066917578547,
      "stack": "at Object.set [as x] (evalmachine.<anonymous>:8129:423) <- at shift (evalmachine.<anonymous>:2013:14) <- at solvePair (evalmachine.<anonymous>:2040:25) <- at resolveVisualContacts (evalmachine.<anonymous>:2059:43) <- at resolveVisualContacts (evalmachine.<anonymous>:3590:9) <- at evalmachine.<anonymous>:5385:68",
      "i": 1452
    },
    {
      "id": 58,
      "key": "x",
      "old": 4.970096694294966,
      "next": 4.969229535190827,
      "pileClock": 28.458333333333762,
      "state": "RESOLVING",
      "phase": "SETTLE",
      "d": 0.9930733715175573,
      "stack": "at Object.set [as x] (evalmachine.<anonymous>:8129:423) <- at shift (evalmachine.<anonymous>:2013:14) <- at solvePair (evalmachine.<anonymous>:2040:25) <- at resolveVisualContacts (evalmachine.<anonymous>:2059:43) <- at resolveVisualContacts (evalmachine.<anonymous>:3590:9) <- at evalmachine.<anonymous>:5385:68",
      "i": 1453
    },
    {
      "id": 60,
      "key": "x",
      "old": 2.984271169298117,
      "next": 2.998066261477736,
      "pileClock": 28.458333333333762,
      "state": "RESOLVING",
      "phase": "SETTLE",
      "d": 0.9861799813138632,
      "stack": "at Object.set [as x] (evalmachine.<anonymous>:8129:423) <- at shift (evalmachine.<anonymous>:2013:14) <- at solvePair (evalmachine.<anonymous>:2033:9) <- at resolveVisualContacts (evalmachine.<anonymous>:2059:43) <- at resolveVisualContacts (evalmachine.<anonymous>:3590:9) <- at evalmachine.<anonymous>:5385:68",
      "i": 1454
    },
    {
      "id": 60,
      "key": "y",
      "old": 6.050414373740255,
      "next": 6.05076486562044,
      "pileClock": 28.458333333333762,
      "state": "RESOLVING",
      "phase": "SETTLE",
      "d": 0.9861905999226296,
      "stack": "at Object.set [as y] (evalmachine.<anonymous>:8129:423) <- at shift (evalmachine.<anonymous>:2016:18) <- at solvePair (evalmachine.<anonymous>:2033:9) <- at resolveVisualContacts (evalmachine.<anonymous>:2059:43) <- at resolveVisualContacts (evalmachine.<anonymous>:3590:9) <- at evalmachine.<anonymous>:5385:68",
      "i": 1455
    },
    {
      "id": 60,
      "key": "x",
      "old": 2.998066261477736,
      "next": 2.9842653885700754,
      "pileClock": 28.458333333333762,
      "state": "RESOLVING",
      "phase": "SETTLE",
      "d": 0.9930868050222955,
      "stack": "at Object.set [as x] (evalmachine.<anonymous>:8129:423) <- at shift (evalmachine.<anonymous>:2013:14) <- at solvePair (evalmachine.<anonymous>:2032:9) <- at resolveVisualContacts (evalmachine.<anonymous>:2059:43) <- at resolveVisualContacts (evalmachine.<anonymous>:3590:9) <- at evalmachine.<anonymous>:5385:68",
      "i": 1456
    },
    {
      "id": 60,
      "key": "y",
      "old": 6.05076486562044,
      "next": 6.0510450069439905,
      "pileClock": 28.458333333333762,
      "state": "RESOLVING",
      "phase": "SETTLE",
      "d": 0.993095299961315,
      "stack": "at Object.set [as y] (evalmachine.<anonymous>:8129:423) <- at shift (evalmachine.<anonymous>:2016:18) <- at solvePair (evalmachine.<anonymous>:2032:9) <- at resolveVisualContacts (evalmachine.<anonymous>:2059:43) <- at resolveVisualContacts (evalmachine.<anonymous>:3590:9) <- at evalmachine.<anonymous>:5385:68",
      "i": 1457
    },
    {
      "id": 58,
      "key": "x",
      "old": 4.969229535190827,
      "next": 4.983038935268198,
      "pileClock": 28.458333333333762,
      "state": "RESOLVING",
      "phase": "SETTLE",
      "d": 0.9999957658449558,
      "stack": "at Object.set [as x] (evalmachine.<anonymous>:8129:423) <- at shift (evalmachine.<anonymous>:2013:14) <- at solvePair (evalmachine.<anonymous>:2033:9) <- at resolveVisualContacts (evalmachine.<anonymous>:2059:43) <- at resolveVisualContacts (evalmachine.<anonymous>:3590:9) <- at evalmachine.<anonymous>:5385:68",
      "i": 1458
    },
    {
      "id": 58,
      "key": "x",
      "old": 4.983038935268198,
      "next": 4.983047403578286,
      "pileClock": 28.458333333333762,
      "state": "RESOLVING",
      "phase": "SETTLE",
      "d": 0.9999999974214315,
      "stack": "at Object.set [as x] (evalmachine.<anonymous>:8129:423) <- at shift (evalmachine.<anonymous>:2013:14) <- at solvePair (evalmachine.<anonymous>:2040:25) <- at resolveVisualContacts (evalmachine.<anonymous>:2059:43) <- at resolveVisualContacts (evalmachine.<anonymous>:3590:9) <- at evalmachine.<anonymous>:5385:68",
      "i": 1459
    },
    {
      "id": 60,
      "key": "x",
      "old": 2.9842653885700754,
      "next": 2.984265383416079,
      "pileClock": 28.458333333333762,
      "state": "RESOLVING",
      "phase": "SETTLE",
      "d": 0.9999999999968603,
      "stack": "at Object.set [as x] (evalmachine.<anonymous>:8129:423) <- at shift (evalmachine.<anonymous>:2013:14) <- at solvePair (evalmachine.<anonymous>:2040:25) <- at resolveVisualContacts (evalmachine.<anonymous>:2059:43) <- at resolveVisualContacts (evalmachine.<anonymous>:3590:9) <- at evalmachine.<anonymous>:5385:68",
      "i": 1460
    },
    {
      "id": 60,
      "key": "y",
      "old": 6.0510450069439905,
      "next": 6.051045007047887,
      "pileClock": 28.458333333333762,
      "state": "RESOLVING",
      "phase": "SETTLE",
      "d": 1,
      "stack": "at Object.set [as y] (evalmachine.<anonymous>:8129:423) <- at shift (evalmachine.<anonymous>:2016:18) <- at solvePair (evalmachine.<anonymous>:2040:25) <- at resolveVisualContacts (evalmachine.<anonymous>:2059:43) <- at resolveVisualContacts (evalmachine.<anonymous>:3590:9) <- at evalmachine.<anonymous>:5385:68",
      "i": 1461
    },
    {
      "id": 58,
      "key": "x",
      "old": 4.983047403578286,
      "next": 4.975539280554217,
      "pileClock": 28.458333333333762,
      "state": "RESOLVING",
      "phase": "SETTLE",
      "d": 0.9962482332857598,
      "stack": "at Object.set [as x] (evalmachine.<anonymous>:8129:423) <- at shift (evalmachine.<anonymous>:2013:14) <- at solvePair (evalmachine.<anonymous>:2032:9) <- at resolveVisualContacts (evalmachine.<anonymous>:2059:43) <- at resolveVisualContacts (evalmachine.<anonymous>:3590:9) <- at evalmachine.<anonymous>:5385:68",
      "i": 1462
    },
    {
      "id": 58,
      "key": "x",
      "old": 4.975539280554217,
      "next": 4.97187368694348,
      "pileClock": 28.458333333333762,
      "state": "RESOLVING",
      "phase": "SETTLE",
      "d": 0.9944165631322919,
      "stack": "at Object.set [as x] (evalmachine.<anonymous>:8129:423) <- at shift (evalmachine.<anonymous>:2013:14) <- at solvePair (evalmachine.<anonymous>:2040:25) <- at resolveVisualContacts (evalmachine.<anonymous>:2059:43) <- at resolveVisualContacts (evalmachine.<anonymous>:3590:9) <- at evalmachine.<anonymous>:5385:68",
      "i": 1463
    },
    {
      "id": 58,
      "key": "x",
      "old": 4.97187368694348,
      "next": 4.970091646037381,
      "pileClock": 28.458333333333762,
      "state": "RESOLVING",
      "phase": "SETTLE",
      "d": 0.9935260919060923,
      "stack": "at Object.set [as x] (evalmachine.<anonymous>:8129:423) <- at shift (evalmachine.<anonymous>:2013:14) <- at solvePair (evalmachine.<anonymous>:2040:25) <- at resolveVisualContacts (evalmachine.<anonymous>:2059:43) <- at resolveVisualContacts (evalmachine.<anonymous>:3590:9) <- at evalmachine.<anonymous>:5385:68",
      "i": 1464
    },
    {
      "id": 58,
      "key": "x",
      "old": 4.970091646037381,
      "next": 4.969227087674138,
      "pileClock": 28.458333333333762,
      "state": "RESOLVING",
      "phase": "SETTLE",
      "d": 0.9930940795371987,
      "stack": "at Object.set [as x] (evalmachine.<anonymous>:8129:423) <- at shift (evalmachine.<anonymous>:2013:14) <- at solvePair (evalmachine.<anonymous>:2040:25) <- at resolveVisualContacts (evalmachine.<anonymous>:2059:43) <- at resolveVisualContacts (evalmachine.<anonymous>:3590:9) <- at evalmachine.<anonymous>:5385:68",
      "i": 1465
    }
  ]
}
